SUID,shared name,name,selected,id,herb_count,herbs,AverageShortestPathLength,ClusteringCoefficient,ClosenessCentrality,IsSingleNode,PartnerOfMultiEdgedNodePairs,SelfLoops,Eccentricity,Stress,Degree,BetweennessCentrality,NeighborhoodConnectivity,NumberOfDirectedEdges,NumberOfUndirectedEdges,Radiality,TopologicalCoefficient
258,GPR35,GPR35,False,GPR35,1,莲子,0.0,0.0,0.0,True,0,0,0,0,0,0.0,0.0,0,0,inf,0.0
261,GSTM1,GSTM1,False,GSTM1,9,乌梅;大枣;栀子;槐花;甘草;石榴皮;马齿苋;鱼腥草;黄芪,2.9647058823529413,1.0,0.33730158730158727,False,0,0,5,0,4,0.0,7.25,0,4,0.9666999002991026,0.48333333333333334
264,GSTP1,GSTP1,False,GSTP1,11,乌梅;党参;大枣;栀子;槐花;甘草;石榴皮;陈皮;马齿苋;鱼腥草;黄芪,2.1882352941176473,0.38095238095238093,0.4569892473118279,False,0,0,4,1640,7,0.027539594003773187,17.857142857142858,0,7,0.9798604187437687,0.2834467120181406
267,HIF1A,HIF1A,False,HIF1A,12,乌梅;大枣;山药;栀子;槐花;甘草;石榴皮;莲子;马齿苋;鱼腥草;黄芩;黄芪,1.6823529411764706,0.5953654188948306,0.5944055944055944,False,0,0,3,1152,34,0.01437858300248952,31.735294117647058,0,34,0.9884346959122633,0.4068627450980392
270,HMOX1,HMOX1,False,HMOX1,12,乌梅;党参;大枣;栀子;槐花;甘草;白扁豆;石榴皮;芡实;马齿苋;鱼腥草;黄芪,1.9176470588235295,0.6491228070175439,0.5214723926380368,False,0,0,4,380,19,0.0036816903969506052,33.578947368421055,0,19,0.9844466600199402,0.45376955903271693
273,HNF4A,HNF4A,False,HNF4A,1,蒲公英,2.1411764705882352,0.5714285714285714,0.46703296703296704,False,0,0,4,1224,7,0.016397536267785628,28.285714285714285,0,7,0.9806580259222333,0.4264069264069264
276,ICAM1,ICAM1,False,ICAM1,10,乌梅;党参;大枣;栀子;槐花;甘草;石榴皮;马齿苋;鱼腥草;黄芪,1.7176470588235293,0.6673387096774194,0.5821917808219178,False,0,0,3,700,32,0.006423265599852673,32.71875,0,32,0.9878364905284147,0.42491883116883117
279,IFNG,IFNG,False,IFNG,10,乌梅;党参;大枣;栀子;槐花;甘草;石榴皮;马齿苋;鱼腥草;黄芪,1.6235294117647059,0.5775978407557355,0.6159420289855072,False,0,0,3,1586,39,0.015777314537670478,30.58974358974359,0,39,0.9894317048853439,0.39217619986850755
282,IGF2,IGF2,False,IGF2,10,乌梅;大枣;栀子;槐花;甘草;石榴皮;马齿苋;鱼腥草;黄芩;黄芪,2.1294117647058823,0.6111111111111112,0.4696132596685083,False,0,0,4,50,9,0.0006087991263245575,26.22222222222222,0,9,0.9808574277168494,0.39730639730639733
285,IKBKB,IKBKB,False,IKBKB,8,乌梅;栀子;槐花;甘草;石榴皮;马齿苋;鱼腥草;黄芪,1.9176470588235295,0.8014705882352942,0.5214723926380368,False,0,0,4,212,17,0.0017562606871530215,37.294117647058826,0,17,0.9844466600199402,0.4907120743034056
288,IL10,IL10,False,IL10,10,乌梅;党参;大枣;栀子;槐花;甘草;石榴皮;马齿苋;鱼腥草;黄芪,1.5647058823529412,0.5158562367864693,0.6390977443609023,False,0,0,3,1940,44,0.021485629146367098,29.204545454545453,0,44,0.9904287138584248,0.3744172494172494
291,IL13,IL13,False,IL13,1,蒲公英,1.964705882352941,0.8051948051948052,0.5089820359281437,False,0,0,4,138,22,0.001197047128202591,34.18181818181818,0,22,0.9836490528414756,0.49538866930171277
294,IL1A,IL1A,False,IL1A,9,乌梅;大枣;栀子;槐花;甘草;石榴皮;马齿苋;鱼腥草;黄芪,1.7058823529411764,0.6221033868092691,0.5862068965517242,False,0,0,3,848,34,0.007658986984854061,31.352941176470587,0,34,0.9880358923230309,0.41253869969040247
297,IL1B,IL1B,False,IL1B,10,乌梅;大枣;栀子;槐花;甘草;石榴皮;蒲公英;马齿苋;鱼腥草;黄芪,1.411764705882353,0.4235690235690236,0.7083333333333333,False,0,0,3,4064,55,0.06495291427085255,26.836363636363636,0,55,0.9930209371884346,0.33545454545454545
300,IL2,IL2,False,IL2,10,乌梅;党参;大枣;栀子;槐花;甘草;石榴皮;马齿苋;鱼腥草;黄芪,1.776470588235294,0.7122507122507122,0.5629139072847682,False,0,0,3,608,27,0.005361086941868013,34.7037037037037,0,27,0.9868394815553341,0.4506974506974507
303,IL4,IL4,False,IL4,7,党参;甘草;石榴皮;葛根;蒲公英;马齿苋;黄芪,1.8,0.7466666666666667,0.5555555555555556,False,0,0,3,416,25,0.0030294468093380387,34.84,0,25,0.9864406779661018,0.45246753246753246
306,IL5,IL5,False,IL5,1,蒲公英,2.0941176470588236,0.9560439560439561,0.47752808988764045,False,0,0,4,24,14,0.00012659861409299348,36.357142857142854,0,14,0.9814556331006979,0.5508658008658008
309,IL6,IL6,False,IL6,12,乌梅;党参;大枣;栀子;槐花;甘草;石榴皮;蒲公英;马齿苋;鱼腥草;黄芩;黄芪,1.3647058823529412,0.40502630040911747,0.7327586206896551,False,0,0,3,4582,59,0.06717736568754305,26.406779661016948,0,59,0.9938185443668993,0.33008474576271185
312,JUN,JUN,False,JUN,1,蒲公英,1.5294117647058822,0.5016611295681063,0.6538461538461539,False,0,0,3,2988,43,0.041505281727682274,29.511627906976745,0,43,0.9910269192422732,0.3598979013045944
315,KDR,KDR,False,KDR,5,大枣;甘草;莲子;黄芩;黄芪,2.0470588235294116,0.6363636363636364,0.4885057471264368,False,0,0,4,130,12,0.0015868082499011088,32.0,0,12,0.9822532402791625,0.4507042253521127
318,MAPK1,MAPK1,False,MAPK1,12,乌梅;党参;大枣;栀子;槐花;甘草;石榴皮;蒲公英;陈皮;马齿苋;鱼腥草;黄芪,1.8941176470588235,0.847953216374269,0.5279503105590062,False,0,0,4,78,19,0.000608523717505534,37.8421052631579,0,19,0.9848454636091726,0.4979224376731302
321,MAPK3,MAPK3,False,MAPK3,3,甘草;蒲公英;陈皮,1.811764705882353,0.77,0.551948051948052,False,0,0,4,256,25,0.001903272319894711,37.44,0,25,0.9862412761714855,0.48623376623376624
324,MET,MET,False,MET,5,党参;石榴皮;莲子;马齿苋;黄芪,2.0,0.6666666666666666,0.5,False,0,0,3,108,12,0.001052194275294579,31.916666666666668,0,12,0.9830508474576272,0.4372146118721461
327,MMP1,MMP1,False,MMP1,14,乌梅;党参;大枣;栀子;槐花;甘草;白扁豆;石榴皮;芡实;蒲公英;马齿苋;鱼腥草;黄芩;黄芪,1.9529411764705882,0.8421052631578947,0.5120481927710844,False,0,0,4,108,19,0.0009036580478341676,36.21052631578947,0,19,0.9838484546360917,0.5029239766081871
330,MMP2,MMP2,False,MMP2,12,乌梅;党参;大枣;栀子;槐花;甘草;白扁豆;石榴皮;芡实;马齿苋;鱼腥草;黄芪,1.8588235294117648,0.6320346320346321,0.5379746835443038,False,0,0,3,394,22,0.004048599135320434,33.95454545454545,0,22,0.9854436689930209,0.4527272727272727
333,MMP3,MMP3,False,MMP3,9,乌梅;大枣;栀子;槐花;甘草;石榴皮;马齿苋;鱼腥草;黄芪,2.0470588235294116,0.8833333333333333,0.4885057471264368,False,0,0,4,42,16,0.0004137447869830839,37.25,0,16,0.9822532402791625,0.5477941176470589
336,MMP8,MMP8,False,MMP8,1,党参,2.376470588235294,0.6666666666666666,0.4207920792079208,False,0,0,4,2,3,2.8011204481792718e-05,29.0,0,3,0.9766699900299103,0.5272727272727272
339,MMP9,MMP9,False,MMP9,13,乌梅;党参;大枣;栀子;槐花;甘草;石榴皮;莲子;陈皮;马齿苋;鱼腥草;黄芩;黄芪,1.6,0.5705128205128205,0.625,False,0,0,3,1530,40,0.015461303222473593,31.55,0,40,0.9898305084745762,0.39936708860759496
342,MPO,MPO,False,MPO,11,乌梅;大枣;栀子;槐花;甘草;石榴皮;莲子;马齿苋;鱼腥草;黄芩;黄芪,2.1058823529411765,0.8363636363636363,0.4748603351955307,False,0,0,4,70,11,0.0015520837090091393,38.63636363636363,0,11,0.9812562313060817,0.5853994490358126
345,MTOR,MTOR,False,MTOR,1,山药,1.8588235294117648,0.670995670995671,0.5379746835443038,False,0,0,3,300,22,0.0031554863938731506,33.59090909090909,0,22,0.9854436689930209,0.4478787878787879
348,MYC,MYC,False,MYC,12,乌梅;大枣;栀子;槐花;甘草;白扁豆;石榴皮;芡实;蒲公英;马齿苋;鱼腥草;黄芪,1.6,0.46799431009957326,0.625,False,0,0,3,3684,38,0.06234964882793625,27.86842105263158,0,38,0.9898305084745762,0.3480263157894737
351,NFE2L2,NFE2L2,False,NFE2L2,9,乌梅;大枣;栀子;槐花;甘草;石榴皮;马齿苋;鱼腥草;黄芪,1.8823529411764706,0.7583333333333333,0.53125,False,0,0,3,562,16,0.006516318773273829,36.75,0,16,0.9850448654037887,0.4651898734177215
354,NFKB1,NFKB1,False,NFKB1,1,蒲公英,1.5647058823529412,0.5481727574750831,0.6390977443609023,False,0,0,3,1924,43,0.021812358616824817,30.88372093023256,0,43,0.9904287138584248,0.3909331763320577
357,NFKBIA,NFKBIA,False,NFKBIA,11,乌梅;党参;大枣;栀子;槐花;甘草;石榴皮;蒲公英;马齿苋;鱼腥草;黄芪,1.7882352941176471,0.7248677248677249,0.5592105263157895,False,0,0,4,528,28,0.004579619387102637,35.75,0,28,0.9866400797607179,0.47039473684210525
360,NOD2,NOD2,False,NOD2,1,莲子,2.164705882352941,0.6909090909090909,0.4619565217391305,False,0,0,4,1626,11,0.023709449591802528,33.54545454545455,0,11,0.980259222333001,0.5227272727272727
363,NOS2,NOS2,False,NOS2,16,乌梅;党参;大枣;山药;栀子;槐花;甘草;石榴皮;肉豆蔻;葛根;蒲公英;陈皮;马齿苋;鱼腥草;黄芩;黄芪,2.0823529411764707,0.8363636363636363,0.48022598870056493,False,0,0,4,36,11,0.0003919150052836793,40.81818181818182,0,11,0.981655034895314,0.5915678524374176
366,NOS3,NOS3,False,NOS3,9,乌梅;大枣;栀子;槐花;甘草;石榴皮;马齿苋;鱼腥草;黄芪,2.1294117647058823,0.5777777777777777,0.4696132596685083,False,0,0,4,74,10,0.0009005773937551429,30.6,0,10,0.9808574277168494,0.45
369,NR1I2,NR1I2,False,NR1I2,10,乌梅;大枣;山药;栀子;槐花;甘草;石榴皮;马齿苋;鱼腥草;黄芪,2.823529411764706,0.4,0.35416666666666663,False,0,0,5,256,6,0.006040725011254574,6.166666666666667,0,6,0.9690927218344966,0.3157894736842105
372,NR3C1,NR3C1,False,NR3C1,4,乌梅;党参;山药;蒲公英,2.0470588235294116,0.9818181818181818,0.4885057471264368,False,0,0,4,2,11,1.0773540185304892e-05,42.0,0,11,0.9822532402791625,0.5915492957746479
375,ODC1,ODC1,False,ODC1,10,乌梅;大枣;栀子;槐花;甘草;石榴皮;蒲公英;马齿苋;鱼腥草;黄芪,2.588235294117647,0.0,0.38636363636363635,False,0,0,4,0,1,0.0,38.0,0,1,0.9730807577268196,0.0
378,PLAU,PLAU,False,PLAU,17,乌梅;党参;大枣;姜黄;山药;栀子;槐花;甘草;生姜;石榴皮;砂仁;莲子;薏苡仁;马齿苋;鱼腥草;黄芩;黄芪,2.011764705882353,0.7272727272727273,0.4970760233918129,False,0,0,3,88,11,0.0008307492097168718,34.54545454545455,0,11,0.9828514456630109,0.47322540473225405
381,PPARA,PPARA,False,PPARA,10,乌梅;大枣;栀子;槐花;甘草;石榴皮;陈皮;马齿苋;鱼腥草;黄芪,1.988235294117647,0.8444444444444444,0.5029585798816568,False,0,0,3,42,10,0.0003705307799595795,39.1,0,10,0.9832502492522434,0.5144736842105263
384,PPARG,PPARG,False,PPARG,13,乌梅;党参;大枣;栀子;槐花;甘草;石榴皮;葛根;蒲公英;陈皮;马齿苋;鱼腥草;黄芪,1.8588235294117648,0.7391304347826086,0.5379746835443038,False,0,0,4,200,23,0.0019259201636590065,36.65217391304348,0,23,0.9854436689930209,0.48869565217391303
387,PTGS1,PTGS1,False,PTGS1,21,乌梅;党参;大枣;姜黄;山药;栀子;槐花;甘草;生姜;石榴皮;砂仁;肉豆蔻;茯苓;葛根;蒲公英;薏苡仁;陈皮;马齿苋;鱼腥草;黄芩;黄芪,2.1411764705882352,0.6,0.46703296703296704,False,0,0,3,300,5,0.003312421545614574,32.6,0,5,0.9806580259222333,0.47941176470588237
390,PTGS2,PTGS2,False,PTGS2,23,乌梅;党参;大枣;姜黄;山药;栀子;槐花;甘草;生姜;白扁豆;石榴皮;砂仁;肉豆蔻;芡实;茯苓;葛根;蒲公英;薏苡仁;陈皮;马齿苋;鱼腥草;黄芩;黄芪,1.588235294117647,0.534850640113798,0.6296296296296297,False,0,0,3,3488,38,0.05978316449839377,31.07894736842105,0,38,0.9900299102691924,0.37901155327342745
393,RB1,RB1,False,RB1,10,乌梅;党参;大枣;栀子;槐花;甘草;石榴皮;马齿苋;鱼腥草;黄芪,2.211764705882353,0.7142857142857143,0.45212765957446804,False,0,0,4,1570,8,0.02108129165569597,25.875,0,8,0.9794616151545364,0.42916666666666664
396,RELA,RELA,False,RELA,14,乌梅;党参;大枣;山药;栀子;槐花;甘草;石榴皮;蒲公英;陈皮;马齿苋;鱼腥草;黄芩;黄芪,1.7529411764705882,0.6758620689655173,0.5704697986577181,False,0,0,4,444,30,0.004151380425264346,34.46666666666667,0,30,0.9872382851445664,0.44761904761904764
399,RORC,RORC,False,RORC,1,蒲公英,2.235294117647059,1.0,0.4473684210526316,False,0,0,4,0,5,0.0,46.2,0,5,0.9790628115653041,0.7107692307692308
402,SIRT1,SIRT1,False,SIRT1,2,莲子;蒲公英,1.811764705882353,0.5292307692307693,0.551948051948052,False,0,0,4,1204,26,0.018353120051183735,28.884615384615383,0,26,0.9862412761714855,0.3800607287449393
405,SLC6A4,SLC6A4,False,SLC6A4,17,乌梅;党参;大枣;山药;栀子;槐花;甘草;生姜;石榴皮;砂仁;肉豆蔻;莲子;葛根;蒲公英;马齿苋;黄芩;黄芪,0.0,0.0,0.0,True,0,0,0,0,0,0.0,0.0,0,0,inf,0.0
408,STAT1,STAT1,False,STAT1,9,乌梅;大枣;栀子;槐花;甘草;石榴皮;马齿苋;鱼腥草;黄芪,1.6823529411764706,0.6047619047619047,0.5944055944055944,False,0,0,3,960,36,0.009198386692566911,32.5,0,36,0.9884346959122633,0.4276315789473684
155,ABCC2,ABCC2,False,ABCC2,1,山药,3.2588235294117647,1.0,0.30685920577617326,False,0,0,5,0,3,0.0,6.333333333333333,0,3,0.961714855433699,0.6333333333333333
411,STAT3,STAT3,False,STAT3,1,甘草,1.4823529411764707,0.46901960784313723,0.6746031746031745,False,0,0,3,2732,51,0.04051602863426074,28.392156862745097,0,51,0.9918245264207377,0.3640020110608346
414,TCF7L2,TCF7L2,False,TCF7L2,1,蒲公英,2.5176470588235293,1.0,0.397196261682243,False,0,0,4,0,3,0.0,23.0,0,3,0.9742771684945165,0.575
417,TGFB1,TGFB1,False,TGFB1,1,蒲公英,1.7058823529411764,0.625,0.5862068965517242,False,0,0,3,898,33,0.008477408009988962,33.0,0,33,0.9880358923230309,0.42857142857142855
162,ABCG2,ABCG2,False,ABCG2,10,乌梅;大枣;栀子;槐花;甘草;石榴皮;莲子;马齿苋;鱼腥草;黄芪,2.4235294117647057,0.4,0.412621359223301,False,0,0,4,1298,5,0.015069085910786463,12.4,0,5,0.9758723828514457,0.2772727272727273
420,TIMP1,TIMP1,False,TIMP1,1,陈皮,1.9176470588235295,0.7619047619047619,0.5214723926380368,False,0,0,4,312,21,0.004688369485872917,34.476190476190474,0,21,0.9844466600199402,0.47883597883597884
165,ADIPOQ,ADIPOQ,False,ADIPOQ,2,甘草;陈皮,2.0470588235294116,0.8444444444444444,0.4885057471264368,False,0,0,3,36,10,0.00030853295270675326,38.0,0,10,0.9822532402791625,0.5352112676056338
423,TNF,TNF,False,TNF,12,乌梅;党参;大枣;栀子;槐花;甘草;石榴皮;蒲公英;马齿苋;鱼腥草;黄芩;黄芪,1.423529411764706,0.4528301886792453,0.7024793388429752,False,0,0,3,3176,54,0.03903378801903534,27.666666666666668,0,54,0.9928215353938186,0.3458333333333333
168,AHR,AHR,False,AHR,11,乌梅;大枣;栀子;槐花;甘草;石榴皮;莲子;马齿苋;鱼腥草;黄芩;黄芪,3.0,0.0,0.3333333333333333,False,0,0,5,68,2,0.001551395992517208,7.0,0,2,0.9661016949152542,0.5
426,TP53,TP53,False,TP53,14,乌梅;党参;大枣;山药;栀子;槐花;甘草;石榴皮;蒲公英;陈皮;马齿苋;鱼腥草;黄芩;黄芪,1.4588235294117646,0.4163265306122449,0.685483870967742,False,0,0,3,4812,50,0.07500109831021631,26.7,0,50,0.9922233300099701,0.3296296296296296
171,AKT1,AKT1,False,AKT1,15,乌梅;党参;大枣;山药;栀子;槐花;甘草;白扁豆;石榴皮;芡实;陈皮;马齿苋;鱼腥草;黄芩;黄芪,1.5529411764705883,0.5126849894291755,0.6439393939393939,False,0,0,3,1872,44,0.02276666341512912,29.59090909090909,0,44,0.9906281156530409,0.37456846950517836
429,VCAM1,VCAM1,False,VCAM1,9,乌梅;大枣;栀子;槐花;甘草;石榴皮;马齿苋;鱼腥草;黄芪,1.988235294117647,0.8596491228070176,0.5029585798816568,False,0,0,4,86,19,0.0009951640719912276,37.1578947368421,0,19,0.9832502492522434,0.5385202135774219
174,ALB,ALB,False,ALB,1,蒲公英,1.6941176470588235,0.544973544973545,0.5902777777777778,False,0,0,3,4192,28,0.06011109062964961,31.678571428571427,0,28,0.988235294117647,0.3816695352839931
432,VEGFA,VEGFA,False,VEGFA,1,莲子,0.0,0.0,0.0,True,0,0,0,0,0,0.0,0.0,0,0,inf,0.0
177,ALOX5,ALOX5,False,ALOX5,10,乌梅;大枣;栀子;槐花;甘草;石榴皮;莲子;马齿苋;鱼腥草;黄芪,2.4705882352941178,1.0,0.40476190476190477,False,0,0,4,0,3,0.0,17.0,0,3,0.9750747756729811,0.3953488372093023
435,XIST,XIST,False,XIST,1,蒲公英,0.0,0.0,0.0,True,0,0,0,0,0,0.0,0.0,0,0,inf,0.0
180,APEX1,APEX1,False,APEX1,1,莲子,2.235294117647059,1.0,0.4473684210526316,False,0,0,4,0,4,0.0,40.25,0,4,0.9790628115653041,0.6192307692307693
183,BAX,BAX,False,BAX,16,乌梅;大枣;栀子;槐花;甘草;生姜;石榴皮;砂仁;肉豆蔻;葛根;蒲公英;陈皮;马齿苋;鱼腥草;黄芩;黄芪,2.2705882352941176,0.8571428571428571,0.44041450777202074,False,0,0,4,8,7,7.747013859699898e-05,33.57142857142857,0,7,0.9784646061814556,0.5690072639225182
186,BCL2,BCL2,False,BCL2,18,乌梅;大枣;栀子;槐花;甘草;生姜;白扁豆;石榴皮;砂仁;肉豆蔻;芡实;葛根;蒲公英;陈皮;马齿苋;鱼腥草;黄芩;黄芪,1.6352941176470588,0.5420420420420421,0.6115107913669064,False,0,0,3,1366,37,0.01420197043350537,30.405405405405407,0,37,0.9892323030907278,0.3848785494355115
189,BIRC5,BIRC5,False,BIRC5,10,乌梅;党参;大枣;栀子;槐花;甘草;石榴皮;马齿苋;鱼腥草;黄芪,2.176470588235294,0.8571428571428571,0.4594594594594595,False,0,0,4,18,7,0.00014968713510373302,32.714285714285715,0,7,0.9800598205383848,0.49567099567099565
192,CASP1,CASP1,False,CASP1,1,蒲公英,2.011764705882353,0.7912087912087912,0.4970760233918129,False,0,0,4,132,14,0.0009574319117651811,39.857142857142854,0,14,0.9828514456630109,0.5459882583170255
195,CASP3,CASP3,False,CASP3,20,乌梅;党参;大枣;栀子;槐花;甘草;生姜;白扁豆;石榴皮;砂仁;肉豆蔻;芡实;莲子;葛根;蒲公英;陈皮;马齿苋;鱼腥草;黄芩;黄芪,1.6,0.5276653171390013,0.625,False,0,0,3,2296,39,0.025290114181313363,30.487179487179485,0,39,0.9898305084745762,0.38108974358974357
198,CASP8,CASP8,False,CASP8,17,乌梅;大枣;栀子;槐花;甘草;生姜;白扁豆;石榴皮;砂仁;肉豆蔻;芡实;葛根;蒲公英;马齿苋;鱼腥草;黄芩;黄芪,1.8705882352941177,0.6947368421052632,0.5345911949685535,False,0,0,4,320,20,0.002846527673702993,33.95,0,20,0.9852442671984049,0.4409090909090909
201,CAT,CAT,False,CAT,5,大枣;山药;甘草;石榴皮;陈皮,0.0,0.0,0.0,True,0,0,0,0,0,0.0,0.0,0,0,inf,0.0
204,CCL2,CCL2,False,CCL2,11,乌梅;大枣;栀子;槐花;甘草;石榴皮;蒲公英;马齿苋;鱼腥草;黄芩;黄芪,1.6941176470588235,0.5900900900900901,0.5902777777777778,False,0,0,4,966,37,0.01025356979705589,30.486486486486488,0,37,0.988235294117647,0.4064864864864865
207,CCND1,CCND1,False,CCND1,11,乌梅;党参;大枣;栀子;槐花;甘草;石榴皮;马齿苋;鱼腥草;黄芩;黄芪,1.811764705882353,0.5833333333333334,0.551948051948052,False,0,0,3,1210,24,0.014353824155517204,29.416666666666668,0,24,0.9862412761714855,0.38203463203463206
210,CD40LG,CD40LG,False,CD40LG,10,乌梅;党参;大枣;栀子;槐花;甘草;石榴皮;马齿苋;鱼腥草;黄芪,2.1294117647058823,0.9010989010989011,0.4696132596685083,False,0,0,4,22,14,0.00021937705411094764,35.714285714285715,0,14,0.9808574277168494,0.5494505494505495
213,CDK4,CDK4,False,CDK4,4,党参;甘草;石榴皮;马齿苋,2.1176470588235294,0.8,0.4722222222222222,False,0,0,4,84,10,0.0007582826813032097,30.7,0,10,0.9810568295114656,0.46515151515151515
216,CDKN1A,CDKN1A,False,CDKN1A,12,乌梅;党参;大枣;山药;栀子;槐花;甘草;石榴皮;马齿苋;鱼腥草;黄芩;黄芪,1.9411764705882353,0.6862745098039216,0.5151515151515151,False,0,0,4,390,18,0.0047373910841959485,30.944444444444443,0,18,0.9840478564307079,0.423896499238965
219,CHEK2,CHEK2,False,CHEK2,9,乌梅;大枣;栀子;槐花;甘草;石榴皮;马齿苋;鱼腥草;黄芪,2.376470588235294,1.0,0.4207920792079208,False,0,0,4,0,3,0.0,31.333333333333332,0,3,0.9766699900299103,0.5802469135802469
222,CHRNA7,CHRNA7,False,CHRNA7,2,莲子;蒲公英,0.0,0.0,0.0,True,0,0,0,0,0,0.0,0.0,0,0,inf,0.0
225,CHUK,CHUK,False,CHUK,9,乌梅;大枣;栀子;槐花;甘草;石榴皮;马齿苋;鱼腥草;黄芪,1.9764705882352942,0.7904761904761904,0.5059523809523809,False,0,0,4,164,15,0.0013955129949070075,36.13333333333333,0,15,0.9834496510468594,0.4817777777777778
228,CXCL10,CXCL10,False,CXCL10,9,乌梅;大枣;栀子;槐花;甘草;石榴皮;马齿苋;鱼腥草;黄芪,2.011764705882353,0.8354978354978355,0.4970760233918129,False,0,0,4,86,22,0.0008340914495311792,34.18181818181818,0,22,0.9828514456630109,0.5101763907734057
231,CXCL8,CXCL8,False,CXCL8,10,乌梅;大枣;栀子;槐花;甘草;石榴皮;马齿苋;鱼腥草;黄芩;黄芪,1.6588235294117648,0.6231231231231231,0.6028368794326241,False,0,0,3,1064,37,0.009628451020455531,32.189189189189186,0,37,0.9888334995014956,0.41804141804141803
234,CYP1A2,CYP1A2,False,CYP1A2,12,乌梅;大枣;栀子;槐花;甘草;白扁豆;石榴皮;芡实;马齿苋;鱼腥草;黄芩;黄芪,2.9058823529411764,0.5333333333333333,0.3441295546558705,False,0,0,5,94,6,0.0038378324162293364,5.833333333333333,0,6,0.9676969092721834,0.3541666666666667
237,CYP2C9,CYP2C9,False,CYP2C9,1,莲子,2.3529411764705883,0.39285714285714285,0.425,False,0,0,4,1014,8,0.01721192412131342,9.625,0,8,0.9770687936191426,0.20052083333333334
240,CYP3A4,CYP3A4,False,CYP3A4,12,乌梅;大枣;栀子;槐花;甘草;白扁豆;石榴皮;芡实;莲子;马齿苋;鱼腥草;黄芪,2.4352941176470586,0.42857142857142855,0.41062801932367154,False,0,0,4,1402,8,0.019518858040781864,8.375,0,8,0.9756729810568294,0.20426829268292682
243,DUOX2,DUOX2,False,DUOX2,9,乌梅;大枣;栀子;槐花;甘草;石榴皮;马齿苋;鱼腥草;黄芪,3.152941176470588,0.0,0.31716417910447764,False,0,0,5,0,1,0.0,11.0,0,1,0.9635094715852442,0.0
246,EGFR,EGFR,False,EGFR,11,乌梅;党参;大枣;栀子;槐花;甘草;石榴皮;莲子;马齿苋;鱼腥草;黄芪,1.576470588235294,0.5435897435897435,0.6343283582089553,False,0,0,3,2496,40,0.03427533547438315,31.35,0,40,0.9902293120638086,0.387037037037037
249,ERBB2,ERBB2,False,ERBB2,10,乌梅;党参;大枣;栀子;槐花;甘草;石榴皮;马齿苋;鱼腥草;黄芪,1.8588235294117648,0.5882352941176471,0.5379746835443038,False,0,0,3,1086,17,0.015574097338563993,31.529411764705884,0,17,0.9854436689930209,0.3983618763961281
252,FASLG,FASLG,False,FASLG,1,黄芩,1.9764705882352942,0.780952380952381,0.5059523809523809,False,0,0,4,102,15,0.0007183675723724205,38.333333333333336,0,15,0.9834496510468594,0.5251141552511416
255,GLS,GLS,False,GLS,1,蒲公英,0.0,0.0,0.0,True,0,0,0,0,0,0.0,0.0,0,0,inf,0.0
