id,name,herb_count,herbs
ABCC2,ABCC2,1,山药
ABCG2,ABCG2,10,乌梅;大枣;栀子;槐花;甘草;石榴皮;莲子;马齿苋;鱼腥草;黄芪
ADIPOQ,ADIPOQ,2,甘草;陈皮
AHR,AHR,11,乌梅;大枣;栀子;槐花;甘草;石榴皮;莲子;马齿苋;鱼腥草;黄芩;黄芪
AKT1,AKT1,15,乌梅;党参;大枣;山药;栀子;槐花;甘草;白扁豆;石榴皮;芡实;陈皮;马齿苋;鱼腥草;黄芩;黄芪
ALB,ALB,1,蒲公英
ALOX5,ALOX5,10,乌梅;大枣;栀子;槐花;甘草;石榴皮;莲子;马齿苋;鱼腥草;黄芪
APEX1,APEX1,1,莲子
BAX,BAX,16,乌梅;大枣;栀子;槐花;甘草;生姜;石榴皮;砂仁;肉豆蔻;葛根;蒲公英;陈皮;马齿苋;鱼腥草;黄芩;黄芪
BCL2,BCL2,18,乌梅;大枣;栀子;槐花;甘草;生姜;白扁豆;石榴皮;砂仁;肉豆蔻;芡实;葛根;蒲公英;陈皮;马齿苋;鱼腥草;黄芩;黄芪
BIRC5,BIRC5,10,乌梅;党参;大枣;栀子;槐花;甘草;石榴皮;马齿苋;鱼腥草;黄芪
CASP1,CASP1,1,蒲公英
CASP3,CASP3,20,乌梅;党参;大枣;栀子;槐花;甘草;生姜;白扁豆;石榴皮;砂仁;肉豆蔻;芡实;莲子;葛根;蒲公英;陈皮;马齿苋;鱼腥草;黄芩;黄芪
CASP8,CASP8,17,乌梅;大枣;栀子;槐花;甘草;生姜;白扁豆;石榴皮;砂仁;肉豆蔻;芡实;葛根;蒲公英;马齿苋;鱼腥草;黄芩;黄芪
CAT,CAT,5,大枣;山药;甘草;石榴皮;陈皮
CCL2,CCL2,11,乌梅;大枣;栀子;槐花;甘草;石榴皮;蒲公英;马齿苋;鱼腥草;黄芩;黄芪
CCND1,CCND1,11,乌梅;党参;大枣;栀子;槐花;甘草;石榴皮;马齿苋;鱼腥草;黄芩;黄芪
CD40LG,CD40LG,10,乌梅;党参;大枣;栀子;槐花;甘草;石榴皮;马齿苋;鱼腥草;黄芪
CDK4,CDK4,4,党参;甘草;石榴皮;马齿苋
CDKN1A,CDKN1A,12,乌梅;党参;大枣;山药;栀子;槐花;甘草;石榴皮;马齿苋;鱼腥草;黄芩;黄芪
CHEK2,CHEK2,9,乌梅;大枣;栀子;槐花;甘草;石榴皮;马齿苋;鱼腥草;黄芪
CHRNA7,CHRNA7,2,莲子;蒲公英
CHUK,CHUK,9,乌梅;大枣;栀子;槐花;甘草;石榴皮;马齿苋;鱼腥草;黄芪
CXCL10,CXCL10,9,乌梅;大枣;栀子;槐花;甘草;石榴皮;马齿苋;鱼腥草;黄芪
CXCL8,CXCL8,10,乌梅;大枣;栀子;槐花;甘草;石榴皮;马齿苋;鱼腥草;黄芩;黄芪
CYP1A2,CYP1A2,12,乌梅;大枣;栀子;槐花;甘草;白扁豆;石榴皮;芡实;马齿苋;鱼腥草;黄芩;黄芪
CYP2C9,CYP2C9,1,莲子
CYP3A4,CYP3A4,12,乌梅;大枣;栀子;槐花;甘草;白扁豆;石榴皮;芡实;莲子;马齿苋;鱼腥草;黄芪
DUOX2,DUOX2,9,乌梅;大枣;栀子;槐花;甘草;石榴皮;马齿苋;鱼腥草;黄芪
EGFR,EGFR,11,乌梅;党参;大枣;栀子;槐花;甘草;石榴皮;莲子;马齿苋;鱼腥草;黄芪
ERBB2,ERBB2,10,乌梅;党参;大枣;栀子;槐花;甘草;石榴皮;马齿苋;鱼腥草;黄芪
FASLG,FASLG,1,黄芩
GLS,GLS,1,蒲公英
GPR35,GPR35,1,莲子
GSTM1,GSTM1,9,乌梅;大枣;栀子;槐花;甘草;石榴皮;马齿苋;鱼腥草;黄芪
GSTP1,GSTP1,11,乌梅;党参;大枣;栀子;槐花;甘草;石榴皮;陈皮;马齿苋;鱼腥草;黄芪
HIF1A,HIF1A,12,乌梅;大枣;山药;栀子;槐花;甘草;石榴皮;莲子;马齿苋;鱼腥草;黄芩;黄芪
HMOX1,HMOX1,12,乌梅;党参;大枣;栀子;槐花;甘草;白扁豆;石榴皮;芡实;马齿苋;鱼腥草;黄芪
HNF4A,HNF4A,1,蒲公英
ICAM1,ICAM1,10,乌梅;党参;大枣;栀子;槐花;甘草;石榴皮;马齿苋;鱼腥草;黄芪
IFNG,IFNG,10,乌梅;党参;大枣;栀子;槐花;甘草;石榴皮;马齿苋;鱼腥草;黄芪
IGF2,IGF2,10,乌梅;大枣;栀子;槐花;甘草;石榴皮;马齿苋;鱼腥草;黄芩;黄芪
IKBKB,IKBKB,8,乌梅;栀子;槐花;甘草;石榴皮;马齿苋;鱼腥草;黄芪
IL10,IL10,10,乌梅;党参;大枣;栀子;槐花;甘草;石榴皮;马齿苋;鱼腥草;黄芪
IL13,IL13,1,蒲公英
IL1A,IL1A,9,乌梅;大枣;栀子;槐花;甘草;石榴皮;马齿苋;鱼腥草;黄芪
IL1B,IL1B,10,乌梅;大枣;栀子;槐花;甘草;石榴皮;蒲公英;马齿苋;鱼腥草;黄芪
IL2,IL2,10,乌梅;党参;大枣;栀子;槐花;甘草;石榴皮;马齿苋;鱼腥草;黄芪
IL4,IL4,7,党参;甘草;石榴皮;葛根;蒲公英;马齿苋;黄芪
IL5,IL5,1,蒲公英
IL6,IL6,12,乌梅;党参;大枣;栀子;槐花;甘草;石榴皮;蒲公英;马齿苋;鱼腥草;黄芩;黄芪
JUN,JUN,1,蒲公英
KDR,KDR,5,大枣;甘草;莲子;黄芩;黄芪
MAPK1,MAPK1,12,乌梅;党参;大枣;栀子;槐花;甘草;石榴皮;蒲公英;陈皮;马齿苋;鱼腥草;黄芪
MAPK3,MAPK3,3,甘草;蒲公英;陈皮
MET,MET,5,党参;石榴皮;莲子;马齿苋;黄芪
MMP1,MMP1,14,乌梅;党参;大枣;栀子;槐花;甘草;白扁豆;石榴皮;芡实;蒲公英;马齿苋;鱼腥草;黄芩;黄芪
MMP2,MMP2,12,乌梅;党参;大枣;栀子;槐花;甘草;白扁豆;石榴皮;芡实;马齿苋;鱼腥草;黄芪
MMP3,MMP3,9,乌梅;大枣;栀子;槐花;甘草;石榴皮;马齿苋;鱼腥草;黄芪
MMP8,MMP8,1,党参
MMP9,MMP9,13,乌梅;党参;大枣;栀子;槐花;甘草;石榴皮;莲子;陈皮;马齿苋;鱼腥草;黄芩;黄芪
MPO,MPO,11,乌梅;大枣;栀子;槐花;甘草;石榴皮;莲子;马齿苋;鱼腥草;黄芩;黄芪
MTOR,MTOR,1,山药
MYC,MYC,12,乌梅;大枣;栀子;槐花;甘草;白扁豆;石榴皮;芡实;蒲公英;马齿苋;鱼腥草;黄芪
NFE2L2,NFE2L2,9,乌梅;大枣;栀子;槐花;甘草;石榴皮;马齿苋;鱼腥草;黄芪
NFKB1,NFKB1,1,蒲公英
NFKBIA,NFKBIA,11,乌梅;党参;大枣;栀子;槐花;甘草;石榴皮;蒲公英;马齿苋;鱼腥草;黄芪
NOD2,NOD2,1,莲子
NOS2,NOS2,16,乌梅;党参;大枣;山药;栀子;槐花;甘草;石榴皮;肉豆蔻;葛根;蒲公英;陈皮;马齿苋;鱼腥草;黄芩;黄芪
NOS3,NOS3,9,乌梅;大枣;栀子;槐花;甘草;石榴皮;马齿苋;鱼腥草;黄芪
NR1I2,NR1I2,10,乌梅;大枣;山药;栀子;槐花;甘草;石榴皮;马齿苋;鱼腥草;黄芪
NR3C1,NR3C1,4,乌梅;党参;山药;蒲公英
ODC1,ODC1,10,乌梅;大枣;栀子;槐花;甘草;石榴皮;蒲公英;马齿苋;鱼腥草;黄芪
PLAU,PLAU,17,乌梅;党参;大枣;姜黄;山药;栀子;槐花;甘草;生姜;石榴皮;砂仁;莲子;薏苡仁;马齿苋;鱼腥草;黄芩;黄芪
PPARA,PPARA,10,乌梅;大枣;栀子;槐花;甘草;石榴皮;陈皮;马齿苋;鱼腥草;黄芪
PPARG,PPARG,13,乌梅;党参;大枣;栀子;槐花;甘草;石榴皮;葛根;蒲公英;陈皮;马齿苋;鱼腥草;黄芪
PTGS1,PTGS1,21,乌梅;党参;大枣;姜黄;山药;栀子;槐花;甘草;生姜;石榴皮;砂仁;肉豆蔻;茯苓;葛根;蒲公英;薏苡仁;陈皮;马齿苋;鱼腥草;黄芩;黄芪
PTGS2,PTGS2,23,乌梅;党参;大枣;姜黄;山药;栀子;槐花;甘草;生姜;白扁豆;石榴皮;砂仁;肉豆蔻;芡实;茯苓;葛根;蒲公英;薏苡仁;陈皮;马齿苋;鱼腥草;黄芩;黄芪
RB1,RB1,10,乌梅;党参;大枣;栀子;槐花;甘草;石榴皮;马齿苋;鱼腥草;黄芪
RELA,RELA,14,乌梅;党参;大枣;山药;栀子;槐花;甘草;石榴皮;蒲公英;陈皮;马齿苋;鱼腥草;黄芩;黄芪
RORC,RORC,1,蒲公英
SIRT1,SIRT1,2,莲子;蒲公英
SLC6A4,SLC6A4,17,乌梅;党参;大枣;山药;栀子;槐花;甘草;生姜;石榴皮;砂仁;肉豆蔻;莲子;葛根;蒲公英;马齿苋;黄芩;黄芪
STAT1,STAT1,9,乌梅;大枣;栀子;槐花;甘草;石榴皮;马齿苋;鱼腥草;黄芪
STAT3,STAT3,1,甘草
TCF7L2,TCF7L2,1,蒲公英
TGFB1,TGFB1,1,蒲公英
TIMP1,TIMP1,1,陈皮
TNF,TNF,12,乌梅;党参;大枣;栀子;槐花;甘草;石榴皮;蒲公英;马齿苋;鱼腥草;黄芩;黄芪
TP53,TP53,14,乌梅;党参;大枣;山药;栀子;槐花;甘草;石榴皮;蒲公英;陈皮;马齿苋;鱼腥草;黄芩;黄芪
VCAM1,VCAM1,9,乌梅;大枣;栀子;槐花;甘草;石榴皮;马齿苋;鱼腥草;黄芪
VEGFA,VEGFA,1,莲子
XIST,XIST,1,蒲公英
