herb_name,data_source,active_ingredient_count,raw_target_name_count,mapped_gene_count,disease_target_count,genecards_uc_target_count,barrier_target_count,barrier_pathway_count,mapping_rate,disease_gene_symbols,uc_gene_symbols
黄芩,TCMSP exact match,36,124,87,27,27,2,3,0.7016,AHR;AKT1;BAX;BCL2;CASP3;CASP8;CCL2;CCND1;CDKN1A;CXCL8;CYP1A2;FASLG;HIF1A;IGF2;IL6;KDR;MMP1;MMP9;MPO;NOS2;PLAU;PTGS1;PTGS2;RELA;SLC6A4;TNF;TP53,AHR;AKT1;BAX;BCL2;CASP3;CASP8;CCL2;CCND1;CDKN1A;CXCL8;CYP1A2;FASLG;HIF1A;IGF2;IL6;KDR;MMP1;MMP9;MPO;NOS2;PLAU;PTGS1;PTGS2;RELA;SLC6A4;TNF;TP53
甘草,TCMSP exact match,92,238,204,67,67,4,4,0.8571,ABCG2;ADIPOQ;AHR;AKT1;ALOX5;BAX;BCL2;BIRC5;CASP3;CASP8;CAT;CCL2;CCND1;CD40LG;CDK4;CDKN1A;CHEK2;CHUK;CXCL10;CXCL8;CYP1A2;CYP3A4;DUOX2;EGFR;ERBB2;GSTM1;GSTP1;HIF1A;HMOX1;ICAM1;IFNG;IGF2;IKBKB;IL10;IL1A;IL1B;IL2;IL4;IL6;KDR;MAPK1;MAPK3;MMP1;MMP2;MMP3;MMP9;MPO;MYC;NFE2L2;NFKBIA;NOS2;NOS3;NR1I2;ODC1;PLAU;PPARA;PPARG;PTGS1;PTGS2;RB1;RELA;SLC6A4;STAT1;STAT3;TNF;TP53;VCAM1,ABCG2;ADIPOQ;AHR;AKT1;ALOX5;BAX;BCL2;BIRC5;CASP3;CASP8;CAT;CCL2;CCND1;CD40LG;CDK4;CDKN1A;CHEK2;CHUK;CXCL10;CXCL8;CYP1A2;CYP3A4;DUOX2;EGFR;ERBB2;GSTM1;GSTP1;HIF1A;HMOX1;ICAM1;IFNG;IGF2;IKBKB;IL10;IL1A;IL1B;IL2;IL4;IL6;KDR;MAPK1;MAPK3;MMP1;MMP2;MMP3;MMP9;MPO;MYC;NFE2L2;NFKBIA;NOS2;NOS3;NR1I2;ODC1;PLAU;PPARA;PPARG;PTGS1;PTGS2;RB1;RELA;SLC6A4;STAT1;STAT3;TNF;TP53;VCAM1
葛根,TCMSP exact match,4,69,48,10,10,0,0,0.6957,BAX;BCL2;CASP3;CASP8;IL4;NOS2;PPARG;PTGS1;PTGS2;SLC6A4,BAX;BCL2;CASP3;CASP8;IL4;NOS2;PPARG;PTGS1;PTGS2;SLC6A4
茯苓,TCMSP exact match,15,25,17,2,2,0,0,0.68,PTGS1;PTGS2,PTGS1;PTGS2
姜黄,TCMSP exact match,3,34,26,3,3,1,1,0.7647,PLAU;PTGS1;PTGS2,PLAU;PTGS1;PTGS2
马齿苋,TCMSP exact match,10,224,178,63,63,4,4,0.7946,ABCG2;AHR;AKT1;ALOX5;BAX;BCL2;BIRC5;CASP3;CASP8;CCL2;CCND1;CD40LG;CDK4;CDKN1A;CHEK2;CHUK;CXCL10;CXCL8;CYP1A2;CYP3A4;DUOX2;EGFR;ERBB2;GSTM1;GSTP1;HIF1A;HMOX1;ICAM1;IFNG;IGF2;IKBKB;IL10;IL1A;IL1B;IL2;IL4;IL6;MAPK1;MET;MMP1;MMP2;MMP3;MMP9;MPO;MYC;NFE2L2;NFKBIA;NOS2;NOS3;NR1I2;ODC1;PLAU;PPARA;PPARG;PTGS1;PTGS2;RB1;RELA;SLC6A4;STAT1;TNF;TP53;VCAM1,ABCG2;AHR;AKT1;ALOX5;BAX;BCL2;BIRC5;CASP3;CASP8;CCL2;CCND1;CD40LG;CDK4;CDKN1A;CHEK2;CHUK;CXCL10;CXCL8;CYP1A2;CYP3A4;DUOX2;EGFR;ERBB2;GSTM1;GSTP1;HIF1A;HMOX1;ICAM1;IFNG;IGF2;IKBKB;IL10;IL1A;IL1B;IL2;IL4;IL6;MAPK1;MET;MMP1;MMP2;MMP3;MMP9;MPO;MYC;NFE2L2;NFKBIA;NOS2;NOS3;NR1I2;ODC1;PLAU;PPARA;PPARG;PTGS1;PTGS2;RB1;RELA;SLC6A4;STAT1;TNF;TP53;VCAM1
山药,TCMSP exact match,16,80,58,15,15,2,3,0.725,ABCC2;AKT1;CAT;CDKN1A;HIF1A;MTOR;NOS2;NR1I2;NR3C1;PLAU;PTGS1;PTGS2;RELA;SLC6A4;TP53,ABCC2;AKT1;CAT;CDKN1A;HIF1A;MTOR;NOS2;NR1I2;NR3C1;PLAU;PTGS1;PTGS2;RELA;SLC6A4;TP53
芡实,TCMSP exact match,2,23,17,11,11,0,0,0.7391,AKT1;BCL2;CASP3;CASP8;CYP1A2;CYP3A4;HMOX1;MMP1;MMP2;MYC;PTGS2,AKT1;BCL2;CASP3;CASP8;CYP1A2;CYP3A4;HMOX1;MMP1;MMP2;MYC;PTGS2
陈皮,TCMSP exact match,5,69,58,18,18,1,1,0.8406,ADIPOQ;AKT1;BAX;BCL2;CASP3;CAT;GSTP1;MAPK1;MAPK3;MMP9;NOS2;PPARA;PPARG;PTGS1;PTGS2;RELA;TIMP1;TP53,ADIPOQ;AKT1;BAX;BCL2;CASP3;CAT;GSTP1;MAPK1;MAPK3;MMP9;NOS2;PPARA;PPARG;PTGS1;PTGS2;RELA;TIMP1;TP53
白扁豆,TCMSP exact match,1,22,17,11,11,0,0,0.7727,AKT1;BCL2;CASP3;CASP8;CYP1A2;CYP3A4;HMOX1;MMP1;MMP2;MYC;PTGS2,AKT1;BCL2;CASP3;CASP8;CYP1A2;CYP3A4;HMOX1;MMP1;MMP2;MYC;PTGS2
鱼腥草,TCMSP exact match,7,169,148,59,59,4,4,0.8757,ABCG2;AHR;AKT1;ALOX5;BAX;BCL2;BIRC5;CASP3;CASP8;CCL2;CCND1;CD40LG;CDKN1A;CHEK2;CHUK;CXCL10;CXCL8;CYP1A2;CYP3A4;DUOX2;EGFR;ERBB2;GSTM1;GSTP1;HIF1A;HMOX1;ICAM1;IFNG;IGF2;IKBKB;IL10;IL1A;IL1B;IL2;IL6;MAPK1;MMP1;MMP2;MMP3;MMP9;MPO;MYC;NFE2L2;NFKBIA;NOS2;NOS3;NR1I2;ODC1;PLAU;PPARA;PPARG;PTGS1;PTGS2;RB1;RELA;STAT1;TNF;TP53;VCAM1,ABCG2;AHR;AKT1;ALOX5;BAX;BCL2;BIRC5;CASP3;CASP8;CCL2;CCND1;CD40LG;CDKN1A;CHEK2;CHUK;CXCL10;CXCL8;CYP1A2;CYP3A4;DUOX2;EGFR;ERBB2;GSTM1;GSTP1;HIF1A;HMOX1;ICAM1;IFNG;IGF2;IKBKB;IL10;IL1A;IL1B;IL2;IL6;MAPK1;MMP1;MMP2;MMP3;MMP9;MPO;MYC;NFE2L2;NFKBIA;NOS2;NOS3;NR1I2;ODC1;PLAU;PPARA;PPARG;PTGS1;PTGS2;RB1;RELA;STAT1;TNF;TP53;VCAM1
槐花,TCMSP exact match,6,198,165,60,60,4,4,0.8333,ABCG2;AHR;AKT1;ALOX5;BAX;BCL2;BIRC5;CASP3;CASP8;CCL2;CCND1;CD40LG;CDKN1A;CHEK2;CHUK;CXCL10;CXCL8;CYP1A2;CYP3A4;DUOX2;EGFR;ERBB2;GSTM1;GSTP1;HIF1A;HMOX1;ICAM1;IFNG;IGF2;IKBKB;IL10;IL1A;IL1B;IL2;IL6;MAPK1;MMP1;MMP2;MMP3;MMP9;MPO;MYC;NFE2L2;NFKBIA;NOS2;NOS3;NR1I2;ODC1;PLAU;PPARA;PPARG;PTGS1;PTGS2;RB1;RELA;SLC6A4;STAT1;TNF;TP53;VCAM1,ABCG2;AHR;AKT1;ALOX5;BAX;BCL2;BIRC5;CASP3;CASP8;CCL2;CCND1;CD40LG;CDKN1A;CHEK2;CHUK;CXCL10;CXCL8;CYP1A2;CYP3A4;DUOX2;EGFR;ERBB2;GSTM1;GSTP1;HIF1A;HMOX1;ICAM1;IFNG;IGF2;IKBKB;IL10;IL1A;IL1B;IL2;IL6;MAPK1;MMP1;MMP2;MMP3;MMP9;MPO;MYC;NFE2L2;NFKBIA;NOS2;NOS3;NR1I2;ODC1;PLAU;PPARA;PPARG;PTGS1;PTGS2;RB1;RELA;SLC6A4;STAT1;TNF;TP53;VCAM1
栀子,TCMSP exact match,15,203,171,60,60,4,4,0.8424,ABCG2;AHR;AKT1;ALOX5;BAX;BCL2;BIRC5;CASP3;CASP8;CCL2;CCND1;CD40LG;CDKN1A;CHEK2;CHUK;CXCL10;CXCL8;CYP1A2;CYP3A4;DUOX2;EGFR;ERBB2;GSTM1;GSTP1;HIF1A;HMOX1;ICAM1;IFNG;IGF2;IKBKB;IL10;IL1A;IL1B;IL2;IL6;MAPK1;MMP1;MMP2;MMP3;MMP9;MPO;MYC;NFE2L2;NFKBIA;NOS2;NOS3;NR1I2;ODC1;PLAU;PPARA;PPARG;PTGS1;PTGS2;RB1;RELA;SLC6A4;STAT1;TNF;TP53;VCAM1,ABCG2;AHR;AKT1;ALOX5;BAX;BCL2;BIRC5;CASP3;CASP8;CCL2;CCND1;CD40LG;CDKN1A;CHEK2;CHUK;CXCL10;CXCL8;CYP1A2;CYP3A4;DUOX2;EGFR;ERBB2;GSTM1;GSTP1;HIF1A;HMOX1;ICAM1;IFNG;IGF2;IKBKB;IL10;IL1A;IL1B;IL2;IL6;MAPK1;MMP1;MMP2;MMP3;MMP9;MPO;MYC;NFE2L2;NFKBIA;NOS2;NOS3;NR1I2;ODC1;PLAU;PPARA;PPARG;PTGS1;PTGS2;RB1;RELA;SLC6A4;STAT1;TNF;TP53;VCAM1
薏苡仁,TCMSP exact match,9,32,26,3,3,1,1,0.8125,PLAU;PTGS1;PTGS2,PLAU;PTGS1;PTGS2
党参,TCMSP exact match,21,111,94,35,35,1,1,0.8468,AKT1;BIRC5;CASP3;CCND1;CD40LG;CDK4;CDKN1A;EGFR;ERBB2;GSTP1;HMOX1;ICAM1;IFNG;IL10;IL2;IL4;IL6;MAPK1;MET;MMP1;MMP2;MMP8;MMP9;NFKBIA;NOS2;NR3C1;PLAU;PPARG;PTGS1;PTGS2;RB1;RELA;SLC6A4;TNF;TP53,AKT1;BIRC5;CASP3;CCND1;CD40LG;CDK4;CDKN1A;EGFR;ERBB2;GSTP1;HMOX1;ICAM1;IFNG;IL10;IL2;IL4;IL6;MAPK1;MET;MMP1;MMP2;MMP8;MMP9;NFKBIA;NOS2;NR3C1;PLAU;PPARG;PTGS1;PTGS2;RB1;RELA;SLC6A4;TNF;TP53
黄芪,TCMSP exact match,20,218,181,63,63,4,4,0.8303,ABCG2;AHR;AKT1;ALOX5;BAX;BCL2;BIRC5;CASP3;CASP8;CCL2;CCND1;CD40LG;CDKN1A;CHEK2;CHUK;CXCL10;CXCL8;CYP1A2;CYP3A4;DUOX2;EGFR;ERBB2;GSTM1;GSTP1;HIF1A;HMOX1;ICAM1;IFNG;IGF2;IKBKB;IL10;IL1A;IL1B;IL2;IL4;IL6;KDR;MAPK1;MET;MMP1;MMP2;MMP3;MMP9;MPO;MYC;NFE2L2;NFKBIA;NOS2;NOS3;NR1I2;ODC1;PLAU;PPARA;PPARG;PTGS1;PTGS2;RB1;RELA;SLC6A4;STAT1;TNF;TP53;VCAM1,ABCG2;AHR;AKT1;ALOX5;BAX;BCL2;BIRC5;CASP3;CASP8;CCL2;CCND1;CD40LG;CDKN1A;CHEK2;CHUK;CXCL10;CXCL8;CYP1A2;CYP3A4;DUOX2;EGFR;ERBB2;GSTM1;GSTP1;HIF1A;HMOX1;ICAM1;IFNG;IGF2;IKBKB;IL10;IL1A;IL1B;IL2;IL4;IL6;KDR;MAPK1;MET;MMP1;MMP2;MMP3;MMP9;MPO;MYC;NFE2L2;NFKBIA;NOS2;NOS3;NR1I2;ODC1;PLAU;PPARA;PPARG;PTGS1;PTGS2;RB1;RELA;SLC6A4;STAT1;TNF;TP53;VCAM1
大枣,TCMSP exact match,29,213,176,61,61,4,4,0.8263,ABCG2;AHR;AKT1;ALOX5;BAX;BCL2;BIRC5;CASP3;CASP8;CAT;CCL2;CCND1;CD40LG;CDKN1A;CHEK2;CHUK;CXCL10;CXCL8;CYP1A2;CYP3A4;DUOX2;EGFR;ERBB2;GSTM1;GSTP1;HIF1A;HMOX1;ICAM1;IFNG;IGF2;IL10;IL1A;IL1B;IL2;IL6;KDR;MAPK1;MMP1;MMP2;MMP3;MMP9;MPO;MYC;NFE2L2;NFKBIA;NOS2;NOS3;NR1I2;ODC1;PLAU;PPARA;PPARG;PTGS1;PTGS2;RB1;RELA;SLC6A4;STAT1;TNF;TP53;VCAM1,ABCG2;AHR;AKT1;ALOX5;BAX;BCL2;BIRC5;CASP3;CASP8;CAT;CCL2;CCND1;CD40LG;CDKN1A;CHEK2;CHUK;CXCL10;CXCL8;CYP1A2;CYP3A4;DUOX2;EGFR;ERBB2;GSTM1;GSTP1;HIF1A;HMOX1;ICAM1;IFNG;IGF2;IL10;IL1A;IL1B;IL2;IL6;KDR;MAPK1;MMP1;MMP2;MMP3;MMP9;MPO;MYC;NFE2L2;NFKBIA;NOS2;NOS3;NR1I2;ODC1;PLAU;PPARA;PPARG;PTGS1;PTGS2;RB1;RELA;SLC6A4;STAT1;TNF;TP53;VCAM1
石榴皮,TCMSP exact match,7,202,171,64,64,4,4,0.8465,ABCG2;AHR;AKT1;ALOX5;BAX;BCL2;BIRC5;CASP3;CASP8;CAT;CCL2;CCND1;CD40LG;CDK4;CDKN1A;CHEK2;CHUK;CXCL10;CXCL8;CYP1A2;CYP3A4;DUOX2;EGFR;ERBB2;GSTM1;GSTP1;HIF1A;HMOX1;ICAM1;IFNG;IGF2;IKBKB;IL10;IL1A;IL1B;IL2;IL4;IL6;MAPK1;MET;MMP1;MMP2;MMP3;MMP9;MPO;MYC;NFE2L2;NFKBIA;NOS2;NOS3;NR1I2;ODC1;PLAU;PPARA;PPARG;PTGS1;PTGS2;RB1;RELA;SLC6A4;STAT1;TNF;TP53;VCAM1,ABCG2;AHR;AKT1;ALOX5;BAX;BCL2;BIRC5;CASP3;CASP8;CAT;CCL2;CCND1;CD40LG;CDK4;CDKN1A;CHEK2;CHUK;CXCL10;CXCL8;CYP1A2;CYP3A4;DUOX2;EGFR;ERBB2;GSTM1;GSTP1;HIF1A;HMOX1;ICAM1;IFNG;IGF2;IKBKB;IL10;IL1A;IL1B;IL2;IL4;IL6;MAPK1;MET;MMP1;MMP2;MMP3;MMP9;MPO;MYC;NFE2L2;NFKBIA;NOS2;NOS3;NR1I2;ODC1;PLAU;PPARA;PPARG;PTGS1;PTGS2;RB1;RELA;SLC6A4;STAT1;TNF;TP53;VCAM1
乌梅,TCMSP exact match,8,194,166,61,61,4,4,0.8557,ABCG2;AHR;AKT1;ALOX5;BAX;BCL2;BIRC5;CASP3;CASP8;CCL2;CCND1;CD40LG;CDKN1A;CHEK2;CHUK;CXCL10;CXCL8;CYP1A2;CYP3A4;DUOX2;EGFR;ERBB2;GSTM1;GSTP1;HIF1A;HMOX1;ICAM1;IFNG;IGF2;IKBKB;IL10;IL1A;IL1B;IL2;IL6;MAPK1;MMP1;MMP2;MMP3;MMP9;MPO;MYC;NFE2L2;NFKBIA;NOS2;NOS3;NR1I2;NR3C1;ODC1;PLAU;PPARA;PPARG;PTGS1;PTGS2;RB1;RELA;SLC6A4;STAT1;TNF;TP53;VCAM1,ABCG2;AHR;AKT1;ALOX5;BAX;BCL2;BIRC5;CASP3;CASP8;CCL2;CCND1;CD40LG;CDKN1A;CHEK2;CHUK;CXCL10;CXCL8;CYP1A2;CYP3A4;DUOX2;EGFR;ERBB2;GSTM1;GSTP1;HIF1A;HMOX1;ICAM1;IFNG;IGF2;IKBKB;IL10;IL1A;IL1B;IL2;IL6;MAPK1;MMP1;MMP2;MMP3;MMP9;MPO;MYC;NFE2L2;NFKBIA;NOS2;NOS3;NR1I2;NR3C1;ODC1;PLAU;PPARA;PPARG;PTGS1;PTGS2;RB1;RELA;SLC6A4;STAT1;TNF;TP53;VCAM1
砂仁,TCMSP exact match,10,54,40,8,8,1,1,0.7407,BAX;BCL2;CASP3;CASP8;PLAU;PTGS1;PTGS2;SLC6A4,BAX;BCL2;CASP3;CASP8;PLAU;PTGS1;PTGS2;SLC6A4
生姜,TCMSP exact match,5,56,41,8,8,1,1,0.7321,BAX;BCL2;CASP3;CASP8;PLAU;PTGS1;PTGS2;SLC6A4,BAX;BCL2;CASP3;CASP8;PLAU;PTGS1;PTGS2;SLC6A4
肉豆蔻,TCMSP exact match,9,68,49,8,8,0,0,0.7206,BAX;BCL2;CASP3;CASP8;NOS2;PTGS1;PTGS2;SLC6A4,BAX;BCL2;CASP3;CASP8;NOS2;PTGS1;PTGS2;SLC6A4
蒲公英,HERB 2.0 exact match HERB004401,12,37,37,37,37,2,2,1.0,ALB;BAX;BCL2;CASP1;CASP3;CASP8;CCL2;CHRNA7;GLS;HNF4A;IL13;IL1B;IL4;IL5;IL6;JUN;MAPK1;MAPK3;MMP1;MYC;NFKB1;NFKBIA;NOS2;NR3C1;ODC1;PPARG;PTGS1;PTGS2;RELA;RORC;SIRT1;SLC6A4;TCF7L2;TGFB1;TNF;TP53;XIST,ALB;BAX;BCL2;CASP1;CASP3;CASP8;CCL2;CHRNA7;GLS;HNF4A;IL13;IL1B;IL4;IL5;IL6;JUN;MAPK1;MAPK3;MMP1;MYC;NFKB1;NFKBIA;NOS2;NR3C1;ODC1;PPARG;PTGS1;PTGS2;RELA;RORC;SIRT1;SLC6A4;TCF7L2;TGFB1;TNF;TP53;XIST
莲子,ETCM 2.0 exact match LianZi,22,20,20,20,20,2,3,1.0,ABCG2;AHR;ALOX5;APEX1;CASP3;CHRNA7;CYP2C9;CYP3A4;EGFR;GPR35;HIF1A;KDR;MET;MMP9;MPO;NOD2;PLAU;SIRT1;SLC6A4;VEGFA,ABCG2;AHR;ALOX5;APEX1;CASP3;CHRNA7;CYP2C9;CYP3A4;EGFR;GPR35;HIF1A;KDR;MET;MMP9;MPO;NOD2;PLAU;SIRT1;SLC6A4;VEGFA
