pair_key,herb_a,herb_b,TCMSP_17_rank,TCMSP_17_rank_percentile,TCMSP_HERB_18_rank,TCMSP_HERB_18_rank_percentile,TCMSP_HERB_19_rank,TCMSP_HERB_19_rank_percentile,TCMSP_HERB_ETCM_21_rank,TCMSP_HERB_ETCM_21_rank_percentile,stages_available,mean_rank_percentile_when_available,stability_supported_in_at_least_2_stages
蒲公英＋鱼腥草,蒲公英,鱼腥草,,,3.0,0.971014,1.0,1.0,1.0,1.0,3,0.990338,True
栀子＋蒲公英,栀子,蒲公英,,,2.0,0.985507,3.0,0.975904,3.0,0.983333,3,0.981581,True
槐花＋蒲公英,槐花,蒲公英,,,,,,,,,0,,False
大枣＋蒲公英,大枣,蒲公英,,,1.0,1.0,2.0,0.987952,2.0,0.991667,3,0.993206,True
乌梅＋蒲公英,乌梅,蒲公英,,,4.0,0.956522,4.0,0.963855,4.0,0.975,3,0.965126,True
蒲公英＋马齿苋,蒲公英,马齿苋,,,6.0,0.927536,6.0,0.939759,6.0,0.958333,3,0.941876,True
蒲公英＋黄芪,蒲公英,黄芪,,,,,,,,,0,,False
石榴皮＋蒲公英,石榴皮,蒲公英,,,,,,,,,0,,False
甘草＋蒲公英,甘草,蒲公英,,,7.0,0.913043,7.0,0.927711,7.0,0.95,3,0.930251,True
党参＋蒲公英,党参,蒲公英,,,,,,,,,0,,False
莲子＋陈皮,莲子,陈皮,,,,,,,8.0,0.941667,1,0.941667,False
莲子＋蒲公英,莲子,蒲公英,,,,,,,9.0,0.933333,1,0.933333,False
蒲公英＋黄芩,蒲公英,黄芩,,,8.0,0.898551,10.0,0.891566,11.0,0.916667,3,0.902261,True
石榴皮＋陈皮,石榴皮,陈皮,,,,,,,,,0,,False
陈皮＋马齿苋,陈皮,马齿苋,2.0,0.981481,10.0,0.869565,23.0,0.73494,34.0,0.725,4,0.827747,True
陈皮＋黄芪,陈皮,黄芪,,,,,,,,,0,,False
乌梅＋陈皮,乌梅,陈皮,4.0,0.944444,12.0,0.84058,24.0,0.722892,37.0,0.7,4,0.801979,True
山药＋陈皮,山药,陈皮,3.0,0.962963,11.0,0.855072,21.0,0.759036,35.0,0.716667,4,0.823435,True
山药＋蒲公英,山药,蒲公英,,,13.0,0.826087,25.0,0.710843,36.0,0.708333,3,0.748421,True
栀子＋陈皮,栀子,陈皮,5.0,0.925926,14.0,0.811594,26.0,0.698795,38.0,0.691667,4,0.781995,True
槐花＋陈皮,槐花,陈皮,,,,,,,,,0,,False
大枣＋陈皮,大枣,陈皮,6.0,0.907407,15.0,0.797101,27.0,0.686747,39.0,0.683333,4,0.768647,True
陈皮＋鱼腥草,陈皮,鱼腥草,7.0,0.888889,17.0,0.768116,28.0,0.674699,41.0,0.666667,4,0.749593,True
甘草＋陈皮,甘草,陈皮,8.0,0.87037,16.0,0.782609,30.0,0.650602,42.0,0.658333,4,0.740479,True
莲子＋鱼腥草,莲子,鱼腥草,,,,,,,48.0,0.608333,1,0.608333,False
陈皮＋黄芩,陈皮,黄芩,9.0,0.851852,18.0,0.753623,31.0,0.638554,43.0,0.65,4,0.723507,True
乌梅＋莲子,乌梅,莲子,,,,,,,46.0,0.625,1,0.625,False
栀子＋莲子,栀子,莲子,,,,,,,47.0,0.616667,1,0.616667,False
槐花＋莲子,槐花,莲子,,,,,,,,,0,,False
石榴皮＋莲子,石榴皮,莲子,,,,,,,,,0,,False
甘草＋莲子,甘草,莲子,,,,,,,50.0,0.591667,1,0.591667,False
莲子＋马齿苋,莲子,马齿苋,,,,,,,52.0,0.575,1,0.575,False
山药＋白扁豆,山药,白扁豆,10.0,0.833333,19.0,0.73913,32.0,0.626506,44.0,0.641667,4,0.710159,True
山药＋芡实,山药,芡实,11.0,0.814815,20.0,0.724638,33.0,0.614458,45.0,0.633333,4,0.696811,True
大枣＋莲子,大枣,莲子,,,,,,,54.0,0.558333,1,0.558333,False
莲子＋黄芪,莲子,黄芪,,,,,,,,,0,,False
乌梅＋葛根,乌梅,葛根,,,,,,,,,0,,False
大枣＋葛根,大枣,葛根,,,,,,,,,0,,False
栀子＋葛根,栀子,葛根,,,,,,,,,0,,False
槐花＋葛根,槐花,葛根,,,,,,,,,0,,False
党参＋鱼腥草,党参,鱼腥草,,,,,,,,,0,,False
党参＋大枣,党参,大枣,,,,,,,,,0,,False
葛根＋鱼腥草,葛根,鱼腥草,,,,,,,,,0,,False
白扁豆＋莲子,白扁豆,莲子,,,,,,,55.0,0.55,1,0.55,False
芡实＋莲子,芡实,莲子,,,,,,,56.0,0.541667,1,0.541667,False
党参＋栀子,党参,栀子,,,,,,,,,0,,False
党参＋槐花,党参,槐花,,,,,,,,,0,,False
山药＋甘草,山药,甘草,12.0,0.796296,21.0,0.710145,34.0,0.60241,57.0,0.533333,4,0.660546,True
山药＋葛根,山药,葛根,,,,,,,,,0,,False
党参＋黄芩,党参,黄芩,,,,,,,,,0,,False
党参＋甘草,党参,甘草,,,,,,,,,0,,False
山药＋马齿苋,山药,马齿苋,14.0,0.759259,23.0,0.681159,36.0,0.578313,59.0,0.516667,4,0.63385,True
山药＋黄芪,山药,黄芪,,,,,,,,,0,,False
乌梅＋党参,乌梅,党参,,,,,,,,,0,,False
山药＋鱼腥草,山药,鱼腥草,15.0,0.740741,24.0,0.666667,37.0,0.566265,60.0,0.508333,4,0.620501,True
山药＋石榴皮,山药,石榴皮,,,,,,,,,0,,False
莲子＋葛根,莲子,葛根,,,,,,,,,0,,False
党参＋莲子,党参,莲子,,,,,,,,,0,,False
山药＋栀子,山药,栀子,16.0,0.722222,25.0,0.652174,38.0,0.554217,61.0,0.5,4,0.607153,True
山药＋槐花,山药,槐花,,,,,,,,,0,,False
党参＋黄芪,党参,黄芪,,,,,,,,,0,,False
肉豆蔻＋鱼腥草,肉豆蔻,鱼腥草,,,,,,,,,0,,False
乌梅＋大枣,乌梅,大枣,19.0,0.666667,26.0,0.637681,41.0,0.518072,64.0,0.475,4,0.574355,True
大枣＋山药,大枣,山药,17.0,0.703704,27.0,0.623188,39.0,0.542169,62.0,0.491667,4,0.590182,True
乌梅＋山药,乌梅,山药,18.0,0.685185,28.0,0.608696,40.0,0.53012,63.0,0.483333,4,0.576834,True
党参＋石榴皮,党参,石榴皮,,,,,,,,,0,,False
山药＋莲子,山药,莲子,,,,,,,65.0,0.466667,1,0.466667,False
党参＋马齿苋,党参,马齿苋,,,,,,,,,0,,False
蒲公英＋陈皮,蒲公英,陈皮,,,29.0,0.594203,42.0,0.506024,68.0,0.441667,3,0.513965,True
肉豆蔻＋莲子,肉豆蔻,莲子,,,,,,,,,0,,False
生姜＋鱼腥草,生姜,鱼腥草,25.0,0.555556,30.0,0.57971,44.0,0.481928,66.0,0.458333,4,0.518882,True
砂仁＋鱼腥草,砂仁,鱼腥草,26.0,0.537037,31.0,0.565217,45.0,0.46988,67.0,0.45,4,0.505533,True
马齿苋＋黄芪,马齿苋,黄芪,,,,,,,,,0,,False
山药＋肉豆蔻,山药,肉豆蔻,,,,,,,,,0,,False
石榴皮＋黄芩,石榴皮,黄芩,,,,,,,,,0,,False
甘草＋黄芩,甘草,黄芩,20.0,0.648148,32.0,0.550725,48.0,0.433735,72.0,0.408333,4,0.510235,True
党参＋陈皮,党参,陈皮,,,,,,,,,0,,False
马齿苋＋黄芩,马齿苋,黄芩,22.0,0.611111,34.0,0.521739,47.0,0.445783,74.0,0.391667,4,0.492575,True
莲子＋黄芩,莲子,黄芩,,,,,,,75.0,0.383333,1,0.383333,False
白扁豆＋蒲公英,白扁豆,蒲公英,,,35.0,0.507246,51.0,0.39759,76.0,0.375,3,0.426612,True
芡实＋蒲公英,芡实,蒲公英,,,36.0,0.492754,52.0,0.385542,77.0,0.366667,3,0.414987,True
白扁豆＋黄芩,白扁豆,黄芩,23.0,0.592593,37.0,0.478261,49.0,0.421687,81.0,0.333333,4,0.456468,True
芡实＋黄芩,芡实,黄芩,24.0,0.574074,38.0,0.463768,50.0,0.409639,82.0,0.325,4,0.44312,True
姜黄＋蒲公英,姜黄,蒲公英,,,,,,,,,0,,False
蒲公英＋薏苡仁,蒲公英,薏苡仁,,,39.0,0.449275,53.0,0.373494,71.0,0.416667,3,0.413145,True
鱼腥草＋黄芩,鱼腥草,黄芩,31.0,0.444444,42.0,0.405797,61.0,0.277108,85.0,0.3,4,0.356837,True
乌梅＋黄芩,乌梅,黄芩,32.0,0.425926,47.0,0.333333,58.0,0.313253,83.0,0.316667,4,0.347295,True
大枣＋马齿苋,大枣,马齿苋,30.0,0.462963,46.0,0.347826,60.0,0.289157,87.0,0.283333,4,0.34582,True
山药＋生姜,山药,生姜,27.0,0.518519,40.0,0.434783,54.0,0.361446,88.0,0.275,4,0.397437,True
山药＋砂仁,山药,砂仁,28.0,0.5,41.0,0.42029,55.0,0.349398,89.0,0.266667,4,0.384089,True
栀子＋黄芩,栀子,黄芩,35.0,0.37037,48.0,0.318841,62.0,0.26506,84.0,0.308333,4,0.315651,True
槐花＋黄芩,槐花,黄芩,,,,,,,,,0,,False
生姜＋蒲公英,生姜,蒲公英,,,43.0,0.391304,56.0,0.337349,78.0,0.358333,3,0.362329,True
砂仁＋蒲公英,砂仁,蒲公英,,,44.0,0.376812,57.0,0.325301,79.0,0.35,3,0.350704,True
生姜＋莲子,生姜,莲子,,,,,,,90.0,0.258333,1,0.258333,False
砂仁＋莲子,砂仁,莲子,,,,,,,91.0,0.25,1,0.25,False
黄芩＋黄芪,黄芩,黄芪,,,,,,,,,0,,False
甘草＋石榴皮,甘草,石榴皮,,,,,,,,,0,,False
大枣＋黄芩,大枣,黄芩,38.0,0.314815,53.0,0.246377,65.0,0.228916,92.0,0.241667,4,0.257943,True
茯苓＋莲子,茯苓,莲子,,,,,,,93.0,0.233333,1,0.233333,False
甘草＋马齿苋,甘草,马齿苋,37.0,0.333333,50.0,0.289855,67.0,0.204819,97.0,0.2,4,0.257002,True
白扁豆＋陈皮,白扁豆,陈皮,33.0,0.407407,51.0,0.275362,63.0,0.253012,94.0,0.225,4,0.290195,True
芡实＋陈皮,芡实,陈皮,34.0,0.388889,52.0,0.26087,64.0,0.240964,95.0,0.216667,4,0.276847,True
党参＋山药,党参,山药,,,,,,,,,0,,False
葛根＋黄芩,葛根,黄芩,,,,,,,,,0,,False
大枣＋石榴皮,大枣,石榴皮,,,,,,,,,0,,False
甘草＋黄芪,甘草,黄芪,,,,,,,,,0,,False
石榴皮＋黄芪,石榴皮,黄芪,,,,,,,,,0,,False
生姜＋陈皮,生姜,陈皮,39.0,0.296296,54.0,0.231884,68.0,0.192771,98.0,0.191667,4,0.228155,True
砂仁＋陈皮,砂仁,陈皮,40.0,0.277778,55.0,0.217391,69.0,0.180723,99.0,0.183333,4,0.214806,True
姜黄＋莲子,姜黄,莲子,,,,,,,,,0,,False
莲子＋薏苡仁,莲子,薏苡仁,,,,,,,100.0,0.175,1,0.175,False
乌梅＋甘草,乌梅,甘草,41.0,0.259259,56.0,0.202899,74.0,0.120482,101.0,0.166667,4,0.187327,True
党参＋白扁豆,党参,白扁豆,,,,,,,,,0,,False
党参＋芡实,党参,芡实,,,,,,,,,0,,False
大枣＋栀子,大枣,栀子,46.0,0.166667,61.0,0.130435,75.0,0.108434,102.0,0.158333,4,0.140967,True
大枣＋槐花,大枣,槐花,,,,,,,,,0,,False
生姜＋白扁豆,生姜,白扁豆,42.0,0.240741,57.0,0.188406,70.0,0.168675,103.0,0.15,4,0.186955,True
生姜＋芡实,生姜,芡实,43.0,0.222222,58.0,0.173913,71.0,0.156627,104.0,0.141667,4,0.173607,True
白扁豆＋砂仁,白扁豆,砂仁,44.0,0.203704,59.0,0.15942,72.0,0.144578,105.0,0.133333,4,0.160259,True
砂仁＋芡实,砂仁,芡实,45.0,0.185185,60.0,0.144928,73.0,0.13253,106.0,0.125,4,0.146911,True
乌梅＋马齿苋,乌梅,马齿苋,48.0,0.12963,63.0,0.101449,77.0,0.084337,110.0,0.091667,4,0.101771,True
乌梅＋黄芪,乌梅,黄芪,,,,,,,,,0,,False
大枣＋黄芪,大枣,黄芪,,,,,,,,,0,,False
乌梅＋石榴皮,乌梅,石榴皮,,,,,,,,,0,,False
大枣＋鱼腥草,大枣,鱼腥草,50.0,0.092593,64.0,0.086957,78.0,0.072289,111.0,0.083333,4,0.083793,True
党参＋肉豆蔻,党参,肉豆蔻,,,,,,,,,0,,False
党参＋葛根,党参,葛根,,,,,,,,,0,,False
山药＋黄芩,山药,黄芩,49.0,0.111111,65.0,0.072464,79.0,0.060241,112.0,0.075,4,0.079704,True
葛根＋陈皮,葛根,陈皮,,,,,,,,,0,,False
姜黄＋陈皮,姜黄,陈皮,,,,,,,,,0,,False
薏苡仁＋陈皮,薏苡仁,陈皮,51.0,0.074074,66.0,0.057971,80.0,0.048193,113.0,0.066667,4,0.061726,True
姜黄＋白扁豆,姜黄,白扁豆,,,,,,,,,0,,False
姜黄＋芡实,姜黄,芡实,,,,,,,,,0,,False
白扁豆＋薏苡仁,白扁豆,薏苡仁,52.0,0.055556,67.0,0.043478,81.0,0.036145,114.0,0.058333,4,0.048378,True
芡实＋薏苡仁,芡实,薏苡仁,53.0,0.037037,68.0,0.028986,82.0,0.024096,115.0,0.05,4,0.03503,True
肉豆蔻＋陈皮,肉豆蔻,陈皮,,,,,,,,,0,,False
生姜＋肉豆蔻,生姜,肉豆蔻,,,,,,,,,0,,False
砂仁＋肉豆蔻,砂仁,肉豆蔻,,,,,,,,,0,,False
白扁豆＋葛根,白扁豆,葛根,,,,,,,,,0,,False
芡实＋葛根,芡实,葛根,,,,,,,,,0,,False
党参＋生姜,党参,生姜,,,,,,,,,0,,False
党参＋砂仁,党参,砂仁,,,,,,,,,0,,False
姜黄＋葛根,姜黄,葛根,,,,,,,,,0,,False
葛根＋薏苡仁,葛根,薏苡仁,,,,,,,,,0,,False
姜黄＋肉豆蔻,姜黄,肉豆蔻,,,,,,,,,0,,False
肉豆蔻＋薏苡仁,肉豆蔻,薏苡仁,,,,,,,,,0,,False
白扁豆＋肉豆蔻,白扁豆,肉豆蔻,,,,,,,,,0,,False
肉豆蔻＋芡实,肉豆蔻,芡实,,,,,,,,,0,,False
生姜＋葛根,生姜,葛根,,,,,,,,,0,,False
砂仁＋葛根,砂仁,葛根,,,,,,,,,0,,False
白扁豆＋茯苓,白扁豆,茯苓,54.0,0.018519,69.0,0.014493,83.0,0.012048,120.0,0.008333,4,0.013348,True
芡实＋茯苓,芡实,茯苓,55.0,0.0,70.0,0.0,84.0,0.0,121.0,0.0,4,0.0,True
