list,list_rank,herb_a,herb_b,score
raw_count_weighted,1,甘草,蒲公英,71.7073
raw_count_weighted,2,石榴皮,蒲公英,71.2146
raw_count_weighted,3,蒲公英,马齿苋,70.8688
raw_count_weighted,4,蒲公英,黄芪,70.8688
raw_count_weighted,5,大枣,蒲公英,70.7267
raw_count_weighted,6,蒲公英,鱼腥草,70.5885
raw_count_weighted,7,栀子,蒲公英,70.3807
raw_count_weighted,8,槐花,蒲公英,70.3807
raw_count_weighted,9,乌梅,蒲公英,70.1729
raw_count_weighted,10,陈皮,马齿苋,69.7665
source_bias_adjusted_interim,1,蒲公英,鱼腥草,65.010899
source_bias_adjusted_interim,2,栀子,蒲公英,64.803251
source_bias_adjusted_interim,3,槐花,蒲公英,64.803251
source_bias_adjusted_interim,4,大枣,蒲公英,64.77752
source_bias_adjusted_interim,5,乌梅,蒲公英,64.236126
source_bias_adjusted_interim,6,蒲公英,马齿苋,63.972024
source_bias_adjusted_interim,7,蒲公英,黄芪,63.919737
source_bias_adjusted_interim,8,石榴皮,蒲公英,63.89894
source_bias_adjusted_interim,9,甘草,蒲公英,63.395505
source_bias_adjusted_interim,10,党参,蒲公英,61.950061
