gene_a,gene_b,combined_score,experimental_score,database_score,textmining_score
SIRT1,TNF,0.706,0,0,0.706
SIRT1,CDKN1A,0.719,0,0,0.719
SIRT1,IL1B,0.719,0,0,0.719
SIRT1,CCND1,0.721,0,0,0.721
SIRT1,CASP3,0.725,0,0,0.721
SIRT1,IL6,0.726,0,0,0.726
SIRT1,HMOX1,0.733,0,0,0.731
SIRT1,NFE2L2,0.737,0,0,0.724
SIRT1,BCL2,0.744,0,0,0.739
SIRT1,CHEK2,0.784,0.387,0,0.662
SIRT1,APEX1,0.797,0.311,0,0.71
SIRT1,STAT3,0.817,0.51,0,0.642
SIRT1,RB1,0.821,0.51,0.54,0.264
SIRT1,NOS3,0.841,0.292,0,0.781
SIRT1,MYC,0.86,0.625,0,0.633
SIRT1,ADIPOQ,0.862,0,0,0.862
SIRT1,AKT1,0.873,0.294,0,0.827
SIRT1,PPARA,0.906,0.345,0,0.862
SIRT1,HIF1A,0.927,0.51,0,0.851
SIRT1,JUN,0.927,0.71,0,0.758
SIRT1,MTOR,0.937,0.526,0,0.867
SIRT1,BAX,0.942,0,0.9,0.438
SIRT1,NFKB1,0.983,0.33,0.9,0.768
SIRT1,RELA,0.995,0.646,0.9,0.89
SIRT1,PPARG,0.998,0.345,0.9,0.981
SIRT1,TP53,0.999,0.886,0.9,0.99
MAPK1,RELA,0.717,0.189,0,0.662
MAPK1,CDKN1A,0.732,0,0,0.732
MAPK1,CXCL8,0.735,0,0,0.735
MAPK1,PPARG,0.736,0.51,0,0.483
MAPK1,TNF,0.757,0,0,0.746
MAPK1,PTGS2,0.78,0.052,0,0.762
MAPK1,NFKB1,0.79,0.072,0,0.778
MAPK1,CASP8,0.839,0.294,0,0.761
MAPK1,IL6,0.936,0,0.4,0.897
MAPK1,STAT1,0.95,0.091,0.9,0.471
MAPK1,CASP3,0.961,0.045,0.9,0.599
MAPK1,BCL2,0.969,0.292,0.9,0.586
MAPK1,MYC,0.983,0.643,0.9,0.582
MAPK1,HIF1A,0.985,0.626,0.9,0.648
MAPK1,AKT1,0.988,0.11,0.9,0.872
MAPK1,MAPK3,0.994,0.874,0.9,0.581
MAPK1,STAT3,0.996,0.926,0,0.95
MAPK1,TP53,0.998,0.806,0.9,0.912
MAPK1,JUN,0.998,0.771,0.9,0.958
HMOX1,HIF1A,0.701,0,0,0.7
HMOX1,NOS2,0.716,0.186,0,0.666
HMOX1,IL10,0.726,0,0,0.722
HMOX1,BAX,0.729,0,0,0.719
HMOX1,NOS3,0.77,0.186,0,0.729
HMOX1,PPARG,0.784,0,0,0.782
HMOX1,PTGS2,0.789,0,0,0.782
HMOX1,TNF,0.792,0,0,0.792
HMOX1,AKT1,0.796,0.087,0,0.786
HMOX1,JUN,0.798,0,0,0.795
HMOX1,CASP3,0.806,0,0,0.805
HMOX1,IL6,0.81,0,0,0.804
HMOX1,IL1B,0.817,0,0,0.812
HMOX1,STAT3,0.849,0,0.4,0.755
HMOX1,IL13,0.855,0,0.75,0.445
HMOX1,BCL2,0.856,0,0,0.856
HMOX1,IL4,0.878,0,0.75,0.532
HMOX1,NFE2L2,0.989,0,0.75,0.96
APEX1,STAT3,0.709,0.292,0,0.603
APEX1,HIF1A,0.782,0.292,0,0.703
APEX1,TP53,0.944,0.51,0,0.884
NFKBIA,MMP9,0.704,0,0,0.684
NFKBIA,NOD2,0.708,0.042,0,0.68
NFKBIA,IFNG,0.714,0,0,0.698
NFKBIA,IL10,0.72,0,0,0.703
NFKBIA,BCL2,0.73,0.045,0,0.724
NFKBIA,MAPK3,0.732,0.072,0,0.722
NFKBIA,HIF1A,0.735,0,0,0.726
NFKBIA,CASP3,0.74,0.076,0,0.728
NFKBIA,STAT3,0.741,0.045,0,0.708
NFKBIA,NFE2L2,0.747,0,0,0.73
NFKBIA,CXCL10,0.752,0,0,0.722
NFKBIA,CCL2,0.754,0,0,0.714
NFKBIA,VCAM1,0.787,0,0,0.774
NFKBIA,ICAM1,0.797,0,0,0.713
NFKBIA,IL1A,0.839,0,0,0.795
NFKBIA,AKT1,0.849,0.331,0,0.784
NFKBIA,PTGS2,0.856,0,0,0.842
NFKBIA,CXCL8,0.887,0,0,0.803
NFKBIA,JUN,0.908,0.292,0,0.844
NFKBIA,TP53,0.915,0.623,0,0.781
NFKBIA,STAT1,0.917,0.294,0,0.877
NFKBIA,IL6,0.927,0,0,0.915
NFKBIA,IL1B,0.945,0,0,0.927
NFKBIA,TNF,0.967,0.292,0,0.937
NFKBIA,CHUK,0.999,0.994,0.9,0.972
NFKBIA,IKBKB,0.999,0.994,0.9,0.995
NFKBIA,NFKB1,0.999,0.997,0.9,0.986
NFKBIA,RELA,0.999,0.999,0.9,0.999
TIMP1,JUN,0.701,0,0,0.695
TIMP1,IL13,0.702,0,0,0.702
TIMP1,NFKB1,0.704,0,0,0.693
TIMP1,IL4,0.72,0,0,0.72
TIMP1,TNF,0.727,0,0,0.726
TIMP1,ALB,0.737,0,0.4,0.58
TIMP1,CXCL10,0.744,0,0,0.731
TIMP1,IFNG,0.76,0,0,0.736
TIMP1,STAT3,0.772,0,0.5,0.544
TIMP1,CXCL8,0.78,0,0,0.77
TIMP1,IL1B,0.791,0,0,0.761
TIMP1,ICAM1,0.825,0,0,0.81
TIMP1,MMP8,0.835,0.16,0,0.809
TIMP1,CCL2,0.867,0,0,0.802
TIMP1,TGFB1,0.882,0.053,0.4,0.782
TIMP1,IL6,0.938,0,0.4,0.888
TIMP1,IL10,0.954,0,0.75,0.806
TIMP1,MMP2,0.997,0.16,0.4,0.994
TIMP1,MMP9,0.999,0.572,0.9,0.999
TIMP1,MMP3,0.999,0.952,0.4,0.998
TIMP1,MMP1,0.999,0.935,0.4,0.984
MMP2,MET,0.703,0,0,0.694
MMP2,CCL2,0.704,0,0,0.667
MMP2,CASP3,0.713,0,0,0.698
MMP2,BCL2,0.716,0,0,0.716
MMP2,TNF,0.729,0,0,0.72
MMP2,HIF1A,0.731,0,0,0.712
MMP2,ERBB2,0.738,0,0,0.738
MMP2,CCND1,0.738,0,0,0.713
MMP2,IL1B,0.745,0.087,0,0.721
MMP2,ICAM1,0.751,0,0,0.749
MMP2,PLAU,0.755,0,0,0.726
MMP2,IL10,0.761,0,0.4,0.619
MMP2,PTGS2,0.764,0,0,0.755
MMP2,IGF2,0.779,0,0.4,0.596
MMP2,CXCL8,0.814,0,0,0.814
MMP2,AKT1,0.846,0,0,0.844
MMP2,IL6,0.847,0,0.4,0.734
MMP2,STAT3,0.916,0.226,0.5,0.793
MMP2,MMP9,0.918,0,0.9,0.116
MMP2,MMP1,0.93,0,0.9,0.215
MMP2,COL18A1,0.96,0.503,0.75,0.687
MMP2,TGFB1,0.962,0.6,0.4,0.85
TGFB1,CASP3,0.706,0,0,0.706
TGFB1,NFKB1,0.711,0,0,0.683
TGFB1,MAPK3,0.721,0.047,0,0.705
TGFB1,JUN,0.722,0,0,0.703
TGFB1,FASLG,0.724,0.071,0,0.716
TGFB1,ICAM1,0.73,0,0,0.695
TGFB1,KDR,0.734,0.063,0,0.727
TGFB1,MET,0.739,0.126,0,0.706
TGFB1,IL2,0.763,0,0,0.763
TGFB1,IL1A,0.764,0,0,0.763
TGFB1,CXCL8,0.775,0,0,0.765
TGFB1,IGF2,0.781,0,0,0.775
TGFB1,ALB,0.784,0,0,0.784
TGFB1,MMP3,0.787,0,0.4,0.661
TGFB1,MYC,0.796,0.048,0,0.787
TGFB1,TP53,0.809,0.292,0,0.718
TGFB1,MMP1,0.812,0,0.4,0.691
TGFB1,IL13,0.816,0,0,0.814
TGFB1,HIF1A,0.838,0.225,0,0.799
TGFB1,CCL2,0.851,0,0,0.843
TGFB1,IL4,0.852,0,0,0.85
TGFB1,AKT1,0.868,0.126,0,0.845
TGFB1,STAT3,0.87,0.095,0.5,0.729
TGFB1,IFNG,0.888,0,0,0.886
TGFB1,PPARG,0.922,0,0.75,0.68
TGFB1,IL1B,0.932,0,0,0.924
TGFB1,IL10,0.932,0,0.4,0.891
TGFB1,TNF,0.941,0,0,0.935
TGFB1,IL6,0.96,0,0.4,0.932
TGFB1,MMP9,0.968,0.599,0.4,0.872
TGFB1,EGFR,0.975,0.152,0,0.972
MPO,IL1A,0.715,0,0,0.711
MPO,CXCL8,0.733,0,0,0.728
MPO,ICAM1,0.769,0,0,0.763
MPO,IL10,0.771,0,0,0.771
MPO,IFNG,0.789,0,0,0.775
MPO,TNF,0.832,0,0,0.822
MPO,MMP8,0.837,0,0,0.736
MPO,IL1B,0.86,0,0,0.851
MPO,IL6,0.872,0,0,0.865
MPO,ALB,0.887,0.162,0,0.867
MPO,MMP9,0.969,0,0,0.967
CCL2,CASP1,0.707,0,0,0.677
CCL2,CD40LG,0.714,0,0,0.706
CCL2,AKT1,0.72,0,0,0.72
CCL2,EGFR,0.725,0,0,0.72
CCL2,PPARG,0.731,0,0,0.717
CCL2,FASLG,0.737,0,0,0.734
CCL2,ALB,0.739,0,0,0.739
CCL2,MAPK3,0.747,0,0,0.747
CCL2,KDR,0.758,0,0,0.752
CCL2,MMP1,0.774,0,0,0.754
CCL2,ADIPOQ,0.776,0,0,0.773
CCL2,MMP3,0.806,0,0,0.783
CCL2,MMP9,0.809,0,0,0.802
CCL2,STAT1,0.831,0,0,0.812
CCL2,IL2,0.853,0,0,0.852
CCL2,IL5,0.862,0,0,0.862
CCL2,PTGS2,0.867,0,0,0.848
CCL2,STAT3,0.867,0,0.5,0.728
CCL2,VCAM1,0.907,0.096,0,0.88
CCL2,IL4,0.921,0,0.4,0.873
CCL2,ICAM1,0.928,0,0,0.892
CCL2,IL13,0.932,0,0.4,0.891
CCL2,IL1A,0.934,0,0.4,0.882
CCL2,IFNG,0.938,0,0,0.926
CCL2,IL10,0.963,0,0.4,0.929
CCL2,CXCL10,0.965,0,0.4,0.915
CCL2,IL1B,0.97,0,0.4,0.94
CCL2,TNF,0.978,0,0.4,0.952
CCL2,JUN,0.98,0,0.9,0.8
CCL2,NFKB1,0.982,0,0.9,0.811
CCL2,IL6,0.985,0,0.4,0.953
CCL2,RELA,0.987,0.51,0.9,0.745
CCL2,CXCL8,0.999,0.994,0.4,0.948
NFKB1,CDK4,0.71,0.116,0,0.674
NFKB1,CD40LG,0.728,0.045,0,0.707
NFKB1,ERBB2,0.733,0.045,0,0.732
NFKB1,CDKN1A,0.751,0.297,0,0.638
NFKB1,MTOR,0.76,0.107,0,0.741
NFKB1,VCAM1,0.769,0,0,0.752
NFKB1,NOD2,0.776,0.042,0,0.755
NFKB1,IL4,0.8,0,0,0.8
NFKB1,MMP9,0.802,0,0,0.788
NFKB1,IL2,0.804,0.046,0,0.8
NFKB1,HIF1A,0.816,0,0,0.807
NFKB1,BCL2,0.818,0.045,0,0.803
NFKB1,CASP3,0.821,0.076,0,0.799
NFKB1,CASP1,0.826,0.076,0,0.799
NFKB1,EGFR,0.837,0.045,0,0.835
NFKB1,PTGS2,0.842,0.203,0,0.798
NFKB1,CXCL10,0.845,0,0,0.831
NFKB1,IL10,0.877,0,0,0.872
NFKB1,NR3C1,0.878,0.51,0,0.74
NFKB1,MAPK3,0.881,0.072,0,0.874
NFKB1,AKT1,0.896,0.095,0,0.885
NFKB1,ICAM1,0.903,0,0,0.881
NFKB1,MYC,0.917,0.292,0,0.879
NFKB1,STAT1,0.926,0.045,0,0.918
NFKB1,IFNG,0.932,0,0,0.929
NFKB1,IL1A,0.946,0,0.4,0.9
NFKB1,STAT3,0.962,0.598,0,0.902
NFKB1,PPARG,0.972,0.292,0.75,0.851
NFKB1,CXCL8,0.988,0,0.9,0.881
NFKB1,TP53,0.989,0.045,0,0.989
NFKB1,IL6,0.994,0,0.9,0.942
NFKB1,JUN,0.994,0.292,0,0.992
NFKB1,IL1B,0.996,0,0.9,0.959
NFKB1,TNF,0.999,0,0.9,0.995
NFKB1,CHUK,0.999,0.854,0.9,0.966
NFKB1,IKBKB,0.999,0.885,0.9,0.979
NFKB1,RELA,0.999,0.999,0.9,0.986
IL2,MYC,0.709,0,0,0.709
IL2,ALB,0.718,0,0,0.718
IL2,JUN,0.734,0.292,0,0.64
IL2,TP53,0.741,0,0,0.741
IL2,BCL2,0.758,0,0,0.758
IL2,RORC,0.78,0,0,0.766
IL2,STAT1,0.797,0,0,0.793
IL2,ICAM1,0.8,0,0,0.799
IL2,FASLG,0.824,0,0,0.806
IL2,STAT3,0.828,0,0,0.826
IL2,RELA,0.839,0.516,0,0.681
IL2,EGFR,0.851,0,0.65,0.593
IL2,CXCL10,0.857,0,0,0.852
IL2,CD40LG,0.924,0,0,0.907
IL2,IL13,0.934,0,0,0.922
IL2,TNF,0.957,0,0,0.955
IL2,IL10,0.964,0,0,0.963
IL2,CXCL8,0.985,0,0,0.985
IL2,IFNG,0.99,0,0,0.987
IL2,IL1A,0.997,0,0,0.997
IL2,IL4,0.999,0,0,0.999
IL2,IL6,0.999,0,0,0.999
IL2,IL1B,0.999,0,0,0.999
IL2,IL5,0.999,0,0.4,0.999
CCND1,MAPK3,0.744,0,0,0.739
CCND1,BIRC5,0.751,0,0.4,0.594
CCND1,IL6,0.763,0,0,0.754
CCND1,HNF4A,0.773,0,0,0.773
CCND1,STAT1,0.783,0.091,0,0.767
CCND1,RELA,0.791,0.51,0,0.579
CCND1,MMP9,0.799,0,0,0.792
CCND1,MTOR,0.802,0,0,0.802
CCND1,TCF7L2,0.82,0.292,0.5,0.522
CCND1,EGFR,0.841,0.106,0,0.809
CCND1,CASP3,0.847,0,0,0.845
CCND1,HIF1A,0.876,0,0.4,0.802
CCND1,ERBB2,0.904,0.301,0,0.862
CCND1,JUN,0.919,0.292,0.5,0.79
CCND1,AKT1,0.923,0,0,0.919
CCND1,TP53,0.946,0.292,0,0.928
CCND1,BCL2,0.958,0,0,0.957
CCND1,MYC,0.969,0,0.4,0.95
CCND1,STAT3,0.98,0.644,0.5,0.898
CCND1,RB1,0.998,0.932,0.9,0.831
CCND1,CDK4,0.999,0.999,0.9,0.999
CCND1,CDKN1A,0.999,0.996,0.9,0.995
IFNG,MMP1,0.706,0,0,0.701
IFNG,JUN,0.711,0,0,0.71
IFNG,MMP3,0.725,0,0,0.721
IFNG,VCAM1,0.748,0,0,0.736
IFNG,MMP9,0.751,0,0,0.737
IFNG,NOD2,0.77,0,0,0.76
IFNG,RORC,0.782,0,0,0.782
IFNG,BCL2,0.795,0,0,0.783
IFNG,PTGS2,0.816,0,0,0.804
IFNG,AKT1,0.817,0,0,0.816
IFNG,CASP3,0.825,0,0,0.816
IFNG,TP53,0.834,0,0,0.826
IFNG,MAPK3,0.846,0,0,0.846
IFNG,NOS2,0.862,0,0,0.861
IFNG,ALB,0.866,0,0,0.856
IFNG,EGFR,0.876,0,0.65,0.661
IFNG,CASP1,0.893,0,0,0.885
IFNG,ICAM1,0.902,0.164,0,0.885
IFNG,STAT3,0.907,0,0,0.905
IFNG,CD40LG,0.919,0,0,0.909
IFNG,FASLG,0.933,0,0,0.856
IFNG,CXCL10,0.959,0,0,0.942
IFNG,IL5,0.96,0,0,0.959
IFNG,CXCL8,0.961,0,0,0.942
IFNG,IL13,0.961,0,0,0.96
IFNG,IL1A,0.971,0,0,0.966
IFNG,IL6,0.983,0,0,0.981
IFNG,STAT1,0.986,0,0.5,0.971
IFNG,IL4,0.99,0,0,0.99
IFNG,TNF,0.991,0,0,0.99
IFNG,IL10,0.995,0,0,0.989
IFNG,IL1B,0.998,0,0,0.997
IL4,TP53,0.718,0,0,0.718
IL4,ALB,0.725,0,0,0.725
IL4,MTOR,0.744,0.411,0,0.584
IL4,PTGS2,0.764,0,0,0.763
IL4,ICAM1,0.811,0,0,0.811
IL4,EGFR,0.82,0,0.65,0.507
IL4,CXCL10,0.882,0,0,0.882
IL4,STAT1,0.891,0,0,0.891
IL4,CD40LG,0.914,0,0,0.91
IL4,STAT3,0.92,0,0.5,0.848
IL4,TNF,0.977,0,0.4,0.963
IL4,IL10,0.986,0,0,0.986
IL4,IL6,0.986,0,0.4,0.978
IL4,IL5,0.988,0,0,0.983
IL4,IL13,0.993,0,0,0.991
IL4,IL1A,0.995,0,0.4,0.992
IL4,CXCL8,0.997,0,0.4,0.996
IL4,IL1B,0.998,0,0.4,0.998
IL5,CD40LG,0.721,0,0,0.713
IL5,EGFR,0.762,0,0.65,0.348
IL5,CXCL10,0.801,0,0,0.801
IL5,IL1A,0.918,0,0,0.909
IL5,TNF,0.93,0,0,0.929
IL5,CXCL8,0.932,0,0,0.932
IL5,IL6,0.977,0,0,0.977
IL5,IL10,0.982,0,0,0.982
IL5,IL13,0.991,0,0,0.986
IL5,IL1B,0.998,0,0,0.998
NR3C1,STAT1,0.701,0.045,0.5,0.403
NR3C1,TNF,0.745,0,0,0.733
NR3C1,BCL2,0.767,0.303,0,0.658
NR3C1,AKT1,0.791,0.314,0,0.692
NR3C1,RELA,0.85,0.739,0,0.443
NR3C1,HIF1A,0.852,0.071,0.5,0.678
NR3C1,EGFR,0.87,0.648,0,0.646
NR3C1,TP53,0.936,0.51,0,0.875
NR3C1,JUN,0.961,0.522,0,0.922
NR3C1,STAT3,0.981,0.736,0,0.932
ODC1,MYC,0.771,0.094,0,0.747
MMP8,IL1B,0.715,0.07,0,0.667
AHR,RB1,0.727,0.725,0,0
AHR,CYP1A2,0.866,0,0,0.864
CDK4,CASP3,0.75,0,0,0.732
CDK4,JUN,0.759,0.188,0,0.716
CDK4,BCL2,0.815,0.209,0,0.775
CDK4,BIRC5,0.857,0.292,0,0.662
CDK4,MYC,0.966,0.642,0,0.904
CDK4,TP53,0.966,0.554,0,0.922
CDK4,RB1,0.999,0.994,0.9,0.984
CDK4,CDKN1A,0.999,0.999,0.9,0.998
CYP2C9,NR1I2,0.85,0.056,0,0.833
CYP2C9,PTGS2,0.936,0,0.9,0.377
CYP2C9,PTGS1,0.936,0,0.9,0.379
CYP2C9,CYP1A2,0.947,0,0.908,0.286
CYP2C9,GSTM1,0.951,0.045,0.9,0.52
CYP2C9,GSTP1,0.951,0.045,0.9,0.494
CYP2C9,ALOX5,0.955,0.065,0.9,0.551
CYP2C9,CYP3A4,0.98,0.317,0.906,0.401
MAPK3,CASP8,0.709,0.294,0,0.593
MAPK3,VCAM1,0.713,0,0,0.713
MAPK3,IL1A,0.716,0,0,0.711
MAPK3,MMP9,0.741,0,0,0.723
MAPK3,MTOR,0.762,0.149,0,0.724
MAPK3,PTGS2,0.855,0.3,0,0.788
MAPK3,IL1B,0.86,0,0,0.859
MAPK3,STAT3,0.87,0.045,0,0.866
MAPK3,IL6,0.905,0,0.4,0.846
MAPK3,TNF,0.922,0,0,0.921
MAPK3,AKT1,0.957,0.11,0.9,0.432
MAPK3,STAT1,0.964,0.091,0.9,0.636
MAPK3,HIF1A,0.969,0.045,0.9,0.703
MAPK3,CASP3,0.985,0.045,0.9,0.858
MAPK3,BCL2,0.985,0,0.9,0.852
MAPK3,MYC,0.986,0.292,0.9,0.829
MAPK3,JUN,0.987,0.323,0.9,0.824
MAPK3,TP53,0.994,0.626,0.9,0.871
IL1A,EGFR,0.701,0,0,0.701
IL1A,CHUK,0.714,0,0,0.714
IL1A,VCAM1,0.72,0,0,0.72
IL1A,CASP3,0.725,0,0,0.724
IL1A,ALB,0.725,0,0,0.725
IL1A,MMP9,0.734,0.051,0,0.72
IL1A,STAT1,0.741,0,0,0.73
IL1A,IKBKB,0.772,0,0,0.772
IL1A,MMP1,0.798,0.051,0,0.779
IL1A,CD40LG,0.8,0,0,0.794
IL1A,ICAM1,0.807,0,0,0.781
IL1A,MMP3,0.807,0.051,0,0.797
IL1A,PTGS2,0.823,0,0,0.741
IL1A,STAT3,0.861,0,0.5,0.722
IL1A,RELA,0.893,0,0.4,0.827
IL1A,IL13,0.943,0,0.4,0.9
IL1A,JUN,0.944,0,0.75,0.775
IL1A,CXCL10,0.958,0,0.4,0.925
IL1A,CASP1,0.968,0.292,0.5,0.912
IL1A,IL10,0.971,0,0.4,0.944
IL1A,CXCL8,0.974,0,0.4,0.928
IL1A,IL6,0.989,0,0.4,0.974
IL1A,TNF,0.994,0,0.4,0.976
IL1A,IL1B,0.999,0,0.9,0.983
IL1B,PPARA,0.711,0,0,0.691
IL1B,RORC,0.713,0,0,0.708
IL1B,TP53,0.718,0,0,0.718
IL1B,PTGS1,0.748,0,0,0.711
IL1B,NFE2L2,0.749,0,0,0.733
IL1B,PLAU,0.765,0,0,0.72
IL1B,HIF1A,0.771,0,0,0.751
IL1B,MYC,0.778,0.129,0,0.736
IL1B,FASLG,0.8,0,0,0.799
IL1B,NOS2,0.803,0,0,0.796
IL1B,BCL2,0.808,0,0,0.805
IL1B,VCAM1,0.83,0,0,0.821
IL1B,MMP3,0.832,0.071,0,0.812
IL1B,ADIPOQ,0.833,0,0,0.833
IL1B,CHUK,0.833,0,0,0.833
IL1B,ALB,0.836,0,0,0.836
IL1B,STAT1,0.846,0,0,0.834
IL1B,PPARG,0.858,0,0,0.848
IL1B,AKT1,0.864,0,0,0.864
IL1B,IKBKB,0.865,0,0,0.865
IL1B,NOD2,0.866,0,0,0.839
IL1B,MMP1,0.873,0.07,0,0.849
IL1B,EGFR,0.873,0,0,0.873
IL1B,CD40LG,0.89,0,0,0.884
IL1B,CASP3,0.899,0,0,0.898
IL1B,ICAM1,0.912,0,0,0.885
IL1B,STAT3,0.938,0,0.5,0.877
IL1B,CASP8,0.943,0.32,0.5,0.839
IL1B,MMP9,0.949,0.051,0,0.932
IL1B,IL13,0.953,0,0.4,0.922
IL1B,CXCL10,0.962,0,0.4,0.925
IL1B,PTGS2,0.974,0,0,0.928
IL1B,JUN,0.987,0,0.9,0.857
IL1B,RELA,0.99,0,0.9,0.903
IL1B,IL10,0.991,0,0.4,0.978
IL1B,CXCL8,0.994,0,0.4,0.962
IL1B,IL6,0.996,0,0.4,0.989
IL1B,TNF,0.998,0,0.4,0.993
IL1B,CASP1,0.999,0.787,0.9,0.987
KDR,AKT1,0.715,0.074,0,0.701
KDR,NOS3,0.716,0,0,0.697
KDR,MYC,0.723,0,0,0.723
KDR,CXCL8,0.728,0,0,0.728
KDR,TP53,0.73,0.225,0,0.66
KDR,HIF1A,0.785,0,0,0.778
KDR,EGFR,0.805,0.139,0,0.774
KDR,MMP9,0.811,0,0,0.807
KDR,MET,0.851,0.345,0,0.782
KDR,IGF2,0.862,0,0.65,0.614
KDR,COL18A1,0.96,0.292,0,0.944
STAT3,NFE2L2,0.742,0.324,0,0.592
STAT3,IKBKB,0.749,0.332,0,0.612
STAT3,NOS2,0.749,0,0.5,0.519
STAT3,BIRC5,0.796,0.301,0.5,0.459
STAT3,CASP3,0.804,0,0,0.801
STAT3,VCAM1,0.818,0,0.5,0.645
STAT3,CXCL10,0.82,0,0.5,0.634
STAT3,PPARG,0.826,0.045,0,0.823
STAT3,ICAM1,0.832,0,0.5,0.649
STAT3,IL13,0.843,0,0.5,0.699
STAT3,CXCL8,0.857,0,0.5,0.72
STAT3,MMP1,0.869,0.226,0.5,0.686
STAT3,RORC,0.883,0.149,0.5,0.747
STAT3,MMP9,0.89,0,0.5,0.786
STAT3,MMP3,0.892,0.292,0.5,0.706
STAT3,FASLG,0.893,0,0.75,0.589
STAT3,MTOR,0.926,0.735,0,0.73
STAT3,PTGS2,0.93,0,0.75,0.726
STAT3,TNF,0.939,0,0.5,0.881
STAT3,ERBB2,0.948,0.717,0,0.823
STAT3,BCL2,0.959,0.056,0.75,0.84
STAT3,AKT1,0.966,0.096,0.5,0.925
STAT3,IL10,0.968,0.301,0.5,0.916
STAT3,MET,0.981,0.332,0.5,0.948
STAT3,CDKN1A,0.984,0.828,0.5,0.815
STAT3,IL6,0.984,0.095,0.5,0.965
STAT3,MYC,0.985,0.612,0.75,0.859
STAT3,RELA,0.992,0.793,0,0.959
STAT3,HIF1A,0.994,0.738,0.75,0.923
STAT3,TP53,0.994,0.164,0.8,0.97
STAT3,JUN,0.995,0.328,0,0.993
STAT3,EGFR,0.998,0.925,0,0.985
STAT3,STAT1,0.999,0.874,0.9,0.982
ICAM1,AKT1,0.704,0,0,0.693
ICAM1,ALB,0.709,0,0,0.709
ICAM1,NOS3,0.709,0,0,0.696
ICAM1,MMP1,0.72,0,0,0.707
ICAM1,TP53,0.722,0,0,0.722
ICAM1,IL13,0.768,0,0,0.764
ICAM1,FASLG,0.777,0,0,0.766
ICAM1,MMP9,0.791,0,0,0.779
ICAM1,STAT1,0.805,0,0.5,0.594
ICAM1,PTGS2,0.835,0,0,0.814
ICAM1,RELA,0.855,0.626,0,0.57
ICAM1,CXCL10,0.858,0,0,0.817
ICAM1,IL10,0.873,0,0.4,0.794
ICAM1,EGFR,0.877,0.135,0,0.864
ICAM1,CD40LG,0.891,0,0,0.884
ICAM1,CXCL8,0.943,0,0,0.927
ICAM1,TNF,0.944,0,0,0.929
ICAM1,IL6,0.947,0,0,0.931
ICAM1,VCAM1,0.999,0,0,0.999
RB1,CASP3,0.751,0.51,0,0.51
RB1,CDKN1A,0.876,0.332,0.5,0.658
RB1,MYC,0.888,0.594,0,0.736
RB1,TP53,0.936,0.51,0,0.872
TP53,HNRNPU,0.7,0.364,0,0.548
TP53,FASLG,0.718,0,0,0.703
TP53,ALB,0.722,0,0,0.722
TP53,IGF2,0.745,0,0,0.745
TP53,IL10,0.756,0,0,0.746
TP53,IL6,0.777,0,0,0.777
TP53,NFE2L2,0.78,0.294,0,0.7
TP53,STAT1,0.781,0,0,0.777
TP53,MET,0.804,0.189,0,0.769
TP53,CXCL8,0.804,0.161,0,0.777
TP53,MMP9,0.838,0,0,0.838
TP53,TNF,0.865,0,0,0.865
TP53,HNF4A,0.868,0.667,0,0.62
TP53,MTOR,0.874,0.466,0,0.773
TP53,CASP1,0.876,0.422,0.5,0.605
TP53,CHUK,0.914,0.345,0.5,0.756
TP53,BIRC5,0.93,0,0.75,0.703
TP53,IKBKB,0.933,0.51,0.5,0.739
TP53,ERBB2,0.935,0.172,0,0.924
TP53,EGFR,0.943,0.329,0,0.919
TP53,PPARG,0.949,0.305,0.5,0.866
TP53,RELA,0.955,0.45,0,0.914
TP53,CASP3,0.956,0.292,0,0.937
TP53,PTGS2,0.974,0.82,0,0.866
TP53,CASP8,0.991,0.292,0.9,0.879
TP53,BAX,0.994,0.782,0.9,0.774
TP53,AKT1,0.994,0.184,0.9,0.934
TP53,JUN,0.997,0.324,0.5,0.992
TP53,MYC,0.997,0.3,0,0.997
TP53,HIF1A,0.999,0.847,0,0.994
TP53,CHEK2,0.999,0.833,0.75,0.992
TP53,BCL2,0.999,0.869,0.9,0.999
TP53,CDKN1A,0.999,0.925,0.9,0.96
ERBB2,BIRC5,0.7,0.13,0,0.669
ERBB2,MTOR,0.725,0,0,0.725
ERBB2,ABCG2,0.74,0,0,0.734
ERBB2,IL6,0.752,0,0,0.752
ERBB2,JUN,0.759,0.071,0,0.751
ERBB2,IGF2,0.819,0,0.65,0.505
ERBB2,STAT1,0.821,0.639,0,0.525
ERBB2,PTGS2,0.828,0.292,0,0.76
ERBB2,MET,0.847,0.617,0,0.604
ERBB2,BCL2,0.849,0,0,0.848
ERBB2,MYC,0.886,0.166,0,0.87
ERBB2,EGFR,0.999,0.998,0.9,0.983
EGFR,RELA,0.701,0.075,0,0.689
EGFR,GSTP1,0.713,0.51,0,0.431
EGFR,MMP3,0.737,0,0.5,0.479
EGFR,CASP8,0.737,0,0,0.734
EGFR,CASP3,0.747,0,0,0.741
EGFR,CDKN1A,0.752,0,0,0.746
EGFR,AKT1,0.792,0.64,0,0.445
EGFR,CXCL8,0.792,0,0,0.792
EGFR,MTOR,0.802,0.181,0,0.769
EGFR,ALB,0.808,0,0,0.808
EGFR,IL13,0.809,0,0.65,0.477
EGFR,MMP9,0.827,0,0,0.825
EGFR,PTGS2,0.836,0,0,0.831
EGFR,BCL2,0.839,0,0,0.838
EGFR,PPARG,0.843,0.329,0,0.758
EGFR,IGF2,0.854,0,0.65,0.582
EGFR,JUN,0.871,0.25,0,0.832
EGFR,MYC,0.875,0.103,0,0.866
EGFR,TNF,0.89,0,0,0.89
EGFR,IL10,0.899,0,0.65,0.724
EGFR,HIF1A,0.934,0,0.5,0.873
EGFR,STAT1,0.975,0.84,0,0.851
EGFR,IL6,0.979,0,0.65,0.943
EGFR,MET,0.996,0.806,0,0.978
PPARG,IL10,0.733,0,0,0.731
PPARG,PTGS2,0.735,0,0,0.729
PPARG,MMP9,0.765,0,0,0.765
PPARG,AKT1,0.79,0.071,0,0.773
PPARG,TNF,0.807,0,0,0.795
PPARG,STAT1,0.817,0.294,0,0.74
PPARG,IL6,0.82,0,0,0.812
PPARG,NFE2L2,0.831,0,0,0.83
PPARG,JUN,0.849,0.057,0.5,0.706
PPARG,HIF1A,0.854,0.071,0,0.845
PPARG,MTOR,0.964,0,0.9,0.655
PPARG,ADIPOQ,0.965,0,0.5,0.926
PPARG,RELA,0.998,0.834,0.75,0.976
BAX,AKT1,0.761,0.292,0,0.631
BAX,CASP8,0.853,0.349,0,0.782
BAX,CASP3,0.884,0.349,0,0.828
BAX,BCL2,0.999,0.991,0.9,0.972
VCAM1,IL10,0.726,0,0,0.721
VCAM1,CXCL10,0.732,0,0,0.666
VCAM1,IL13,0.74,0,0.4,0.584
VCAM1,MMP9,0.748,0.045,0,0.742
VCAM1,PTGS2,0.758,0,0,0.755
VCAM1,STAT1,0.758,0,0.5,0.492
VCAM1,NOS3,0.81,0,0,0.81
VCAM1,CXCL8,0.857,0,0,0.852
VCAM1,IL6,0.921,0,0,0.909
VCAM1,TNF,0.923,0,0,0.918
ALB,PLAU,0.708,0.052,0,0.699
ALB,IGF2,0.713,0,0,0.671
ALB,CYP3A4,0.744,0,0,0.715
ALB,MMP9,0.745,0.069,0,0.734
ALB,BCL2,0.748,0,0,0.748
ALB,PPARA,0.751,0.115,0,0.73
ALB,MYC,0.759,0.161,0,0.72
ALB,PTGS2,0.772,0,0,0.769
ALB,CXCL8,0.782,0,0,0.782
ALB,AKT1,0.795,0,0,0.795
ALB,ABCG2,0.807,0,0,0.806
ALB,CASP3,0.815,0,0,0.815
ALB,IL10,0.847,0,0,0.847
ALB,ADIPOQ,0.854,0,0,0.854
ALB,TNF,0.87,0,0,0.87
ALB,IL6,0.926,0,0,0.926
NOS3,IL10,0.701,0,0,0.7
NOS3,IL6,0.718,0,0,0.718
NOS3,MMP9,0.73,0,0,0.728
NOS3,NOS2,0.912,0.087,0.9,0.09
NOS3,AKT1,0.997,0.786,0.9,0.909
MMP3,CXCL10,0.702,0,0,0.701
MMP3,PLAU,0.764,0,0,0.745
MMP3,COL18A1,0.767,0,0.4,0.624
MMP3,CXCL8,0.821,0,0,0.804
MMP3,IL10,0.837,0,0.4,0.74
MMP3,TNF,0.853,0,0,0.846
MMP3,IL6,0.887,0,0.4,0.795
MMP3,MMP9,0.956,0,0.9,0.514
MMP3,MMP1,0.985,0,0.9,0.597
NOD2,IL10,0.701,0,0,0.694
NOD2,DUOX2,0.759,0,0,0.755
NOD2,CHUK,0.78,0.045,0.5,0.57
NOD2,IL6,0.805,0,0,0.793
NOD2,IKBKB,0.807,0.045,0.5,0.609
NOD2,TNF,0.852,0,0,0.822
NOD2,CASP1,0.923,0.514,0,0.81
BIRC5,MYC,0.825,0.051,0.4,0.702
BIRC5,CASP3,0.916,0.583,0,0.786
IL13,CD40LG,0.719,0,0,0.715
IL13,MMP9,0.759,0,0,0.756
IL13,CXCL10,0.871,0,0,0.871
IL13,STAT1,0.875,0,0.5,0.76
IL13,CXCL8,0.94,0,0.4,0.904
IL13,IL10,0.952,0,0,0.952
IL13,TNF,0.957,0,0.4,0.93
IL13,IL6,0.957,0,0.4,0.929
CXCL10,MMP1,0.732,0,0,0.725
CXCL10,MMP9,0.868,0,0,0.858
CXCL10,STAT1,0.949,0,0,0.89
CXCL10,IL6,0.96,0,0.4,0.923
CXCL10,IL10,0.962,0,0.4,0.925
CXCL10,TNF,0.966,0,0.4,0.93
CXCL10,CXCL8,0.975,0,0.5,0.948
CXCL8,HIF1A,0.716,0,0,0.667
CXCL8,AKT1,0.72,0,0,0.72
CXCL8,CASP3,0.752,0,0,0.751
CXCL8,MMP1,0.762,0,0,0.72
CXCL8,PLAU,0.765,0,0,0.719
CXCL8,STAT1,0.765,0,0,0.758
CXCL8,MMP9,0.88,0,0,0.867
CXCL8,IL10,0.97,0,0.4,0.946
CXCL8,PTGS2,0.975,0,0,0.901
CXCL8,TNF,0.983,0,0.4,0.965
CXCL8,JUN,0.987,0.292,0.9,0.802
CXCL8,IL6,0.991,0,0.4,0.976
CXCL8,RELA,0.995,0.785,0.9,0.82
CASP3,MET,0.708,0.403,0,0.53
CASP3,CASP1,0.709,0,0.54,0.349
CASP3,NFE2L2,0.717,0,0,0.714
CASP3,MTOR,0.723,0,0,0.723
CASP3,HIF1A,0.766,0,0,0.752
CASP3,STAT1,0.78,0.421,0,0.61
CASP3,IL10,0.786,0,0,0.786
CASP3,MMP9,0.806,0,0,0.793
CASP3,JUN,0.809,0.046,0,0.808
CASP3,PTGS2,0.865,0,0,0.863
CASP3,IL6,0.881,0,0,0.873
CASP3,MYC,0.881,0,0,0.881
CASP3,FASLG,0.892,0,0,0.888
CASP3,TNF,0.939,0.096,0,0.932
CASP3,AKT1,0.945,0.311,0,0.923
CASP3,BCL2,0.987,0.354,0,0.98
CASP3,CDKN1A,0.996,0.828,0.9,0.806
CASP3,CASP8,0.999,0.786,0.9,0.983
GSTM1,GSTP1,0.808,0.112,0.7,0.317
GSTM1,CYP3A4,0.958,0,0.9,0.574
GSTM1,CYP1A2,0.96,0.045,0.9,0.608
HNF4A,NR1I2,0.829,0.535,0,0.584
HNF4A,HIF1A,0.844,0.51,0,0.695
HNF4A,JUN,0.889,0,0,0.889
HNF4A,MYC,0.921,0.292,0,0.894
HNF4A,TCF7L2,0.928,0.256,0,0.908
MET,MMP9,0.746,0,0,0.744
MET,PLAU,0.765,0.181,0,0.712
MET,IGF2,0.788,0,0.65,0.417
MET,IL6,0.856,0,0,0.852
MMP1,TNF,0.724,0,0,0.716
MMP1,IL10,0.737,0,0.4,0.574
MMP1,PTGS2,0.757,0,0,0.728
MMP1,JUN,0.842,0.608,0,0.614
MMP1,PLAU,0.852,0,0,0.822
MMP1,IL6,0.854,0,0.4,0.731
MMP1,MMP9,0.974,0,0.9,0.725
RORC,IL6,0.727,0,0,0.727
NOS2,IL10,0.718,0,0,0.718
NOS2,STAT1,0.738,0,0.4,0.581
NOS2,IL6,0.781,0,0,0.781
NOS2,TNF,0.858,0,0,0.858
NOS2,PTGS2,0.908,0.095,0,0.902
NOS2,AKT1,0.976,0.045,0.9,0.775
NR1I2,ABCC2,0.73,0,0,0.7
NR1I2,ABCG2,0.758,0.053,0,0.75
NR1I2,CYP1A2,0.834,0.056,0,0.812
NR1I2,CYP3A4,0.962,0.071,0,0.955
CYP1A2,GSTP1,0.96,0.045,0.9,0.585
CYP1A2,CYP3A4,0.968,0.076,0.909,0.442
CASP8,PTGS2,0.7,0,0,0.681
CASP8,RELA,0.704,0.061,0,0.681
CASP8,MMP9,0.712,0,0,0.692
CASP8,IL6,0.739,0,0,0.726
CASP8,JUN,0.782,0,0,0.782
CASP8,MYC,0.79,0.124,0,0.763
CASP8,AKT1,0.79,0.067,0,0.78
CASP8,IKBKB,0.87,0.311,0.5,0.585
CASP8,CHUK,0.95,0.311,0.5,0.861
CASP8,BCL2,0.984,0.648,0,0.954
CASP8,CASP1,0.999,0.544,0.9,0.986
CASP8,TNF,0.999,0.994,0,0.928
CASP8,FASLG,0.999,0.836,0.5,0.992
COL18A1,MMP9,0.92,0.238,0.75,0.588
STAT1,CASP1,0.702,0,0,0.591
STAT1,MMP9,0.727,0,0,0.707
STAT1,HIF1A,0.748,0.045,0,0.738
STAT1,CDKN1A,0.765,0,0.4,0.599
STAT1,MYC,0.781,0.124,0,0.748
STAT1,MTOR,0.827,0.678,0,0.482
STAT1,RELA,0.864,0.411,0,0.76
STAT1,IL10,0.865,0.046,0,0.862
STAT1,TNF,0.875,0,0,0.864
STAT1,JUN,0.91,0.328,0,0.869
STAT1,AKT1,0.961,0.096,0.4,0.93
STAT1,IL6,0.972,0.087,0.5,0.941
MTOR,IGF2,0.705,0,0,0.705
MTOR,JUN,0.715,0.098,0,0.697
MTOR,MYC,0.73,0.091,0,0.716
MTOR,IL10,0.74,0,0,0.74
MTOR,BCL2,0.765,0,0,0.765
MTOR,IKBKB,0.769,0.526,0,0.523
MTOR,IL6,0.772,0,0,0.772
MTOR,HIF1A,0.789,0.069,0,0.782
MTOR,CHUK,0.973,0.526,0.9,0.452
MTOR,AKT1,0.999,0.925,0.9,0.954
PTGS1,IL6,0.708,0,0,0.678
PTGS1,PTGS2,0.946,0.292,0.9,0.192
PTGS1,ALOX5,0.97,0,0.9,0.692
PTGS2,MYC,0.715,0,0,0.699
PTGS2,PPARA,0.729,0,0,0.723
PTGS2,RELA,0.737,0,0,0.731
PTGS2,BCL2,0.745,0,0,0.745
PTGS2,AKT1,0.775,0,0,0.767
PTGS2,IL10,0.789,0,0,0.786
PTGS2,MMP9,0.815,0,0,0.785
PTGS2,HIF1A,0.831,0,0,0.797
PTGS2,JUN,0.866,0,0,0.846
PTGS2,TNF,0.916,0,0,0.901
PTGS2,IL6,0.96,0,0,0.926
PTGS2,ALOX5,0.973,0,0.9,0.741
FASLG,JUN,0.724,0,0,0.724
FASLG,BCL2,0.811,0,0,0.809
FASLG,CD40LG,0.85,0,0,0.784
FASLG,IL10,0.885,0,0,0.873
FASLG,TNF,0.984,0.053,0,0.983
CHUK,IL6,0.713,0,0,0.708
CHUK,BCL2,0.813,0.292,0,0.732
CHUK,MYC,0.879,0.542,0,0.746
CHUK,AKT1,0.996,0.835,0.9,0.814
CHUK,RELA,0.999,0.88,0.9,0.968
CHUK,TNF,0.999,0.994,0.5,0.837
CHUK,IKBKB,0.999,0.994,0.9,0.983
CD40LG,IL6,0.795,0,0,0.795
CD40LG,IL10,0.876,0,0,0.875
CD40LG,TNF,0.942,0,0.5,0.88
JUN,IKBKB,0.785,0.324,0,0.695
JUN,CDKN1A,0.831,0.51,0,0.639
JUN,MMP9,0.866,0.51,0,0.738
JUN,NFE2L2,0.92,0.629,0,0.791
JUN,BCL2,0.927,0,0,0.927
JUN,GSTP1,0.927,0.131,0,0.92
JUN,HIF1A,0.961,0.621,0,0.901
JUN,MYC,0.97,0.626,0,0.922
JUN,PPARA,0.979,0.057,0,0.979
JUN,RELA,0.986,0.271,0,0.98
JUN,TNF,0.989,0,0.9,0.881
JUN,IL6,0.989,0,0.9,0.882
JUN,AKT1,0.991,0.085,0.9,0.915
MMP9,MYC,0.704,0,0,0.702
MMP9,BCL2,0.804,0,0,0.794
MMP9,HIF1A,0.824,0,0,0.815
MMP9,AKT1,0.827,0,0,0.819
MMP9,PLAU,0.871,0,0,0.855
MMP9,IL10,0.881,0,0.4,0.808
MMP9,TNF,0.93,0,0,0.915
MMP9,IL6,0.959,0,0.4,0.93
PLAU,MYC,0.708,0.165,0,0.629
PLAU,TNF,0.751,0.066,0,0.723
PLAU,IL6,0.763,0,0,0.736
CHEK2,CDKN1A,0.761,0.292,0,0.654
NFE2L2,TNF,0.701,0,0,0.687
NFE2L2,GSTP1,0.72,0,0,0.716
NFE2L2,HIF1A,0.75,0,0,0.674
NFE2L2,CDKN1A,0.75,0.295,0.4,0.419
NFE2L2,IL6,0.812,0,0,0.803
NFE2L2,AKT1,0.923,0.317,0.4,0.825
NFE2L2,MYC,0.961,0.531,0.75,0.693
BCL2,IL10,0.718,0,0,0.718
BCL2,IKBKB,0.727,0.292,0,0.604
BCL2,CASP1,0.817,0.125,0,0.794
BCL2,CDKN1A,0.82,0,0,0.811
BCL2,IL6,0.868,0,0,0.866
BCL2,TNF,0.885,0.076,0,0.876
BCL2,RELA,0.898,0.292,0,0.862
BCL2,HIF1A,0.946,0.51,0,0.895
BCL2,MYC,0.955,0.3,0,0.937
BCL2,AKT1,0.993,0,0.9,0.934
GSTP1,CYP3A4,0.976,0,0.9,0.75
RELA,IL10,0.701,0,0,0.701
RELA,CDKN1A,0.745,0.512,0,0.439
RELA,AKT1,0.78,0.098,0,0.761
RELA,MYC,0.852,0.621,0,0.594
RELA,IL6,0.986,0.292,0.9,0.816
RELA,HIF1A,0.989,0.292,0,0.985
RELA,TNF,0.997,0.516,0.9,0.944
RELA,IKBKB,0.999,0.877,0.9,0.957
CDKN1A,MYC,0.981,0.32,0.5,0.945
CDKN1A,AKT1,0.995,0.776,0.9,0.833
PPARA,AKT1,0.7,0.071,0,0.676
PPARA,IL6,0.722,0,0,0.712
PPARA,HIF1A,0.761,0.071,0,0.746
PPARA,TNF,0.81,0,0,0.8
PPARA,ADIPOQ,0.914,0,0,0.912
IL6,MYC,0.73,0,0,0.702
IL6,IKBKB,0.736,0,0,0.731
IL6,HIF1A,0.8,0,0,0.777
IL6,AKT1,0.872,0,0,0.872
IL6,CASP1,0.881,0,0,0.869
IL6,ADIPOQ,0.89,0,0,0.89
IL6,TNF,0.994,0,0.4,0.989
IL6,IL10,0.997,0,0.8,0.988
ADIPOQ,AKT1,0.712,0,0,0.712
ADIPOQ,IL10,0.822,0,0,0.821
ADIPOQ,TNF,0.871,0,0,0.871
TNF,MYC,0.702,0,0,0.696
TNF,HIF1A,0.818,0,0,0.818
TNF,CASP1,0.904,0.091,0,0.883
TNF,AKT1,0.907,0.057,0,0.903
TNF,IL10,0.992,0,0.4,0.984
TNF,IKBKB,0.999,0.994,0.5,0.934
IL10,CASP1,0.724,0,0,0.723
IL10,AKT1,0.731,0.052,0,0.728
IL10,HIF1A,0.751,0,0,0.749
IKBKB,HNRNPU,0.74,0.619,0,0.329
IKBKB,MYC,0.778,0.294,0,0.693
IKBKB,AKT1,0.99,0.775,0.9,0.57
HIF1A,AKT1,0.932,0.229,0,0.916
HIF1A,MYC,0.993,0.435,0.4,0.982
AKT1,MYC,0.928,0.169,0,0.918
MYC,TCF7L2,0.882,0.292,0.5,0.691
ABCC2,CYP3A4,0.754,0.05,0,0.727
ABCC2,ABCG2,0.979,0.1,0.8,0.889
ABCG2,CYP3A4,0.793,0.066,0,0.778
