herb_a,herb_b,targets_a,targets_b,union_targets,shared_targets,unique_targets_a,unique_targets_b,eligible_both_herbs_contribute,target_complementarity_score,barrier_targets,barrier_pathways,pathway_synergy_score,safety_score,safety_score_final,safety_score_status,pair_evidence_score,pair_evidence_score_final,pair_evidence_score_status,core_dimensions_weighted_score,interim_ranking_score,interim_ranking_basis,score_finality,final_total_score,provisional_total_score,ppi_edges_within_union,cross_herb_ppi_edges,cross_herb_ppi_mean_score,union_gene_symbols,shared_gene_symbols,scope_note,raw_formula_rank,provisional_rank
甘草,蒲公英,67,37,82,22,45,15,True,89.2683,5,4,90.0,60.0,False,legacy_placeholder_60_not_reviewed,0.0,False,legacy_placeholder_0_not_reviewed,62.7073,71.7073,legacy_formula_including_unreviewed_placeholders,legacy_provisional_includes_unreviewed_placeholders,,71.7073,796,120,0.8412,ABCG2;ADIPOQ;AHR;AKT1;ALB;ALOX5;BAX;BCL2;BIRC5;CASP1;CASP3;CASP8;CAT;CCL2;CCND1;CD40LG;CDK4;CDKN1A;CHEK2;CHRNA7;CHUK;CXCL10;CXCL8;CYP1A2;CYP3A4;DUOX2;EGFR;ERBB2;GLS;GSTM1;GSTP1;HIF1A;HMOX1;HNF4A;ICAM1;IFNG;IGF2;IKBKB;IL10;IL13;IL1A;IL1B;IL2;IL4;IL5;IL6;JUN;KDR;MAPK1;MAPK3;MMP1;MMP2;MMP3;MMP9;MPO;MYC;NFE2L2;NFKB1;NFKBIA;NOS2;NOS3;NR1I2;NR3C1;ODC1;PLAU;PPARA;PPARG;PTGS1;PTGS2;RB1;RELA;RORC;SIRT1;SLC6A4;STAT1;STAT3;TCF7L2;TGFB1;TNF;TP53;VCAM1;XIST,BAX;BCL2;CASP3;CASP8;CCL2;IL1B;IL4;IL6;MAPK1;MAPK3;MMP1;MYC;NFKBIA;NOS2;ODC1;PPARG;PTGS1;PTGS2;RELA;SLC6A4;TNF;TP53,"Disease targets for Ulcerative Colitis; exact medicinal-material matches from TCMSP, HERB 2.0, and ETCM 2.0; legacy provisional ranking because database screening definitions are heterogeneous and safety/pair evidence are unreviewed placeholders",1,1
石榴皮,蒲公英,64,37,80,21,43,16,True,88.0366,5,4,90.0,60.0,False,legacy_placeholder_60_not_reviewed,0.0,False,legacy_placeholder_0_not_reviewed,62.2146,71.2146,legacy_formula_including_unreviewed_placeholders,legacy_provisional_includes_unreviewed_placeholders,,71.2146,739,119,0.8364,ABCG2;AHR;AKT1;ALB;ALOX5;BAX;BCL2;BIRC5;CASP1;CASP3;CASP8;CAT;CCL2;CCND1;CD40LG;CDK4;CDKN1A;CHEK2;CHRNA7;CHUK;CXCL10;CXCL8;CYP1A2;CYP3A4;DUOX2;EGFR;ERBB2;GLS;GSTM1;GSTP1;HIF1A;HMOX1;HNF4A;ICAM1;IFNG;IGF2;IKBKB;IL10;IL13;IL1A;IL1B;IL2;IL4;IL5;IL6;JUN;MAPK1;MAPK3;MET;MMP1;MMP2;MMP3;MMP9;MPO;MYC;NFE2L2;NFKB1;NFKBIA;NOS2;NOS3;NR1I2;NR3C1;ODC1;PLAU;PPARA;PPARG;PTGS1;PTGS2;RB1;RELA;RORC;SIRT1;SLC6A4;STAT1;TCF7L2;TGFB1;TNF;TP53;VCAM1;XIST,BAX;BCL2;CASP3;CASP8;CCL2;IL1B;IL4;IL6;MAPK1;MMP1;MYC;NFKBIA;NOS2;ODC1;PPARG;PTGS1;PTGS2;RELA;SLC6A4;TNF;TP53,"Disease targets for Ulcerative Colitis; exact medicinal-material matches from TCMSP, HERB 2.0, and ETCM 2.0; legacy provisional ranking because database screening definitions are heterogeneous and safety/pair evidence are unreviewed placeholders",2,2
蒲公英,马齿苋,37,63,79,21,16,42,True,87.172,5,4,90.0,60.0,False,legacy_placeholder_60_not_reviewed,0.0,False,legacy_placeholder_0_not_reviewed,61.8688,70.8688,legacy_formula_including_unreviewed_placeholders,legacy_provisional_includes_unreviewed_placeholders,,70.8688,739,119,0.8364,ABCG2;AHR;AKT1;ALB;ALOX5;BAX;BCL2;BIRC5;CASP1;CASP3;CASP8;CCL2;CCND1;CD40LG;CDK4;CDKN1A;CHEK2;CHRNA7;CHUK;CXCL10;CXCL8;CYP1A2;CYP3A4;DUOX2;EGFR;ERBB2;GLS;GSTM1;GSTP1;HIF1A;HMOX1;HNF4A;ICAM1;IFNG;IGF2;IKBKB;IL10;IL13;IL1A;IL1B;IL2;IL4;IL5;IL6;JUN;MAPK1;MAPK3;MET;MMP1;MMP2;MMP3;MMP9;MPO;MYC;NFE2L2;NFKB1;NFKBIA;NOS2;NOS3;NR1I2;NR3C1;ODC1;PLAU;PPARA;PPARG;PTGS1;PTGS2;RB1;RELA;RORC;SIRT1;SLC6A4;STAT1;TCF7L2;TGFB1;TNF;TP53;VCAM1;XIST,BAX;BCL2;CASP3;CASP8;CCL2;IL1B;IL4;IL6;MAPK1;MMP1;MYC;NFKBIA;NOS2;ODC1;PPARG;PTGS1;PTGS2;RELA;SLC6A4;TNF;TP53,"Disease targets for Ulcerative Colitis; exact medicinal-material matches from TCMSP, HERB 2.0, and ETCM 2.0; legacy provisional ranking because database screening definitions are heterogeneous and safety/pair evidence are unreviewed placeholders",3,3
蒲公英,黄芪,37,63,79,21,16,42,True,87.172,5,4,90.0,60.0,False,legacy_placeholder_60_not_reviewed,0.0,False,legacy_placeholder_0_not_reviewed,61.8688,70.8688,legacy_formula_including_unreviewed_placeholders,legacy_provisional_includes_unreviewed_placeholders,,70.8688,741,118,0.8372,ABCG2;AHR;AKT1;ALB;ALOX5;BAX;BCL2;BIRC5;CASP1;CASP3;CASP8;CCL2;CCND1;CD40LG;CDKN1A;CHEK2;CHRNA7;CHUK;CXCL10;CXCL8;CYP1A2;CYP3A4;DUOX2;EGFR;ERBB2;GLS;GSTM1;GSTP1;HIF1A;HMOX1;HNF4A;ICAM1;IFNG;IGF2;IKBKB;IL10;IL13;IL1A;IL1B;IL2;IL4;IL5;IL6;JUN;KDR;MAPK1;MAPK3;MET;MMP1;MMP2;MMP3;MMP9;MPO;MYC;NFE2L2;NFKB1;NFKBIA;NOS2;NOS3;NR1I2;NR3C1;ODC1;PLAU;PPARA;PPARG;PTGS1;PTGS2;RB1;RELA;RORC;SIRT1;SLC6A4;STAT1;TCF7L2;TGFB1;TNF;TP53;VCAM1;XIST,BAX;BCL2;CASP3;CASP8;CCL2;IL1B;IL4;IL6;MAPK1;MMP1;MYC;NFKBIA;NOS2;ODC1;PPARG;PTGS1;PTGS2;RELA;SLC6A4;TNF;TP53,"Disease targets for Ulcerative Colitis; exact medicinal-material matches from TCMSP, HERB 2.0, and ETCM 2.0; legacy provisional ranking because database screening definitions are heterogeneous and safety/pair evidence are unreviewed placeholders",4,4
大枣,蒲公英,61,37,78,20,41,17,True,86.8168,5,4,90.0,60.0,False,legacy_placeholder_60_not_reviewed,0.0,False,legacy_placeholder_0_not_reviewed,61.7267,70.7267,legacy_formula_including_unreviewed_placeholders,legacy_provisional_includes_unreviewed_placeholders,,70.7267,716,126,0.8447,ABCG2;AHR;AKT1;ALB;ALOX5;BAX;BCL2;BIRC5;CASP1;CASP3;CASP8;CAT;CCL2;CCND1;CD40LG;CDKN1A;CHEK2;CHRNA7;CHUK;CXCL10;CXCL8;CYP1A2;CYP3A4;DUOX2;EGFR;ERBB2;GLS;GSTM1;GSTP1;HIF1A;HMOX1;HNF4A;ICAM1;IFNG;IGF2;IL10;IL13;IL1A;IL1B;IL2;IL4;IL5;IL6;JUN;KDR;MAPK1;MAPK3;MMP1;MMP2;MMP3;MMP9;MPO;MYC;NFE2L2;NFKB1;NFKBIA;NOS2;NOS3;NR1I2;NR3C1;ODC1;PLAU;PPARA;PPARG;PTGS1;PTGS2;RB1;RELA;RORC;SIRT1;SLC6A4;STAT1;TCF7L2;TGFB1;TNF;TP53;VCAM1;XIST,BAX;BCL2;CASP3;CASP8;CCL2;IL1B;IL6;MAPK1;MMP1;MYC;NFKBIA;NOS2;ODC1;PPARG;PTGS1;PTGS2;RELA;SLC6A4;TNF;TP53,"Disease targets for Ulcerative Colitis; exact medicinal-material matches from TCMSP, HERB 2.0, and ETCM 2.0; legacy provisional ranking because database screening definitions are heterogeneous and safety/pair evidence are unreviewed placeholders",5,5
蒲公英,鱼腥草,37,59,77,19,18,40,True,86.4713,5,4,90.0,60.0,False,legacy_placeholder_60_not_reviewed,0.0,False,legacy_placeholder_0_not_reviewed,61.5885,70.5885,legacy_formula_including_unreviewed_placeholders,legacy_provisional_includes_unreviewed_placeholders,,70.5885,719,127,0.8463,ABCG2;AHR;AKT1;ALB;ALOX5;BAX;BCL2;BIRC5;CASP1;CASP3;CASP8;CCL2;CCND1;CD40LG;CDKN1A;CHEK2;CHRNA7;CHUK;CXCL10;CXCL8;CYP1A2;CYP3A4;DUOX2;EGFR;ERBB2;GLS;GSTM1;GSTP1;HIF1A;HMOX1;HNF4A;ICAM1;IFNG;IGF2;IKBKB;IL10;IL13;IL1A;IL1B;IL2;IL4;IL5;IL6;JUN;MAPK1;MAPK3;MMP1;MMP2;MMP3;MMP9;MPO;MYC;NFE2L2;NFKB1;NFKBIA;NOS2;NOS3;NR1I2;NR3C1;ODC1;PLAU;PPARA;PPARG;PTGS1;PTGS2;RB1;RELA;RORC;SIRT1;SLC6A4;STAT1;TCF7L2;TGFB1;TNF;TP53;VCAM1;XIST,BAX;BCL2;CASP3;CASP8;CCL2;IL1B;IL6;MAPK1;MMP1;MYC;NFKBIA;NOS2;ODC1;PPARG;PTGS1;PTGS2;RELA;TNF;TP53,"Disease targets for Ulcerative Colitis; exact medicinal-material matches from TCMSP, HERB 2.0, and ETCM 2.0; legacy provisional ranking because database screening definitions are heterogeneous and safety/pair evidence are unreviewed placeholders",6,6
栀子,蒲公英,60,37,77,20,40,17,True,85.9519,5,4,90.0,60.0,False,legacy_placeholder_60_not_reviewed,0.0,False,legacy_placeholder_0_not_reviewed,61.3807,70.3807,legacy_formula_including_unreviewed_placeholders,legacy_provisional_includes_unreviewed_placeholders,,70.3807,719,127,0.8463,ABCG2;AHR;AKT1;ALB;ALOX5;BAX;BCL2;BIRC5;CASP1;CASP3;CASP8;CCL2;CCND1;CD40LG;CDKN1A;CHEK2;CHRNA7;CHUK;CXCL10;CXCL8;CYP1A2;CYP3A4;DUOX2;EGFR;ERBB2;GLS;GSTM1;GSTP1;HIF1A;HMOX1;HNF4A;ICAM1;IFNG;IGF2;IKBKB;IL10;IL13;IL1A;IL1B;IL2;IL4;IL5;IL6;JUN;MAPK1;MAPK3;MMP1;MMP2;MMP3;MMP9;MPO;MYC;NFE2L2;NFKB1;NFKBIA;NOS2;NOS3;NR1I2;NR3C1;ODC1;PLAU;PPARA;PPARG;PTGS1;PTGS2;RB1;RELA;RORC;SIRT1;SLC6A4;STAT1;TCF7L2;TGFB1;TNF;TP53;VCAM1;XIST,BAX;BCL2;CASP3;CASP8;CCL2;IL1B;IL6;MAPK1;MMP1;MYC;NFKBIA;NOS2;ODC1;PPARG;PTGS1;PTGS2;RELA;SLC6A4;TNF;TP53,"Disease targets for Ulcerative Colitis; exact medicinal-material matches from TCMSP, HERB 2.0, and ETCM 2.0; legacy provisional ranking because database screening definitions are heterogeneous and safety/pair evidence are unreviewed placeholders",8,7
槐花,蒲公英,60,37,77,20,40,17,True,85.9519,5,4,90.0,60.0,False,legacy_placeholder_60_not_reviewed,0.0,False,legacy_placeholder_0_not_reviewed,61.3807,70.3807,legacy_formula_including_unreviewed_placeholders,legacy_provisional_includes_unreviewed_placeholders,,70.3807,719,127,0.8463,ABCG2;AHR;AKT1;ALB;ALOX5;BAX;BCL2;BIRC5;CASP1;CASP3;CASP8;CCL2;CCND1;CD40LG;CDKN1A;CHEK2;CHRNA7;CHUK;CXCL10;CXCL8;CYP1A2;CYP3A4;DUOX2;EGFR;ERBB2;GLS;GSTM1;GSTP1;HIF1A;HMOX1;HNF4A;ICAM1;IFNG;IGF2;IKBKB;IL10;IL13;IL1A;IL1B;IL2;IL4;IL5;IL6;JUN;MAPK1;MAPK3;MMP1;MMP2;MMP3;MMP9;MPO;MYC;NFE2L2;NFKB1;NFKBIA;NOS2;NOS3;NR1I2;NR3C1;ODC1;PLAU;PPARA;PPARG;PTGS1;PTGS2;RB1;RELA;RORC;SIRT1;SLC6A4;STAT1;TCF7L2;TGFB1;TNF;TP53;VCAM1;XIST,BAX;BCL2;CASP3;CASP8;CCL2;IL1B;IL6;MAPK1;MMP1;MYC;NFKBIA;NOS2;ODC1;PPARG;PTGS1;PTGS2;RELA;SLC6A4;TNF;TP53,"Disease targets for Ulcerative Colitis; exact medicinal-material matches from TCMSP, HERB 2.0, and ETCM 2.0; legacy provisional ranking because database screening definitions are heterogeneous and safety/pair evidence are unreviewed placeholders",9,8
乌梅,蒲公英,61,37,77,21,40,16,True,85.4324,5,4,90.0,60.0,False,legacy_placeholder_60_not_reviewed,0.0,False,legacy_placeholder_0_not_reviewed,61.1729,70.1729,legacy_formula_including_unreviewed_placeholders,legacy_provisional_includes_unreviewed_placeholders,,70.1729,719,123,0.8477,ABCG2;AHR;AKT1;ALB;ALOX5;BAX;BCL2;BIRC5;CASP1;CASP3;CASP8;CCL2;CCND1;CD40LG;CDKN1A;CHEK2;CHRNA7;CHUK;CXCL10;CXCL8;CYP1A2;CYP3A4;DUOX2;EGFR;ERBB2;GLS;GSTM1;GSTP1;HIF1A;HMOX1;HNF4A;ICAM1;IFNG;IGF2;IKBKB;IL10;IL13;IL1A;IL1B;IL2;IL4;IL5;IL6;JUN;MAPK1;MAPK3;MMP1;MMP2;MMP3;MMP9;MPO;MYC;NFE2L2;NFKB1;NFKBIA;NOS2;NOS3;NR1I2;NR3C1;ODC1;PLAU;PPARA;PPARG;PTGS1;PTGS2;RB1;RELA;RORC;SIRT1;SLC6A4;STAT1;TCF7L2;TGFB1;TNF;TP53;VCAM1;XIST,BAX;BCL2;CASP3;CASP8;CCL2;IL1B;IL6;MAPK1;MMP1;MYC;NFKBIA;NOS2;NR3C1;ODC1;PPARG;PTGS1;PTGS2;RELA;SLC6A4;TNF;TP53,"Disease targets for Ulcerative Colitis; exact medicinal-material matches from TCMSP, HERB 2.0, and ETCM 2.0; legacy provisional ranking because database screening definitions are heterogeneous and safety/pair evidence are unreviewed placeholders",10,9
陈皮,马齿苋,18,63,67,14,4,49,True,80.6662,5,4,95.0,60.0,False,legacy_placeholder_60_not_reviewed,0.0,False,legacy_placeholder_0_not_reviewed,60.7665,69.7665,legacy_formula_including_unreviewed_placeholders,legacy_provisional_includes_unreviewed_placeholders,,69.7665,548,31,0.8421,ABCG2;ADIPOQ;AHR;AKT1;ALOX5;BAX;BCL2;BIRC5;CASP3;CASP8;CAT;CCL2;CCND1;CD40LG;CDK4;CDKN1A;CHEK2;CHUK;CXCL10;CXCL8;CYP1A2;CYP3A4;DUOX2;EGFR;ERBB2;GSTM1;GSTP1;HIF1A;HMOX1;ICAM1;IFNG;IGF2;IKBKB;IL10;IL1A;IL1B;IL2;IL4;IL6;MAPK1;MAPK3;MET;MMP1;MMP2;MMP3;MMP9;MPO;MYC;NFE2L2;NFKBIA;NOS2;NOS3;NR1I2;ODC1;PLAU;PPARA;PPARG;PTGS1;PTGS2;RB1;RELA;SLC6A4;STAT1;TIMP1;TNF;TP53;VCAM1,AKT1;BAX;BCL2;CASP3;GSTP1;MAPK1;MMP9;NOS2;PPARA;PPARG;PTGS1;PTGS2;RELA;TP53,"Disease targets for Ulcerative Colitis; exact medicinal-material matches from TCMSP, HERB 2.0, and ETCM 2.0; legacy provisional ranking because database screening definitions are heterogeneous and safety/pair evidence are unreviewed placeholders",11,10
