material_name,herb_id,ingredient_id,ingredient_name,ob,dl,active_ob30_dl018,canonical_smiles,pubchem_id,raw_sha256
槐米,HERB002472,HBIN001883,"1,6-dimethylnaphthalene",11.694,0.548,False,CC1=CC2=CC=CC(=C2C=C1)C,11328,6b12b59318e4e91aa1a9f077bef049f98ff08fac31ad95fca0a7883a0d0b27f2
槐米,HERB002472,HBIN002102,"1,8 cineole",,0.521,False,CC1(C2CCC(O1)(CC2)C)C,2758,048eb9b771bef00bf9712b25a7bd9c1971ad343da584216644c26789dcdb3e79
槐米,HERB002472,HBIN002496,1-dodecanol,,0.513,False,CCCCCCCCCCCCO,8193,7038df6bc202d2aef54336971cabff6661502d132da3665b0a075dddf19c0bdc
槐米,HERB002472,HBIN004303,"2,4-decadienal",,0.247,False,CCCCCC=CC=CC=O,5283349,8fac3ec9b61dbf525911a20a20c981a7e800c7f24b1f5a484d64a6a0ed63a9a7
槐米,HERB002472,HBIN004932,"2,6-dimethylnaphthalene",19.215,0.548,False,CC1=CC2=C(C=C1)C=C(C=C2)C,11387,38fe4ece2a888ca93318252ecc27b36eb4d4b010943745af39ec639edb76180f
槐米,HERB002472,HBIN005563,"2e,4e-tetradecadienoic acid",24.944,0.341,False,CCCCCCCCCC=CC=CC(=O)O,5312404,1b02fe97ccd6ec753ce0696da24741d2a2797093764bf7196bd7992ee0ccea78
槐米,HERB002472,HBIN005867,2-lauroleic acid,31.416,0.452,True,CCCCCCCCCC=CC(=O)O,96204,b5287d4604fe92b832fb63c81f83d476a4d8f133736f1f654483c8a504c5cdb4
槐米,HERB002472,HBIN005915,2'-methoxykurarinone,,0.484,False,CC(=CCC(CC1=C2C(=C(C=C1O)OC)C(=O)CC(O2)C3=C(C=C(C=C3)O)OC)C(=C)C)C,11982641,9a85d0703bb72a5b61977d01af681b79bc7f3a56c8f134589518ef7ce58b04e9
槐米,HERB002472,HBIN006115,"2-n-hencosyl-5,7-dihydroxy-6,8-dimethylchromone",3.155,0.177,False,CCCCCCCCCCCCCCCCCCCCCC1=CC(=O)C2=C(C(=C(C(=C2O1)C)O)C)O,129716303,fca6d093ef788db03b203ce839b79a25493e7ac351ad0f665af96aeb48ebb122
槐米,HERB002472,HBIN006118,"2-n-heptadecyl-5,7-dihydroxy-6,8-dimethyl chromone",3.184,0.256,False,CCCCCCCCCCCCCCCCCC1=CC(=O)C2=C(C(=C(C(=C2O1)C)O)C)O,135353761,7ea193e4ab68e89231791ccf35622d092f37f672c5212bc1246b9ae713843c55
槐米,HERB002472,HBIN006125,"2-n-nonadecyl-5,7-dihydroxy-6,8-dimethyl chromone",3.165,,False,NA,NA,4ecb7c1938292bc0a6458316e2208378b007fabaaf5d022d6417e2bf6a6f6ce9
槐米,HERB002472,HBIN006150,"2-n-pentacosyl-5,7-dihydroxy-6,8-dimethyl chromone",3.152,,False,NA,NA,fe1e8cec5e620ebb73be0bf5baf680dcbc2f78ed9c1a795e4466c70585c4f621
槐米,HERB002472,HBIN006151,"2-n-pentadecyl-5,7-dihydroxy-6,8-dimethyl chromone",3.217,,False,NA,NA,513193dfddf1bf4ef9f7ecbc826b7da1c1b288100324b0774a581e5fd032ff48
槐米,HERB002472,HBIN006157,"2-n-tridecyl-5,7-dihydroxy-6,8-dimethyl chromone",3.273,,False,NA,NA,1e838e32daa02263706e8af56f815af678edb8bb766eae918b5713dac72871a6
槐米,HERB002472,HBIN006835,2-tetradecenoic acid,37.13,0.414,True,CCCCCCCCCCCC=CC(=O)O,5282738,d9d4e3a7ee904ae5eeb602fc1b57ed4e949d2f640eb6b3b12cd3fbe6b61ffb9b
槐米,HERB002472,HBIN007286,"3,4',5-trihydroxy-7-methoxy-8-isopente-nylflavone",7.617,0.6,False,CC(=CCC1=C(C=C(C2=C1OC(=C(C2=O)O)C3=CC=C(C=C3)O)O)OC)C,5322079,2cb98cce9c40cc38d006cf5730391a1d9209d232d79d3f8238425aefa22adaeb
槐米,HERB002472,HBIN008723,3'-hydroxymelanettin,30.69,0.497,True,COC1=C(C=C2C(=CC(=O)OC2=C1)C3=CC(=C(C=C3)O)O)O,5318262,83a4a401b4f784cafa34a287b79bb16513edcf8a0aba8cd09d9b253dffad96e0
槐米,HERB002472,HBIN008965,3-methylquercetin,,0.572,False,COC1=C(C=CC(=C1)C2=C(C(=O)C3=C(C=C(C=C3O2)O)O)O)O,5281654,9b23a5598d74d6e5fb2b6329c99f73c2ad5e1f1d45d08551fb7676357ce79e63
槐米,HERB002472,HBIN010574,4-hydroxystrychnine,28.343,0.725,False,C1CN2CC3=CCOC4CC(=O)N5C6C4C3CC2C61C7=C5C(=CC=C7)O,211181,eb219dceb99d7610a53cdbe7de4850f8af68e89d0903130e1343056cff8274cc
槐米,HERB002472,HBIN010920,4-terpineol,40.752,0.575,True,CC1=CCC(CC1)(C(C)C)O,11230,438d79ab929d7e7250bc533813d841ca381cdaab89f539610c014144f7f5ef6e
槐米,HERB002472,HBIN011386,"5alpha,6beta,7beta-trihydroxy-8alpha-methoxy-2-(2-phenylethyl) chromone",,0.768,False,COC1C(C(C(C2=C1OC(=CC2=O)CCC3=CC=CC=C3)O)O)O,5322081,59df280ad2bd953972f67e1e1c6df3ef63c9cae88e4e1810c80c6a2d5499fb31
槐米,HERB002472,HBIN011865,5-o-methyl kushenol c,,0.355,False,CC(=CCC(CC1=C2C(=C(C=C1O)OC)C(=O)C(=C(O2)C3=C(C=C(C=C3)O)O)O)C(=C)C)C,5319696,1b1ac536ec16b06615a54d4f260c186b66c9425734b733cc7dcef67bd783159c
槐米,HERB002472,HBIN012020,"6-[(3s,5r)-1-methyl-5-methylol-3-piperidyl]-2-pyridone",69.552,0.761,True,CN1CC(CC(C1)C2=CC=CC(=O)N2)CO,11447394,e233fd246b048019a5daa8790609d7fc61280f6513a52e2c5a947ab3579890e9
槐米,HERB002472,HBIN012860,"7,11-dehydromatrine",44.426,0.654,True,C1CC2CN3C(=C4C2N(C1)CCC4)CCCC3=O,5316459,6596272b971214deaa4f827986795391bf5a91184d1824cadd8f7e0c043a08ef
槐米,HERB002472,HBIN013798,8-isopentenyl-kaempferol,38.044,0.567,True,CC(C)C=CC1=C2C(=C(C=C1O)O)C(=O)C(=C(O2)C3=CC=C(C=C3)O)O,129716399,623b86303903cd37ea4db2861c2df65aef09351fb898a15155be42b1f35db155
槐米,HERB002472,HBIN013799,8-isopentenyllimettin,,0.801,False,CC(C)C=CC1=C(C=C(C2=C1OC(=O)C=C2)OC)OC,5318625,a647b03bb4b65b0fa70b6d0b373612c7b1efcfea2225e94ac5a02bedeaf1489c
槐米,HERB002472,HBIN014056,9alpha-hydroxysophoramine,,0.75,False,C1CC2CN3C(=O)C=CC=C3C4C2N(C1)CC(C4)O,5318343,120b211380f2dd33bc3e2e8b62af7a4b3af4218a2b7c661bcd80def9a965ffaf
槐米,HERB002472,HBIN014936,Aids211310,68.677,0.653,True,C1CC2C3CCCN4C3C(CCC4)CN2C(=O)C1,5271984,94aa34f159c478b9851f668040a81035f005ae447fb77c0c09328f32a96bf365
槐米,HERB002472,HBIN015233,(+)-allomatrine,58.875,0.653,True,C1CC2C3CCCN4C3C(CCC4)CN2C(=O)C1,7000681,7b33980a6298897ba06d45573aab29f7f7493ce47ef46305a5817534f9bbd381
槐米,HERB002472,HBIN015597,Alpha-maackiain-beta-d-glucoside,,,False,NA,NA,5ade804e94e9e7e302127c5ebc955f8fb4d0ecb962b729b8c2f8f13ff373aaa7
槐米,HERB002472,HBIN015704,Alpha-terpineol,,0.575,False,CC1=CCC(CC1)C(C)(C)O,17100,d9c057f0055b582f5d5f56d612b48291b6fd9f023b16d02a233949dc1ef83c47
槐米,HERB002472,HBIN015975,Anagyrine,,0.695,False,C1CCN2CC3CC(C2C1)CN4C3=CC=CC4=O,5351589,ab175080ad3bf6643790e90d590c2aa824745be13dee6f629c143d56b72a3fe5
槐米,HERB002472,HBIN016568,Arachic acid,16.656,0.274,False,CCCCCCCCCCCCCCCCCCCC(=O)O,10467,c2e47d1bdc6a416e3e0915a19c59e07f85141716f412429082701f6ebfd1dde0
槐米,HERB002472,HBIN017463,Azukisaponini,13.544,0.144,False,CC1(CC2C3=CCC4C5(CCC(C(C5CCC4(C3(CCC2(C(C1)O)C)C)C)(C)C)OC6C(C(C(C(O6)C(=O)O)O)O)OC7C(C(C(C(O7)CO)O)O)O)C)C,102500449,778eb24b5914d408327ff04037fa97b8f43419702868daacf03ba63da71d8895
槐米,HERB002472,HBIN017585,Baptifoline,,0.75,False,C1CN2CC3CC(C2CC1O)CN4C3=CC=CC4=O,160543,17738597775b71dae2b33d3dcf1fd82e29e92a86093edf84d730c2e4161f6c6b
槐米,HERB002472,HBIN018278,Beta-sitosterol,36.914,0.436,True,CCC(CCC(C)C1CCC2C1(CCC3C2CC=C4C3(CCC(C4)O)C)C)C(C)C,222284,f4971f5e0a729b5d85bab9acc20fe1fe1c5280122718a5d2c80f78a6f779eb20
槐米,HERB002472,HBIN018374,Betulin,,0.452,False,CC(=C)C1CCC2(C1C3CCC4C5(CCC(C(C5CCC4(C3(CC2)C)C)(C)C)O)C)CO,72326,420596466b7b18143fd1fd73d433ed526d5f92faedb3cb51ab5e41b98f03c346
槐米,HERB002472,HBIN019487,Camphene,,0.449,False,CC1(C2CCC(C2)C1=C)C,6616,6b1a7fb0fb45096e172c13a1af90c4d88b5066b208c08e1d225b8911b204042a
槐米,HERB002472,HBIN019502,Camphor,,0.521,False,CC1(C2CCC1(C(=O)C2)C)C,2537,fa862e2be5f1dc2cfd61426ffe3e41ee8b451c7d9a5b20857f64e7a8f0c6ac5b
槐米,HERB002472,HBIN022407,Cymol,27.204,0.553,False,CC1=CC=C(C=C1)C(C)C,7463,bfb493f1b076e43d977303ad56c5b88435a53909559f7ca1b75ba03fce94070a
槐米,HERB002472,HBIN022522,Cytisine,69.4,0.648,True,C1C2CNCC1C3=CC=CC(=O)N3C2,10235,a305243ae70fa8515a7dd886ec336de4df0cd6dd29de1c27c093cb5d6e626a46
槐米,HERB002472,HBIN022543,Daechualkaloid a,34.937,0.556,True,C1CC2N(C1)C3=C(CCC3=O)CO2,13875298,b7e76bc49ace0c4b82bd5d362ba3376a4ff3079793617bcd594fdd52665f8d22
槐米,HERB002472,HBIN022899,Decanal,29.805,0.389,False,CCCCCCCCCC=O,8175,6730d3cf3881ae7f39368034dfa08ba50565654a1c711f77ecd4784b4d8ee3fc
槐米,HERB002472,HBIN022905,Decanoic acid,,0.571,False,CCCCCCCCCC(=O)O,2969,8c04eb7e2b9db41c0e6cfe9571e29f21add3beb28de24f552dc87444bde7a173
槐米,HERB002472,HBIN023059,Dehydromiltirone,24.571,0.723,False,CC(C)C1=CC2=C(C3=C(C=C2)C(CC=C3)(C)C)C(=O)C1=O,3082765,8e06748ce325265b0da543a1d468c722078e561ea8463f48cd7352eef211bc09
槐米,HERB002472,HBIN023103,Dekan,17.737,0.468,False,CCCCCCCCCC,15600,64b4068804711fdb5e73db2326f712adad819055040b7bc652599c59be49f677
槐米,HERB002472,HBIN024749,Eb,49.383,0.515,True,CCC1=CC=CC=C1,7500,1fb5f5661fd5c603f056d1f1be0c6a357ec4668dbfc4f11fa0f98f8ab9ad7b71
槐米,HERB002472,HBIN024930,Eic,41.904,0.318,True,CCCCCC=CCC=CCCCCCCCC(=O)O,5280450,af204232079cd92fb47232fbf26e1cac157466c6910ef70b0a93d96fa8822d16
槐米,HERB002472,HBIN024985,Eleutheroside a,20.632,0.257,False,CCC(CCC(C)C1CCC2C1(CCC3C2CC=C4C3(CCC(C4)OC5C(C(C(C(O5)CO)O)O)O)C)C)C(C)C,5742590,859c6e922fedc5852d8e604e0b3e9777c22cbfda30a3bba72d4eed234b013a3a
槐米,HERB002472,HBIN026662,Formononetin,69.674,0.775,True,COC1=CC=C(C=C1)C2=COC3=C(C2=O)C=CC(=C3)O,5280378,af6b9d629564abbf558e279924bde75148a01872ddb080f767186d03246c349f
槐米,HERB002472,HBIN026663,Formononetin-7-glucoside,,0.459,False,COC1=CC=C(C=C1)C2=COC3=C(C2=O)C=CC(=C3)OC4C(C(C(C(O4)CO)O)O)O,3733033,d878975c1dd552c6c581ae38b41a54dd79af77513c3c121d86bbb61580ff4155
槐米,HERB002472,HBIN026982,Gaidic acid,34.018,0.356,True,CCCCCCCCCCCCCC=CC(=O)O,5282743,f4908985a421e6a55ab9e36d3065d31b58af15fcab8f1b65a1737e33782c29f8
槐米,HERB002472,HBIN027456,Genistein,17.933,0.632,False,C1=CC(=CC=C1C2=COC3=CC(=CC(=C3C2=O)O)O)O,5280961,89acf2ff4868c6629c5b3ac61e3a5718d0875e15561ac3c3d3e28e6d0e978482
槐米,HERB002472,HBIN027528,Geraniol,23.935,0.617,False,CC(=CCCC(=CCO)C)C,637566,77b425d00bc1cb317546cca19b409a4c8bb7743821cff963686c39ce8fa187c5
槐米,HERB002472,HBIN027539,Geranylacetone,,0.583,False,CC(=CCCC(=CCCC(=O)C)C)C,1549778,806f8d598edd2508c17592e33fec9c0fa2271d7eb26121b100cab030d82dfaf1
槐米,HERB002472,HBIN028048,Glucuronic acid,46.183,0.298,True,C1(C(C(OC(C1O)O)C(=O)O)O)O,94715,206711fba74e7f3a787011f2ae3169610edd2fa3141fc936e204a8159204a46d
槐米,HERB002472,HBIN029090,Heptadekan,8.642,0.29,False,CCCCCCCCCCCCCCCCC,12398,1fe97b1784be647ddc54dbfb8f28f3e2a38a244a4dabc56a1ba720e2379fb21c
槐米,HERB002472,HBIN029313,Hexanal,55.707,0.388,True,CCCCCC=O,6184,113ba236fbac9ff5af6ba42c8fd273abf43d67657513e036140ed51c9f03629a
槐米,HERB002472,HBIN029328,Hexanoic acid,73.075,0.567,True,CCCCCC(=O)O,8892,ea5f26ea6c344ce7daf4171456cb4e565d228a34bc8ff4dfa574f33c57d9f2b7
槐米,HERB002472,HBIN030835,Isokuraramine,,0.761,False,CN1CC(CC(C1)C2=CC=CC(=O)N2)CO,6325429,cd5a17722e408b686f38bcc671e317d40bec33641f90d098f87eec35bdc320b8
槐米,HERB002472,HBIN030836,Isokurarinone,0.961,0.486,False,CC(=CCC(CC1=C2C(=C(C=C1O)O)C(=O)CC(O2)C3=C(C=C(C=C3)O)OC)C(=C)C)C,5318581,a580a1ca4c5d06c86ab792ede01e81407d09e788e6b2099f3af461802cd95d1f
槐米,HERB002472,HBIN030843,Isolariciresino,6.964,0.651,False,COC1=C(C=C2C(C(C(CC2=C1)CO)CO)C3=CC(=C(C=C3)O)OC)O,92466120,757944a32ab6986e47afdab5d6c0393a400bc781340277aad275903c4771caee
槐米,HERB002472,HBIN030931,Isomatsutakeol,42.123,0.444,True,CCCCCC=CCO,5318599,60b10bb1defec97202809a57e1cdd166e65e7ffb8e6569ab96d7394da95085c6
槐米,HERB002472,HBIN031114,Isorhamnetin,49.604,0.572,True,COC1=C(C=CC(=C1)C2=C(C(=O)C3=C(C=C(C=C3O2)O)O)O)O,5281654,c5bffffdaec11ce4e39ae92531bf76d0fa6d449b8172a6b85827b6c5c4d8963f
槐米,HERB002472,HBIN031270,Isostrychnine,,0.799,False,C1CN2CC(=CCO)C3CC2C14C5C3=CCC(=O)N5C6=CC=CC=C46,11024113,f053d9e53fe5ec6046a9f3e2f847025bfac7e40e629fbb23df2ef7cd81b4e4f2
槐米,HERB002472,HBIN031361,Isoxanthohumol,56.811,0.8,True,CC(=CCC1=C2C(=C(C=C1O)OC)C(=O)CC(O2)C3=CC=C(C=C3)O)C,513197,71a170939d34fcc6495d0f767efcb9a5f76c46dc669d2981e0cd6b1f80e54a31
槐米,HERB002472,HBIN031362,Isoxanthopterin,,0.459,False,C1=NC2=C(NC1=O)N=C(NC2=O)N,135398700,e42cf2544be7496bf1022476515eabe52fc1ecdda33a48f03d6a27b6bb57eed5
槐米,HERB002472,HBIN031753,Kaempferol,41.882,0.546,True,C1=CC(=CC=C1C2=C(C(=O)C3=C(C=C(C=C3O2)O)O)O)O,5280863,a8859b9408ae8fa78fa4eac7d361dc38228cf835a6ffe44c5c7cca3171b8221c
槐米,HERB002472,HBIN031987,Kaikasaponini,17.752,0.144,False,CC1(CC2C3=CCC4C5(CCC(C(C5CCC4(C3(CCC2(C(C1)O)C)C)C)(C)C)OC6C(C(C(C(O6)C(=O)O)O)O)OC7C(C(C(C(O7)CO)O)O)O)C)C,102120183,fbc54e1991d99ed9247c5c978f0ba82be0b89a0f6f766be565c5274c439ec638
槐米,HERB002472,HBIN031989,Kaikasaponiniii,11.353,0.123,False,CC1C(C(C(C(O1)OC2C(C(C(OC2OC3C(C(C(OC3OC4CCC5(C(C4(C)C)CCC6(C5CC=C7C6(CCC8(C7CC(CC8O)(C)C)C)C)C)C)C(=O)O)O)O)CO)O)O)O)O)O,188384,54760ad5ddff600f5e4d2386a0a65ff8b7bd0bb300494409cf1d2823b6557ec8
槐米,HERB002472,HBIN031991,Kaikasaponin iii_qt,16.363,,False,NA,NA,bf4dd64e5de9d35148b06192cecb599b3facc1036492efad64561317150de3a5
槐米,HERB002472,HBIN031992,Kaikasaponini_qt,17.656,,False,NA,NA,c033c94df055d486d28a734065f460dbfd13fdad0b5bfe6a1c1742aa70409c2f
槐米,HERB002472,HBIN032268,Kosamol a,16.805,0.251,False,CC(=CCC(CC1=C2C(=C(C(=C1O)CCC(C)(C)O)O)C(=O)C(C(O2)C3=C(C=C(C=C3)O)O)O)C(=C)C)C,102506430,0aefa1610e76d7f762b4ff8a045f28856d495c699383451ae14d8f767a1f141a
槐米,HERB002472,HBIN032269,Kosamol q,,0.403,False,CC(CO)C(CC=C(C)C)CC1=C2C(=C(C=C1O)O)C(=O)CC(O2)C3=C(C=C(C=C3)O)O,10527176,2d1006a9a36c2ad7d5ebc8881af889967ef7005101ece366398fd4ceca17a077
槐米,HERB002472,HBIN032271,Kosamol r,,0.543,False,CC(=CCC(CC1=C2C(=C(C=C1O)OC)C(=O)CC(O2)C3=CC=CC=C3O)C(=C)C)C,42607847,8c88ada1ae10ee595b3c08b4e24f85df36ded9c2c30f43f98a172f60d3ecdece
槐米,HERB002472,HBIN032273,Kosamol s,,0.735,False,CC(=CCC1=C2C(=C(C=C1O)O)C(=O)CC(O2)C3=CC=CC=C3O)C,10854625,75f1cdfa3dfebac6a09359c60b8972f5afcca6f0290c41d0a10557d59deec344
槐米,HERB002472,HBIN032274,Kosamol t,,,False,NA,NA,ebf92adc515f572032cd5d7e9b4e2f08d2c695c6f6f5a00ba7d2da10adb5d7f0
槐米,HERB002472,HBIN032275,Kosamol u,,0.543,False,CC(=CCC(CC1=C2C(=C(C=C1O)OC)C(=O)CC(O2)C3=CC=C(C=C3)O)C(=C)C)C,42608062,335a46da1c4987895d7abe2bc851573c519073334ff24cac5f89d90f0a0c8167
槐米,HERB002472,HBIN032276,Kosamol v,,0.703,False,CC(=CCC1=C(C2=C(C=C1O)OC(CC2=O)C3=CC(=C(C=C3)O)OC)O)C,38351420,7e0016b981d8a44c16056850e6136f8f4c68bf37e9a9e4ed35a3d7d27649d506
槐米,HERB002472,HBIN032278,Koumidine,,0.794,False,CC=C1CN2C3CC1C(C2CC4=C3NC5=CC=CC=C45)CO,11312436,8c78c3ace8b6bc3ed3b330b48e478c440a0a0de870e9f74c21327b3c58e6fdca
槐米,HERB002472,HBIN032366,Kuraridin,1.223,0.234,False,CC(=CCC(CC1=C(C(=C(C=C1O)OC)C(=O)C=CC2=C(C=C(C=C2)O)O)O)C(=C)C)C,44428631,29d1e41a70e1ee3ca409007d9b5f8c4dda14b8b56e490fc3f38a9889f109c109
槐米,HERB002472,HBIN032369,Kuraridinol,1.286,0.199,False,CC(=C)C(CCC(C)(C)O)CC1=C(C(=C(C=C1O)OC)C(=O)C=CC2=C(C=C(C=C2)O)O)O,5318880,8d8db2650ddd5883534ae857451fe2709b519636bdd990b994ca91daf5dce55c
槐米,HERB002472,HBIN032370,Kurarinol,0.946,0.421,False,CC(=C)C(CCC(C)(C)O)CC1=C2C(=C(C=C1O)OC)C(=O)CC(O2)C3=C(C=C(C=C3)O)O,44563198,0c478d27c7da578881edd3ecd15be3604d9aaef0b7e880ca495f55731d9bd418
槐米,HERB002472,HBIN032371,Kurarinone,23.748,0.486,False,CC(=CCC(CC1=C2C(=C(C=C1O)OC)C(=O)CC(O2)C3=C(C=C(C=C3)O)O)C(=C)C)C,11982640,5a182a2c9132176f2c357b6cc88b61b07b7bc6e08a00afdcb8ad50d5b31cac3c
槐米,HERB002472,HBIN032382,Kushenin,47.622,0.843,True,COC1=C(C=C2C(=C1)C3COC4=C(C3O2)C=CC(=C4)O)O,5318889,a2f3bd61067fcbd2bb9f08106b5aa6926c014dda2ccde0268f5b9e71e35caba8
槐米,HERB002472,HBIN032383,Kushenol a,1.025,0.542,False,CC(=CCC(CC1=C2C(=C(C=C1O)O)C(=O)CC(O2)C3=CC=CC=C3O)C(=C)C)C,44563121,89ba9771e9d55320fc02ddbf475a901634532fdd4f92f2f95ac5109b4f6a040d
槐米,HERB002472,HBIN032384,Kushenol b,1.21,0.301,False,CC(=CCC1=C(C(=C2C(=C1O)C(=O)CC(O2)C3=C(C=C(C=C3)O)O)CC(CC=C(C)C)C(=C)C)O)C,102004745,c0ece3ff74595b59eb0f9944185497bef7d73533cb2171f15e516a157d903017
槐米,HERB002472,HBIN032385,Kushenol c,,0.339,False,CC(=CCC(CC1=C2C(=C(C=C1O)O)C(=O)C(=C(O2)C3=C(C=C(C=C3)O)O)O)C(=C)C)C,5481237,032e41cebc3123b941a13e7c2d633ce6f40a20fb6b4cdec7c7cbc5489240c365
槐米,HERB002472,HBIN032386,Kushenol d,0.945,0.239,False,CC(=CCC(CC1=C(C(=C(C=C1O)OC)C(=O)C=CC2=C(C=C(C=C2)O)OC)O)C(=C)C)C,5318893,6343480e161889b3a2e01c64c3b0055a734cee19c7264d7b595081ce3f8fec22
槐米,HERB002472,HBIN032387,Kushenol e,19.664,0.49,False,CC(=CCC1=C(C(=C2C(=C1O)C(=O)CC(O2)C3=C(C=C(C=C3)O)O)CC=C(C)C)O)C,127234,a9fbc6f089b0aee211ac140dd71042fa50887592924f3afb535a8ab73c3a9ca8
槐米,HERB002472,HBIN032388,Kushenol f,18.848,0.468,False,CC(=CCC(CC1=C(C2=C(C=C1O)OC(CC2=O)C3=C(C=C(C=C3)O)O)O)C(=C)C)C,10455036,dafd9875967b23e697ddb2d3e6901a3fc24ae720b2210ae9ba2cfff7ba9aae72
槐米,HERB002472,HBIN032389,Kushenolg,1.493,0.288,False,CC(=C)C(CCC(C)(C)O)CC1=C2C(=C(C=C1O)O)C(=O)C(=C(O2)C3=C(C=C(C=C3)O)O)O,44259516,5e8cb903a0617b5120a4907fc372c96d03b3b2d672e685e74907efe3352d0e2a
槐米,HERB002472,HBIN032390,Kushenol h,,0.366,False,CC(=C)C(CCC(C)(C)O)CC1=C2C(=C(C=C1O)OC)C(=O)C(C(O2)C3=C(C=C(C=C3)O)O)O,44584091,9c344f17a550046093ae9a3dfdf4bbf63dffb26247f9d84460ec9e85d5635823
槐米,HERB002472,HBIN032391,Kushenol i,4.426,0.453,False,CC(=CCC(CC1=C2C(=C(C=C1O)OC)C(=O)C(C(O2)C3=C(C=C(C=C3)O)O)O)C(=C)C)C,20832634,188eb048273775f5973e6cd7b1e5c49f14cf850bfb7ec374d2d16a4a4a1251f1
槐米,HERB002472,HBIN032392,Kushenol j,51.385,0.189,True,COC1=CC=C(C=C1)C2C(C(=O)C3=C(O2)C=C(C=C3)OC4C(C(C(C(O4)COC5C(C(C(CO5)O)O)O)O)O)O)O,5318898,901e23abb6c998750b2252a81822110adb2f22624cea66858cdcf72f68e86cd7
槐米,HERB002472,HBIN032394,Kushenol k,,0.366,False,CC(=C)C(CCC(C)(C)O)CC1=C2C(=C(C=C1O)OC)C(=O)C(C(O2)C3=C(C=C(C=C3)O)O)O,44428630,535ca8f130f64a945a769fa9c234bf49b0550036722ef7f8dce1ab995c23caa8
槐米,HERB002472,HBIN032395,Kushenol l,,0.441,False,CC(=CCC1=C(C(=C2C(=C1O)C(=O)C(C(O2)C3=C(C=C(C=C3)O)O)O)CC=C(C)C)O)C,21721878,8162e19dc743e5f4db1746ea11e284961f46c48459bdc7ca59f38a04622a70ba
槐米,HERB002472,HBIN032396,Kushenol m,0.969,0.286,False,CC(=CCC1=C(C(=C2C(=C1O)C(=O)C(C(O2)C3=C(C=C(C=C3)O)O)O)CC(CC=C(C)C)C(=C)C)O)C,180948,5066ac703cf7bfbbc3383c83b8b1687168c64cf1557a4983b6e5f5b4a316ae45
槐米,HERB002472,HBIN032397,Kushenol n,,0.453,False,CC(=CCC(CC1=C2C(=C(C=C1O)OC)C(=O)C(C(O2)C3=C(C=C(C=C3)O)O)O)C(=C)C)C,102004822,5e15c93f6eac8c279ab53189a5005e287afc0948e168989b2c57f9129e999779
槐米,HERB002472,HBIN032398,Kushenol o,42.405,0.208,True,COC1=CC=C(C=C1)C2=COC3=C(C2=O)C=CC(=C3)OC4C(C(C(C(O4)COC5C(C(C(CO5)O)O)O)O)O)O,44257224,34d892da1bd0c17056c0d3c85a8b3de0fcee89aba7ea1e89603c85407745f6b4
槐米,HERB002472,HBIN032399,Kushenol p,,0.421,False,CC(=C)C(CCC(C)(C)O)CC1=C2C(=C(C=C1O)O)C(=O)CC(O2)C3=C(C=C(C=C3)O)OC,10742453,cfaac19bc8897e9da98f585f7e9b3d14c2da7ee64c8e58f27dc25f0dde123433
槐米,HERB002472,HBIN032400,"Kushenol,t",51.281,0.399,True,CC(=C)C(CCC(C)(C)O)CC1=C2C(=C(C=C1O)O)C(=O)CC(O2)C3=C(C=C(C=C3)O)O,44563159,02c1ed1cdc00dafc9e18b3b54c2a838f7fa544417bdfa3f310f38b55bb8f2535
槐米,HERB002472,HBIN032401,Kushenol x,,0.424,False,CC(=CCC(CC1=C2C(=C(C=C1O)O)C(=O)C(C(O2)C3=C(C=C(C=C3)O)O)O)C(=C)C)C,10599228,5eff701c8b3f4f9227dfe7963b37b0242f3ef519f4b5ac896c09c69ce8fd8d46
槐米,HERB002472,HBIN032402,Kushenquinone a,,0.601,False,CC(=CCC(CC1=C(C(=O)C(=CC1=O)OC)O)C(=C)C)C,5318903,fe4fb6632d8785ada1648c13de3a45490da7e99690703487880ebcc97f2f2645
槐米,HERB002472,HBIN032405,Kusukactone,,0.478,False,CC1C=C(C(=O)C2(C1CC3C4(C2C(C(C(C4CC(=O)O3)(C)OC(=O)C)OC(=O)C)O)C)C)OC,102073915,acb5f1d1ce2e07bcd5bfdb3a0a2c117d68c6cfcad2e023fd4ff76d5a2f74bb91
槐米,HERB002472,HBIN032754,Lauric acid,23.588,0.541,False,CCCCCCCCCCCC(=O)O,3893,37a6e3f80fa2f6b158c936bbe61cba9093578a864a26e48407e5f6d998ac554f
槐米,HERB002472,HBIN032821,"Leachianone,a",0.961,0.486,False,CC(=CCC(CC1=C2C(=C(C=C1O)O)C(=O)CC(O2)C3=C(C=C(C=C3)O)OC)C(=C)C)C,44593449,e180b5b4de6763887713546c75d5cdd4ea90f1000364f49a66564aafaeeeb683
槐米,HERB002472,HBIN032823,Leachianone g,,0.624,False,CC(=CCC1=C2C(=C(C=C1O)O)C(=O)CC(O2)C3=C(C=C(C=C3)O)O)C,5275227,37210a478cab56f8140810858a1debd2400e5f0d5ba8fc6c2a0e949c30b17c21
槐米,HERB002472,HBIN032852,Lehmanine,,0.607,False,C1CC2CN3C(C=CCC3=O)C4C2N(C1)CCC4,3041752,58bf7c53cce61c68aa4ced63678a541fa3cdfca4b2af641fae1a28270cb14a49
槐米,HERB002472,HBIN033265,(r)-linalool,39.804,0.617,True,CC(=CCCC(C)(C=C)O)C,443158,1f888fae5ad6a8f7eecc83f724f7c4c879c61a12976d5de3a23e19c15c72b639
槐米,HERB002472,HBIN033339,Linolenic acid,45.009,0.348,True,CCC=CCC=CCC=CCCCCCCCC(=O)O,5280934,d1539f9ca51c814e88a397eb3af9e19c01f975b939ad3371b0bd0a4d27812fa7
槐米,HERB002472,HBIN033428,L-limonen,38.093,0.485,True,CC1=CCC(CC1)C(=C)C,439250,328d0009ab638e67376e6c83cd9d95dff55b8e2c8ad375f4562cad2e53aafd57
槐米,HERB002472,HBIN033744,Lupanine,,0.653,False,C1CCN2CC3CC(C2C1)CN4C3CCCC4=O,91471,4c0f33f0de076c6a73e47875fa4970f35eca525ec1dc37592b52099bc96de367
槐米,HERB002472,HBIN033749,Lupenone,,0.387,False,CC(=C)C1CCC2(C1C3CCC4C5(CCC(=O)C(C5CCC4(C3(CC2)C)C)(C)C)C)C,92158,09823ee0b8783f9224c8a493d0980fb7382357a76c19766cd6b8aab73797125a
槐米,HERB002472,HBIN034075,Maackiain,,0.806,False,C1C2C(C3=C(O1)C=C(C=C3)O)OC4=CC5=C(C=C24)OCO5,91510,9749b309124b1341936d64f1e887899f5f884b2d24e950b2b040335d1233c3d4
槐米,HERB002472,HBIN034077,(-)-maackiain-3-o-glucosyl-6'-o-malonate,48.695,0.294,True,C1C2C(C3=C(O1)C=C(C=C3)OC4C(C(C(C(O4)COC(=O)CC(=O)O)O)O)O)OC5=CC6=C(C=C25)OCO6,23724669,4dbf168fc27ef3c2dc2fb220178ae1d639bd55a2cc7443aa9c72ba30dd81a8cb
槐米,HERB002472,HBIN034370,Mamanine,53.069,0.845,True,C1CCN2CC(CC(C2C1)CO)C3=CC=CC(=O)N3,3085182,d8fac0e0529d6bbcb19a6db7e544b932fc14d9c1f1be7de0308522a479c30a77
槐米,HERB002472,HBIN034371,Mamegakinone,,0.794,False,CC1=CC2=C(C(=C1)O)C(=O)C(=CC2=O)C3=CC(=O)C4=C(C3=O)C(=CC(=C4)C)O,167673,4fbbab0adce17a58c8b2b53692bb4db7cddce8f135837e38edfc1b408fd569ae
槐米,HERB002472,HBIN034558,Matrine,63.775,0.653,True,C1CC2C3CCCN4C3C(CCC4)CN2C(=O)C1,91466,482e9710a3ef2ef3fbe617bd1363b29ac0283965e239baa6537e96c6471e8041
槐米,HERB002472,HBIN034559,Matsukaze lactone,15.622,0.526,False,COC1=C(C2=C(C=C1)C=CC(=O)O2)C3=C(C=C4C(=C3)C=CC(=O)O4)OC,5319307,b94d48b66a28ba641fd714f6df1a5fdd185774c3dfba499b8ebea27c0a2bc108
槐米,HERB002472,HBIN035214,Methyleugenol,,0.659,False,COC1=C(C=C(C=C1)CC=C)OC,7127,20eeb44556124c2c06ec5404f22d3bfe1cc31d3cfde20873544cc4b4a52094fd
槐米,HERB002472,HBIN035290,Methyl lagerine,,0.614,False,COC1=CC2=CC(=C1OC)OC3=CC=C(CCC(=O)OC4CC5CCCCN5C2C4)C=C3,5319697,bedb6be1ccdf6fa2c5cc39bc8b252adae42eaf030ff7633b8a5cbe607663f5c8
槐米,HERB002472,HBIN036050,M-xylene,47.427,0.476,True,CC1=CC(=CC=C1)C,7929,65b14a160204d560de9fac3ca87af7b8bf0dbe36f30e646a15353cd4f3d084e9
槐米,HERB002472,HBIN036067,Myrcene,,0.41,False,CC(=CCCC(=C)C=C)C,31253,ffccc200d05cb3ca6357a50426a00ef87b62408a11fa6306dbb1f572397939a7
槐米,HERB002472,HBIN036197,Mys,13.981,0.343,False,CCCCCCCCCCCCCCC,12391,4e56da19a6e0b613d437cc47bf7c82adac1bb23d1e5e2ee2671e9487bcd56d08
槐米,HERB002472,HBIN036254,N-[6-(9-acridinylamino)hexyl]benzamide,41.703,0.278,True,C1=CC=C(C=C1)C(=O)NCCCCCCNC2=C3C=CC=CC3=NC4=CC=CC=C42,146515,a2db11a2bf69c2144603cba54d9514a18c3eaff09e4033de8f2d6eb4bb75cb06
槐米,HERB002472,HBIN036673,Neokurarinol,,0.438,False,CC(=C)C(CCC(C)(C)O)CC1=C2C(=C(C=C1O)OC)C(=O)CC(O2)C3=C(C=C(C=C3)O)OC,102090469,bf2fcc4ff70981a1ba0ee664f7a9a080a977a93ecdf47fcbcfd8fd0f4495a0ae
槐米,HERB002472,HBIN036677,Neoligustilide,,0.593,False,CCC1CC12C3=C(C=CCC3)C(=O)O2,5320099,18590f97d8aee4098ae18b52b52d09d8702beef8fa4d54635746005f06f39a3c
槐米,HERB002472,HBIN036903,Nicotiflorin,3.637,0.159,False,CC1C(C(C(C(O1)OCC2C(C(C(C(O2)OC3=C(OC4=CC(=CC(=C4C3=O)O)O)C5=CC=C(C=C5)O)O)O)O)O)O)O,5318767,d88e787ec2050065682d447e830a3f928ad1c3efe18820dd5e15293e109fbe89
槐米,HERB002472,HBIN037080,N-methylcytisine,76.704,0.627,True,CN1CC2CC(C1)C3=CC=CC(=O)N3C2,670971,907f509bd6fddcae1163242a15f0e94cc9f2d1baadc49763f8d3f1b29ea676f6
槐米,HERB002472,HBIN037250,Nonanal,,0.394,False,CCCCCCCCC=O,31289,0dfec3a6788f09a03beb39da718a69d42506c1e109280e01ba4606069f5187fb
槐米,HERB002472,HBIN037254,Nonanoic acid,40.509,0.578,True,CCCCCCCCC(=O)O,8158,38025b4e8aa63c433a21d2d95f42f93fb0076b070a201ded94f61e4269f85775
槐米,HERB002472,HBIN037256,Nonanol,33.194,0.545,True,CCCCCCCCCO,8914,8712c42ac7f930698f6093e7c4fc2593ecbbe8231d93b4cb9ca6212a10752d8e
槐米,HERB002472,HBIN037357,Norkurarinone,,0.468,False,CC(=CCC(CC1=C2C(=C(C=C1O)O)C(=O)CC(O2)C3=C(C=C(C=C3)O)O)C(=C)C)C,72936,355c98ad647440a2fd72b96c3b151ec24367133d578684cc1ebe45af23fcd4b5
槐米,HERB002472,HBIN037362,Normacusine b,,0.794,False,CC=C1CN2C3CC1C(C2CC4=C3NC5=CC=CC=C45)CO,10469722,439bcae8a6bf34cc3e0a92d40d8b74faf4178af4679845494ad63126c50d0e21
槐米,HERB002472,HBIN037467,N-oxysophocarpine,0.273,0.492,False,C1CC2CN3C(CC=CC3=O)C4C2[N+](C1)(CCC4)[O-],618688,abaf3311b9afa86d7d132c983b2b65a64a587ee7c58b8a2caad44ea08523136b
槐米,HERB002472,HBIN037739,Octadecane,,0.27,False,CCCCCCCCCCCCCCCCCC,11635,b71d24c30d9e7714cedb9b0f03b51170524f47c4820a8bf060d3947ca065a2fd
槐米,HERB002472,HBIN037795,Octanoic acid,,0.581,False,CCCCCCCC(=O)O,379,ed80b904856a060ce0a5c27c5d15b130e11ae651bdfce00206fbc35b3fcf84a0
槐米,HERB002472,HBIN038108,O-methyldalbergin,,0.69,False,COC1=C(C=C2C(=C1)C(=CC(=O)O2)C3=CC=CC=C3)OC,1235191,5a26c495fa83ff0e8d604ace1d2a25fd3597df33314acac7074353715689fe5b
槐米,HERB002472,HBIN038485,O-xylene,45.547,0.476,True,CC1=CC=CC=C1C,7237,e3e8f33ca955f1cf7b3a15d2bb5537a7f29d6df1a5bb26d8e51a66a10fc17e0d
槐米,HERB002472,HBIN038488,Oxymatrine,0.348,0.495,False,C1CC2C3CCC[N+]4(C3C(CCC4)CN2C(=O)C1)[O-],114850,2a4c019dc5fbfc23a6b073bc8e3dd2f0190603d7f59f0f20558c34cb3780151c
槐米,HERB002472,HBIN038489,Oxynarcotine,56.743,0.547,True,CNCCC1=CC2=C(C(=C1CC(=O)C3=C(C(=C(C=C3)OC)OC)C(=O)O)OC)OCO2,5320347,14434d980c9b6f5778b292d85ffc4c7438a43efa18bec0a81fcc271870578b47
槐米,HERB002472,HBIN039127,Pentacosanoic acid,14.568,0.179,False,CCCCCCCCCCCCCCCCCCCCCCCCC(=O)O,10468,c953c2067c46092bb86c9142348fddac4b2059fe861e490cc4cc443575a71a4b
槐米,HERB002472,HBIN039363,P-ethyltoluene,34.741,0.534,True,CCC1=CC=C(C=C1)C,12160,361f64e5a6d7966a62d5eb55887dfece75cb97eeedc7414d35de6b2d51c82c4b
槐米,HERB002472,HBIN041334,P-xylene,48.743,0.476,True,CC1=CC=C(C=C1)C,7809,68fd64facd1fc8223b31e07c39248725648110b3d0cb85cbed28beb4d2c7b737
槐米,HERB002472,HBIN041495,Quercetin,,0.434,False,C1=CC(=C(C=C1C2=C(C(=O)C3=C(C=C(C=C3O2)O)O)O)O)O,5280343,56792f536b0cd7e79ed6ce07cae3ab5271ac293b53bfaf7641a8793c66bcd1a3
槐米,HERB002472,HBIN042670,Rutin,3.202,0.14,False,CC1C(C(C(C(O1)OCC2C(C(C(C(O2)OC3=C(OC4=CC(=CC(=C4C3=O)O)O)C5=CC(=C(C=C5)O)O)O)O)O)O)O)O,5280805,8b48f6091ffc53346933dd99666c8ea49810397f05c03a1c1e6fe2709a256d19
槐米,HERB002472,HBIN042726,Sabinene,,0.486,False,CC(C)C12CCC(=C)C1C2,18818,4cdaa866009978430a7f719e0afa621ab9f493c09b092afae80cca0870acbd4f
槐米,HERB002472,HBIN044258,Sokurarinone,4.22,0.486,False,CC(=CCC(CC1=C(C2=C(C=C1O)OC(CC2=O)C3=C(C=C(C=C3)O)OC)O)C(=C)C)C,13872451,3d300fcb2e7625fbe9769cd97d832c75855327731b7ff6613731d6c9e4c83dcd
槐米,HERB002472,HBIN044342,Sophocarpine,64.264,0.649,True,C1CC2CN3C(CC=CC3=O)C4C2N(C1)CCC4,115269,de18b1acde7dc0ca8ec275466578fa6d06eae253d7d129c80baa2a2d264c6600
槐米,HERB002472,HBIN044345,Sophoflavescenol,,0.6,False,CC(=CCC1=C2C(=C(C=C1O)OC)C(=O)C(=C(O2)C3=CC=C(C=C3)O)O)C,9929189,564de95c5642d316372a972cfd8259e1c6ad66c34056e6514b4772b99c2fb703
槐米,HERB002472,HBIN044346,Sophojaponicin,,0.518,False,C1C2C(C3=C(O1)C=C(C=C3)OC4C(C(C(C(O4)CO)O)O)O)OC5=CC6=C(C=C25)OCO6,44257440,3e634113f4d06cf58fd22ad7ed6986a65fa9277e122e4e3f1b3b2517c78d2e5f
槐米,HERB002472,HBIN044352,Sophoradiol,19.82,0.391,False,CC1(CC2C3=CCC4C5(CCC(C(C5CCC4(C3(CCC2(C(C1)O)C)C)C)(C)C)O)C)C,9846221,c3064bbf7237d50fd55e034dba319c471307c067caf79dab00deeb2c259156af
槐米,HERB002472,HBIN044358,Sophoraflavanone  g,,0.459,False,CC(=CCCC(=CCC1=C2C(=C(C=C1O)O)C(=O)CC(O2)C3=C(C=C(C=C3)O)O)C)C,118975916,efbdcb4fe9d38631be882923141de0a02867b97c78a751b5b4569adc764b7441
槐米,HERB002472,HBIN044372,Sophoraflavosidei,,0.061,False,CC1C(C(C(C(O1)OC2C(C(C(OC2OC3C(C(C(OC3OC4CCC5(C(C4(C)CO)CCC6(C5CC=C7C6(CCC8(C7CC(CC8OC9C(C(C(CO9)O)O)OC1C(C(C(C(O1)CO)O)O)O)(C)C)C)C)C)C)C(=O)O)O)O)CO)O)O)O)O)O,20056309,63656f84dd64da6982072c5cba16cf6d2602db85337df09d602b0b455670b269
槐米,HERB002472,HBIN044373,Sophoraflavoside ii,2.69,0.099,False,CC1C(C(C(C(O1)O)OC2C(C(C(C(O2)CO)O)O)OC3C(C(C(OC3OC4CCC5(C(C4(C)CO)CCC6(C5CC=C7C6(CCC8(C7CC(CC8O)(C)C(=O)O)C)C)C)C)C(=O)O)O)O)O)O,197561,650cd4016670efee59c7766721243dc646f3421141a42ce35d076a6685de49cc
槐米,HERB002472,HBIN044374,Sophoraflavoside iii,,0.079,False,CC1C(C(C(C(O1)O)OC2C(C(C(C(O2)CO)O)O)OC3C(C(C(OC3OC4CCC5(C(C4(C)CO)CCC6(C5CC=C7C6(CCC8(C7CC(CC8OC9CC(C(C(O9)O)O)O)(C)C(=O)O)C)C)C)C)C(=O)O)O)O)O)O,197563,fc18fa33acb0600ed22308e5fac22afe99cf273e81b07aa682d8292a6a9c61bf
槐米,HERB002472,HBIN044375,Sophoraflavoside iv,3.513,0.055,False,CC1C(C(C(C(O1)OC2C(C(C(OC2OC3C(C(C(OC3OC4CCC5(C(C4(C)CO)CCC6(C5CC=C7C6(CCC8(C7CC(CC8OC9C(C(C(CO9)O)O)OC1C(C(C(OC1O)CO)O)O)(C)C(=O)O)C)C)C)C)C(=O)O)O)O)CO)O)O)O)O)O,3083427,d3f327091270c7cefa42938db7342d0587c86f1e56141e1bc456430f4daae907
槐米,HERB002472,HBIN044380,"Sophoraisoflavanone,a",0.968,0.711,False,CC(=CCC1=C(C=CC(=C1OC)C2COC3=CC(=CC(=C3C2=O)O)O)O)C,442822,082a5331448ad65fabcc3f93d37cd3233d19fa09ecadfa3e4e545bd43b85d3db
槐米,HERB002472,HBIN044381,Sophoramine,42.162,0.695,True,C1CC2CN3C(=O)C=CC=C3C4C2N(C1)CCC4,169014,e00d69cfe327215c73bc85bcc6c66cd8203f87e57a1d002cae6315287a7405d2
槐米,HERB002472,HBIN044382,Sophoranochromene,,0.478,False,CC(=CCC1=CC(=CC2=C1OC(C=C2)(C)C)C3CC(=O)C4=C(O3)C(=C(C=C4)O)CC=C(C)C)C,42607818,cb2af0cc0c3b4a1cf1c37d0e3dd5f21e12be713fa29110e0f5df2378e4927d17
槐米,HERB002472,HBIN044383,Sophoranol,,0.709,False,C1CC2C3CCCN4C3C(CCC4)(CN2C(=O)C1)O,12442899,e78c821e5c03953e8dfeef467256079e3151bbabbabe201fd96a5da6a2680aaa
槐米,HERB002472,HBIN044385,Sophoranol n-oxide,0.294,,False,NA,NA,4c685f70cb9c0721849cdfd2c8abced60fb27f188c854f3ac323925b1ce65ebf
槐米,HERB002472,HBIN044386,Sophoranone,,0.425,False,CC(=CCC1=CC(=CC(=C1O)CC=C(C)C)C2CC(=O)C3=C(O2)C(=C(C=C3)O)CC=C(C)C)C,441767,9aeb45f159b0e8795738c15c76c6407d277b0a013db8710f8bbb252e9e0182e3
槐米,HERB002472,HBIN044394,Sophoridine,60.07,0.653,True,C1CC2C3CCCN4C3C(CCC4)CN2C(=O)C1,165549,04ad8741e64e4279b6412a8c2a290ed566cec3b83646347256d5ccda0a025094
槐米,HERB002472,HBIN044426,Soyasapogenol b,,0.415,False,CC1(CC2C3=CCC4C5(CCC(C(C5CCC4(C3(CCC2(C(C1)O)C)C)C)(C)CO)O)C)C,115012,1f372ca341c450cd5cf1e72dfd68125972778c786af54d30745f01fc827e907d
槐米,HERB002472,HBIN044433,Soyasaponin 1,,0.112,False,CC1C(C(C(C(O1)OC2C(C(C(OC2OC3C(C(C(OC3OC4CCC5(C(C4(C)CO)CCC6(C5CC=C7C6(CCC8(C7CC(CC8O)(C)C)C)C)C)C)C(=O)O)O)O)CO)O)O)O)O)O,122097,c191f7be02232567f2d7c10413d756977b6dfbed628afded5399178ef5fefad6
槐米,HERB002472,HBIN044442,Soyasaponin i,2.055,0.112,False,CC1C(C(C(C(O1)OC2C(C(C(OC2OC3C(C(C(OC3OC4CCC5(C(C4(C)CO)CCC6(C5CC=C7C6(CCC8(C7CC(CC8O)(C)C)C)C)C)C)C(=O)O)O)O)CO)O)O)O)O)O,122097,7afaf57123351f77c279dc4d5cff344081d28b61484559d78a987f2af5632bec
槐米,HERB002472,HBIN044455,Soyasponinⅲ,,0.132,False,CC1(CC2C3=CCC4C5(CCC(C(C5CCC4(C3(CCC2(C(C1)O)C)C)C)(C)CO)OC6C(C(C(C(O6)C(=O)O)O)O)OC7C(C(C(C(O7)CO)O)O)O)C)C,13326387,e0eb2c580628d6f36c05133319251da06adc24fb81fc208fccecf7ec8af05894
槐米,HERB002472,HBIN044456,Soyasponin i,17.061,,False,NA,NA,be3457b27d0c39cdb15336c34a69ba290b7585277f72395437cfe141e156017f
槐米,HERB002472,HBIN046493,Tmh,46.25,0.449,True,CC1=CCC2CC1C2(C)C,82227,c171f5e1d2eabcc3d4b2c74fd9d5215fc371b529655a8251a9b985e5a78a47a7
槐米,HERB002472,HBIN046736,Trans-caryophyllene,,0.501,False,CC1=CCCC(=C)C2CC(C2CC1)(C)C,5281515,405e908a0d0aa95cc6afbcc16818b3e64cc12802d4f2003510e88eb1a0d1453e
槐米,HERB002472,HBIN047242,Trochol,15.48,0.452,False,CC(=C)C1CCC2(C1C3CCC4C5(CCC(C(C5CCC4(C3(CC2)C)C)(C)C)O)C)CO,72326,816edcd25c0a43be39bf967cf610107204cc9434a441e5b13bc40f85e8d988b7
槐米,HERB002472,HBIN047558,Upl,8.52,0.252,False,CCCCCCCCCCCCCCCCCCC,12401,5d8a7d50455255c45537a89dc6d4a2a5f532fc0d8b2831eb83d903e3fc20ac65
槐米,HERB002472,HBIN048442,Xanthohumol,1.018,0.411,False,CC(=CCC1=C(C(=C(C=C1O)OC)C(=O)C=CC2=CC=C(C=C2)O)O)C,639665,e99e9371d2221e53ac88a1b05c0d990d04a9bd1edf002f28b286f78bbe8442fe
槐米,HERB002472,HBIN048449,Xanthomicrol,28.581,0.751,False,COC1=C(C(=C2C(=C1O)C(=O)C=C(O2)C3=CC=C(C=C3)O)OC)OC,73207,6be736bfcc1bb629ac35e3e1d6dbe106368b9a8de9a50bb575c4a22556cba414
