herb_name,current_catalog_eligible,catalog_canonical_name,plant_name_cn,latin_name,family_name_cn,use_part,source_level,source_url,automatic_catalog_gate,actual_material_identity_and_part_confirmed,review_status
乌梅,True,乌梅,梅,Prunus mume (Sieb.) Sieb. et Zucc.,蔷薇科,近成熟果实,2014官方征求意见稿/非生效终版,https://www.nhc.gov.cn/wjw/yjzj/201411/2d5b6eec573e4d51b8d6d1c33a75ff52/files/1732844430549_44330.doc,pass,,manual_review_required
大枣,True,枣（大枣、酸枣、黑枣）,枣,Ziziphus jujuba Mill.,鼠李科,成熟果实,2014官方征求意见稿/非生效终版,https://www.nhc.gov.cn/wjw/yjzj/201411/2d5b6eec573e4d51b8d6d1c33a75ff52/files/1732844430549_44330.doc,pass,,manual_review_required
山药,True,山药,薯蓣,Dioscorea opposita Thunb.,薯蓣科,根茎,2014官方征求意见稿/非生效终版,https://www.nhc.gov.cn/wjw/yjzj/201411/2d5b6eec573e4d51b8d6d1c33a75ff52/files/1732844430549_44330.doc,pass,,manual_review_required
栀子,True,栀子,栀子,Gardenia jasminoides Ellis,茜草科,成熟果实,2014官方征求意见稿/非生效终版,https://www.nhc.gov.cn/wjw/yjzj/201411/2d5b6eec573e4d51b8d6d1c33a75ff52/files/1732844430549_44330.doc,pass,,manual_review_required
槐米,True,槐米,槐,Sophora japonica L.,豆科,花蕾（征求意见表合并写作花及花蕾）,2014官方征求意见稿/非生效终版,https://www.nhc.gov.cn/wjw/yjzj/201411/2d5b6eec573e4d51b8d6d1c33a75ff52/files/1732844430549_44330.doc,pass,,manual_review_required
甘草,True,甘草,甘草；胀果甘草；光果甘草,Glycyrrhiza uralensis Fisch.；Glycyrrhiza inflata Bat.；Glycyrrhiza glabra L.,豆科,根和根茎,2014官方征求意见稿/非生效终版,https://www.nhc.gov.cn/wjw/yjzj/201411/2d5b6eec573e4d51b8d6d1c33a75ff52/files/1732844430549_44330.doc,pass,,manual_review_required
生姜,True,姜（生姜、干姜）,姜,Zingiber officinale Rosc.,姜科,新鲜根茎,2014官方征求意见稿/非生效终版,https://www.nhc.gov.cn/wjw/yjzj/201411/2d5b6eec573e4d51b8d6d1c33a75ff52/files/1732844430549_44330.doc,pass,,manual_review_required
白扁豆,True,白扁豆,扁豆,Dolichos lablab L.,豆科,成熟种子,2014官方征求意见稿/非生效终版,https://www.nhc.gov.cn/wjw/yjzj/201411/2d5b6eec573e4d51b8d6d1c33a75ff52/files/1732844430549_44330.doc,pass,,manual_review_required
砂仁,True,砂仁,阳春砂；绿壳砂；海南砂,Amomum villosum Lour.；Amomum villosum Lour. var. xanthioides T.L.Wu et Senjen；Amomum longiligularg T.L.Wu,姜科,成熟果实,2014官方征求意见稿/非生效终版,https://www.nhc.gov.cn/wjw/yjzj/201411/2d5b6eec573e4d51b8d6d1c33a75ff52/files/1732844430549_44330.doc,pass,,manual_review_required
芡实,True,芡实,芡,Euryale ferox Salisb.,睡莲科,成熟种仁,2014官方征求意见稿/非生效终版,https://www.nhc.gov.cn/wjw/yjzj/201411/2d5b6eec573e4d51b8d6d1c33a75ff52/files/1732844430549_44330.doc,pass,,manual_review_required
茯苓,True,茯苓,茯苓,Poria cocos (Schw.) Wolf,多孔菌科,菌核,2014官方征求意见稿/非生效终版,https://www.nhc.gov.cn/wjw/yjzj/201411/2d5b6eec573e4d51b8d6d1c33a75ff52/files/1732844430549_44330.doc,pass,,manual_review_required
莲子,True,莲子,莲,Nelumbo nucifera Gaertn.,睡莲科,成熟种子,2014官方征求意见稿/非生效终版,https://www.nhc.gov.cn/wjw/yjzj/201411/2d5b6eec573e4d51b8d6d1c33a75ff52/files/1732844430549_44330.doc,pass,,manual_review_required
蒲公英,True,蒲公英,蒲公英；碱地蒲公英；同属数种植物,Taraxacum mongolicum Hand.-Mazz.；Taraxacum borealisinense Kitam.,菊科,全草,2014官方征求意见稿/非生效终版,https://www.nhc.gov.cn/wjw/yjzj/201411/2d5b6eec573e4d51b8d6d1c33a75ff52/files/1732844430549_44330.doc,pass,,manual_review_required
薏苡仁,True,薏苡仁,薏苡,Coix lacryma-jobi L. var. mayuen. (Roman.) Stapf,禾本科,成熟种仁,2014官方征求意见稿/非生效终版,https://www.nhc.gov.cn/wjw/yjzj/201411/2d5b6eec573e4d51b8d6d1c33a75ff52/files/1732844430549_44330.doc,pass,,manual_review_required
藿香,True,藿香,广藿香,Pogostemon cablin (Blanco) Benth.,唇形科,地上部分,2014官方征求意见稿/非生效终版,https://www.nhc.gov.cn/wjw/yjzj/201411/2d5b6eec573e4d51b8d6d1c33a75ff52/files/1732844430549_44330.doc,pass,,manual_review_required
金银花,True,金银花,忍冬,Lonicera japonica Thunb.,忍冬科,花蕾或带初开的花,2014官方征求意见稿/非生效终版,https://www.nhc.gov.cn/wjw/yjzj/201411/2d5b6eec573e4d51b8d6d1c33a75ff52/files/1732844430549_44330.doc,pass,,manual_review_required
陈皮,True,橘皮,橘及其栽培变种,Citrus reticulata Blanco,芸香科,成熟果皮,2014官方征求意见稿/非生效终版,https://www.nhc.gov.cn/wjw/yjzj/201411/2d5b6eec573e4d51b8d6d1c33a75ff52/files/1732844430549_44330.doc,pass,,manual_review_required
马齿苋,True,马齿苋,马齿苋,Portulaca oleracea L.,马齿苋科,地上部分,2014官方征求意见稿/非生效终版,https://www.nhc.gov.cn/wjw/yjzj/201411/2d5b6eec573e4d51b8d6d1c33a75ff52/files/1732844430549_44330.doc,pass,,manual_review_required
鱼腥草,True,鱼腥草,蕺菜,Houttuynia cordata Thunb.,三白草科,新鲜全草或干燥地上部分,2014官方征求意见稿/非生效终版,https://www.nhc.gov.cn/wjw/yjzj/201411/2d5b6eec573e4d51b8d6d1c33a75ff52/files/1732844430549_44330.doc,pass,,manual_review_required
