pair_key,herb_a,herb_b,official_catalog_eligibility,botanical_identity_and_part_match,explicit_pair_incompatibility,dose_limit_compliance,suggested_identity_part_evidence,identity_part_evidence,official_restrictions_special_populations,pharmacopoeia_cautions_pair_conflicts,dose_route_processing,official_quality_risk_evidence,official_safety_evidence_score,hard_gate_status,hard_gate_reasons,score_finality,reviewer,reviewed_at,evidence_file_paths,evidence_sha256
蒲公英＋鱼腥草,蒲公英,鱼腥草,pass,,,,3,,,,,,,catalog_pass_other_gates_pending,需要核对实际材料基源/部位、现行药典禁忌、剂量及加工方式,manual_review_required,,,,
大枣＋蒲公英,蒲公英,大枣,pass,,,,3,,,,,,,catalog_pass_other_gates_pending,需要核对实际材料基源/部位、现行药典禁忌、剂量及加工方式,manual_review_required,,,,
栀子＋蒲公英,蒲公英,栀子,pass,,,,3,,,,,,,catalog_pass_other_gates_pending,需要核对实际材料基源/部位、现行药典禁忌、剂量及加工方式,manual_review_required,,,,
乌梅＋蒲公英,蒲公英,乌梅,pass,,,,3,,,,,,,catalog_pass_other_gates_pending,需要核对实际材料基源/部位、现行药典禁忌、剂量及加工方式,manual_review_required,,,,
蒲公英＋金银花,蒲公英,金银花,pass,,,,3,,,,,,,catalog_pass_other_gates_pending,需要核对实际材料基源/部位、现行药典禁忌、剂量及加工方式,manual_review_required,,,,
蒲公英＋马齿苋,马齿苋,蒲公英,pass,,,,3,,,,,,,catalog_pass_other_gates_pending,需要核对实际材料基源/部位、现行药典禁忌、剂量及加工方式,manual_review_required,,,,
甘草＋蒲公英,蒲公英,甘草,pass,,,,3,,,,,,,catalog_pass_other_gates_pending,需要核对实际材料基源/部位、现行药典禁忌、剂量及加工方式,manual_review_required,,,,
莲子＋陈皮,莲子,陈皮,pass,,,,3,,,,,,,catalog_pass_other_gates_pending,需要核对实际材料基源/部位、现行药典禁忌、剂量及加工方式,manual_review_required,,,,
莲子＋蒲公英,蒲公英,莲子,pass,,,,3,,,,,,,catalog_pass_other_gates_pending,需要核对实际材料基源/部位、现行药典禁忌、剂量及加工方式,manual_review_required,,,,
槐米＋金银花,金银花,槐米,pass,,,,3,,,,,,,catalog_pass_other_gates_pending,需要核对实际材料基源/部位、现行药典禁忌、剂量及加工方式,manual_review_required,,,,
槐米＋马齿苋,马齿苋,槐米,pass,,,,3,,,,,,,catalog_pass_other_gates_pending,需要核对实际材料基源/部位、现行药典禁忌、剂量及加工方式,manual_review_required,,,,
乌梅＋藿香,藿香,乌梅,pass,,,,3,,,,,,,catalog_pass_other_gates_pending,需要核对实际材料基源/部位、现行药典禁忌、剂量及加工方式,manual_review_required,,,,
栀子＋藿香,栀子,藿香,pass,,,,3,,,,,,,catalog_pass_other_gates_pending,需要核对实际材料基源/部位、现行药典禁忌、剂量及加工方式,manual_review_required,,,,
藿香＋鱼腥草,鱼腥草,藿香,pass,,,,3,,,,,,,catalog_pass_other_gates_pending,需要核对实际材料基源/部位、现行药典禁忌、剂量及加工方式,manual_review_required,,,,
槐米＋甘草,槐米,甘草,pass,,,,3,,,,,,,catalog_pass_other_gates_pending,需要核对实际材料基源/部位、现行药典禁忌、剂量及加工方式,manual_review_required,,,,
甘草＋藿香,藿香,甘草,pass,,,,3,,,,,,,catalog_pass_other_gates_pending,需要核对实际材料基源/部位、现行药典禁忌、剂量及加工方式,manual_review_required,,,,
藿香＋金银花,金银花,藿香,pass,,,,3,,,,,,,catalog_pass_other_gates_pending,需要核对实际材料基源/部位、现行药典禁忌、剂量及加工方式,manual_review_required,,,,
藿香＋马齿苋,马齿苋,藿香,pass,,,,3,,,,,,,catalog_pass_other_gates_pending,需要核对实际材料基源/部位、现行药典禁忌、剂量及加工方式,manual_review_required,,,,
大枣＋藿香,藿香,大枣,pass,,,,3,,,,,,,catalog_pass_other_gates_pending,需要核对实际材料基源/部位、现行药典禁忌、剂量及加工方式,manual_review_required,,,,
槐米＋薏苡仁,槐米,薏苡仁,pass,,,,3,,,,,,,catalog_pass_other_gates_pending,需要核对实际材料基源/部位、现行药典禁忌、剂量及加工方式,manual_review_required,,,,
乌梅＋槐米,槐米,乌梅,pass,,,,3,,,,,,,catalog_pass_other_gates_pending,需要核对实际材料基源/部位、现行药典禁忌、剂量及加工方式,manual_review_required,,,,
大枣＋槐米,槐米,大枣,pass,,,,3,,,,,,,catalog_pass_other_gates_pending,需要核对实际材料基源/部位、现行药典禁忌、剂量及加工方式,manual_review_required,,,,
槐米＋生姜,槐米,生姜,pass,,,,3,,,,,,,catalog_pass_other_gates_pending,需要核对实际材料基源/部位、现行药典禁忌、剂量及加工方式,manual_review_required,,,,
槐米＋砂仁,槐米,砂仁,pass,,,,3,,,,,,,catalog_pass_other_gates_pending,需要核对实际材料基源/部位、现行药典禁忌、剂量及加工方式,manual_review_required,,,,
栀子＋槐米,栀子,槐米,pass,,,,3,,,,,,,catalog_pass_other_gates_pending,需要核对实际材料基源/部位、现行药典禁忌、剂量及加工方式,manual_review_required,,,,
槐米＋鱼腥草,鱼腥草,槐米,pass,,,,3,,,,,,,catalog_pass_other_gates_pending,需要核对实际材料基源/部位、现行药典禁忌、剂量及加工方式,manual_review_required,,,,
山药＋槐米,槐米,山药,pass,,,,3,,,,,,,catalog_pass_other_gates_pending,需要核对实际材料基源/部位、现行药典禁忌、剂量及加工方式,manual_review_required,,,,
槐米＋莲子,槐米,莲子,pass,,,,3,,,,,,,catalog_pass_other_gates_pending,需要核对实际材料基源/部位、现行药典禁忌、剂量及加工方式,manual_review_required,,,,
槐米＋藿香,槐米,藿香,pass,,,,3,,,,,,,catalog_pass_other_gates_pending,需要核对实际材料基源/部位、现行药典禁忌、剂量及加工方式,manual_review_required,,,,
山药＋陈皮,山药,陈皮,pass,,,,3,,,,,,,catalog_pass_other_gates_pending,需要核对实际材料基源/部位、现行药典禁忌、剂量及加工方式,manual_review_required,,,,
山药＋蒲公英,蒲公英,山药,pass,,,,3,,,,,,,catalog_pass_other_gates_pending,需要核对实际材料基源/部位、现行药典禁忌、剂量及加工方式,manual_review_required,,,,
金银花＋陈皮,金银花,陈皮,pass,,,,3,,,,,,,catalog_pass_other_gates_pending,需要核对实际材料基源/部位、现行药典禁忌、剂量及加工方式,manual_review_required,,,,
陈皮＋马齿苋,马齿苋,陈皮,pass,,,,3,,,,,,,catalog_pass_other_gates_pending,需要核对实际材料基源/部位、现行药典禁忌、剂量及加工方式,manual_review_required,,,,
乌梅＋陈皮,陈皮,乌梅,pass,,,,3,,,,,,,catalog_pass_other_gates_pending,需要核对实际材料基源/部位、现行药典禁忌、剂量及加工方式,manual_review_required,,,,
大枣＋陈皮,陈皮,大枣,pass,,,,3,,,,,,,catalog_pass_other_gates_pending,需要核对实际材料基源/部位、现行药典禁忌、剂量及加工方式,manual_review_required,,,,
栀子＋陈皮,栀子,陈皮,pass,,,,3,,,,,,,catalog_pass_other_gates_pending,需要核对实际材料基源/部位、现行药典禁忌、剂量及加工方式,manual_review_required,,,,
槐米＋陈皮,槐米,陈皮,pass,,,,3,,,,,,,catalog_pass_other_gates_pending,需要核对实际材料基源/部位、现行药典禁忌、剂量及加工方式,manual_review_required,,,,
陈皮＋鱼腥草,鱼腥草,陈皮,pass,,,,3,,,,,,,catalog_pass_other_gates_pending,需要核对实际材料基源/部位、现行药典禁忌、剂量及加工方式,manual_review_required,,,,
甘草＋陈皮,陈皮,甘草,pass,,,,3,,,,,,,catalog_pass_other_gates_pending,需要核对实际材料基源/部位、现行药典禁忌、剂量及加工方式,manual_review_required,,,,
山药＋白扁豆,白扁豆,山药,pass,,,,3,,,,,,,catalog_pass_other_gates_pending,需要核对实际材料基源/部位、现行药典禁忌、剂量及加工方式,manual_review_required,,,,
山药＋芡实,山药,芡实,pass,,,,3,,,,,,,catalog_pass_other_gates_pending,需要核对实际材料基源/部位、现行药典禁忌、剂量及加工方式,manual_review_required,,,,
蒲公英＋藿香,蒲公英,藿香,pass,,,,3,,,,,,,catalog_pass_other_gates_pending,需要核对实际材料基源/部位、现行药典禁忌、剂量及加工方式,manual_review_required,,,,
乌梅＋莲子,莲子,乌梅,pass,,,,3,,,,,,,catalog_pass_other_gates_pending,需要核对实际材料基源/部位、现行药典禁忌、剂量及加工方式,manual_review_required,,,,
莲子＋鱼腥草,鱼腥草,莲子,pass,,,,3,,,,,,,catalog_pass_other_gates_pending,需要核对实际材料基源/部位、现行药典禁忌、剂量及加工方式,manual_review_required,,,,
栀子＋莲子,栀子,莲子,pass,,,,3,,,,,,,catalog_pass_other_gates_pending,需要核对实际材料基源/部位、现行药典禁忌、剂量及加工方式,manual_review_required,,,,
甘草＋莲子,莲子,甘草,pass,,,,3,,,,,,,catalog_pass_other_gates_pending,需要核对实际材料基源/部位、现行药典禁忌、剂量及加工方式,manual_review_required,,,,
莲子＋金银花,金银花,莲子,pass,,,,3,,,,,,,catalog_pass_other_gates_pending,需要核对实际材料基源/部位、现行药典禁忌、剂量及加工方式,manual_review_required,,,,
莲子＋马齿苋,马齿苋,莲子,pass,,,,3,,,,,,,catalog_pass_other_gates_pending,需要核对实际材料基源/部位、现行药典禁忌、剂量及加工方式,manual_review_required,,,,
山药＋藿香,山药,藿香,pass,,,,3,,,,,,,catalog_pass_other_gates_pending,需要核对实际材料基源/部位、现行药典禁忌、剂量及加工方式,manual_review_required,,,,
大枣＋莲子,莲子,大枣,pass,,,,3,,,,,,,catalog_pass_other_gates_pending,需要核对实际材料基源/部位、现行药典禁忌、剂量及加工方式,manual_review_required,,,,
白扁豆＋莲子,白扁豆,莲子,pass,,,,3,,,,,,,catalog_pass_other_gates_pending,需要核对实际材料基源/部位、现行药典禁忌、剂量及加工方式,manual_review_required,,,,
芡实＋莲子,莲子,芡实,pass,,,,3,,,,,,,catalog_pass_other_gates_pending,需要核对实际材料基源/部位、现行药典禁忌、剂量及加工方式,manual_review_required,,,,
山药＋甘草,山药,甘草,pass,,,,3,,,,,,,catalog_pass_other_gates_pending,需要核对实际材料基源/部位、现行药典禁忌、剂量及加工方式,manual_review_required,,,,
山药＋金银花,金银花,山药,pass,,,,3,,,,,,,catalog_pass_other_gates_pending,需要核对实际材料基源/部位、现行药典禁忌、剂量及加工方式,manual_review_required,,,,
山药＋马齿苋,马齿苋,山药,pass,,,,3,,,,,,,catalog_pass_other_gates_pending,需要核对实际材料基源/部位、现行药典禁忌、剂量及加工方式,manual_review_required,,,,
山药＋鱼腥草,鱼腥草,山药,pass,,,,3,,,,,,,catalog_pass_other_gates_pending,需要核对实际材料基源/部位、现行药典禁忌、剂量及加工方式,manual_review_required,,,,
山药＋栀子,栀子,山药,pass,,,,3,,,,,,,catalog_pass_other_gates_pending,需要核对实际材料基源/部位、现行药典禁忌、剂量及加工方式,manual_review_required,,,,
大枣＋山药,山药,大枣,pass,,,,3,,,,,,,catalog_pass_other_gates_pending,需要核对实际材料基源/部位、现行药典禁忌、剂量及加工方式,manual_review_required,,,,
乌梅＋山药,山药,乌梅,pass,,,,3,,,,,,,catalog_pass_other_gates_pending,需要核对实际材料基源/部位、现行药典禁忌、剂量及加工方式,manual_review_required,,,,
乌梅＋大枣,乌梅,大枣,pass,,,,3,,,,,,,catalog_pass_other_gates_pending,需要核对实际材料基源/部位、现行药典禁忌、剂量及加工方式,manual_review_required,,,,
山药＋莲子,山药,莲子,pass,,,,3,,,,,,,catalog_pass_other_gates_pending,需要核对实际材料基源/部位、现行药典禁忌、剂量及加工方式,manual_review_required,,,,
生姜＋鱼腥草,鱼腥草,生姜,pass,,,,3,,,,,,,catalog_pass_other_gates_pending,需要核对实际材料基源/部位、现行药典禁忌、剂量及加工方式,manual_review_required,,,,
砂仁＋鱼腥草,鱼腥草,砂仁,pass,,,,3,,,,,,,catalog_pass_other_gates_pending,需要核对实际材料基源/部位、现行药典禁忌、剂量及加工方式,manual_review_required,,,,
蒲公英＋陈皮,蒲公英,陈皮,pass,,,,3,,,,,,,catalog_pass_other_gates_pending,需要核对实际材料基源/部位、现行药典禁忌、剂量及加工方式,manual_review_required,,,,
槐米＋蒲公英,蒲公英,槐米,pass,,,,3,,,,,,,catalog_pass_other_gates_pending,需要核对实际材料基源/部位、现行药典禁忌、剂量及加工方式,manual_review_required,,,,
莲子＋藿香,莲子,藿香,pass,,,,3,,,,,,,catalog_pass_other_gates_pending,需要核对实际材料基源/部位、现行药典禁忌、剂量及加工方式,manual_review_required,,,,
蒲公英＋薏苡仁,蒲公英,薏苡仁,pass,,,,3,,,,,,,catalog_pass_other_gates_pending,需要核对实际材料基源/部位、现行药典禁忌、剂量及加工方式,manual_review_required,,,,
生姜＋蒲公英,蒲公英,生姜,pass,,,,3,,,,,,,catalog_pass_other_gates_pending,需要核对实际材料基源/部位、现行药典禁忌、剂量及加工方式,manual_review_required,,,,
砂仁＋蒲公英,蒲公英,砂仁,pass,,,,3,,,,,,,catalog_pass_other_gates_pending,需要核对实际材料基源/部位、现行药典禁忌、剂量及加工方式,manual_review_required,,,,
白扁豆＋蒲公英,蒲公英,白扁豆,pass,,,,3,,,,,,,catalog_pass_other_gates_pending,需要核对实际材料基源/部位、现行药典禁忌、剂量及加工方式,manual_review_required,,,,
芡实＋蒲公英,蒲公英,芡实,pass,,,,3,,,,,,,catalog_pass_other_gates_pending,需要核对实际材料基源/部位、现行药典禁忌、剂量及加工方式,manual_review_required,,,,
藿香＋陈皮,陈皮,藿香,pass,,,,3,,,,,,,catalog_pass_other_gates_pending,需要核对实际材料基源/部位、现行药典禁忌、剂量及加工方式,manual_review_required,,,,
大枣＋金银花,金银花,大枣,pass,,,,3,,,,,,,catalog_pass_other_gates_pending,需要核对实际材料基源/部位、现行药典禁忌、剂量及加工方式,manual_review_required,,,,
大枣＋马齿苋,马齿苋,大枣,pass,,,,3,,,,,,,catalog_pass_other_gates_pending,需要核对实际材料基源/部位、现行药典禁忌、剂量及加工方式,manual_review_required,,,,
生姜＋莲子,莲子,生姜,pass,,,,3,,,,,,,catalog_pass_other_gates_pending,需要核对实际材料基源/部位、现行药典禁忌、剂量及加工方式,manual_review_required,,,,
砂仁＋莲子,莲子,砂仁,pass,,,,3,,,,,,,catalog_pass_other_gates_pending,需要核对实际材料基源/部位、现行药典禁忌、剂量及加工方式,manual_review_required,,,,
山药＋生姜,山药,生姜,pass,,,,3,,,,,,,catalog_pass_other_gates_pending,需要核对实际材料基源/部位、现行药典禁忌、剂量及加工方式,manual_review_required,,,,
山药＋砂仁,山药,砂仁,pass,,,,3,,,,,,,catalog_pass_other_gates_pending,需要核对实际材料基源/部位、现行药典禁忌、剂量及加工方式,manual_review_required,,,,
茯苓＋莲子,茯苓,莲子,pass,,,,3,,,,,,,catalog_pass_other_gates_pending,需要核对实际材料基源/部位、现行药典禁忌、剂量及加工方式,manual_review_required,,,,
白扁豆＋陈皮,白扁豆,陈皮,pass,,,,3,,,,,,,catalog_pass_other_gates_pending,需要核对实际材料基源/部位、现行药典禁忌、剂量及加工方式,manual_review_required,,,,
芡实＋陈皮,芡实,陈皮,pass,,,,3,,,,,,,catalog_pass_other_gates_pending,需要核对实际材料基源/部位、现行药典禁忌、剂量及加工方式,manual_review_required,,,,
甘草＋金银花,金银花,甘草,pass,,,,3,,,,,,,catalog_pass_other_gates_pending,需要核对实际材料基源/部位、现行药典禁忌、剂量及加工方式,manual_review_required,,,,
甘草＋马齿苋,马齿苋,甘草,pass,,,,3,,,,,,,catalog_pass_other_gates_pending,需要核对实际材料基源/部位、现行药典禁忌、剂量及加工方式,manual_review_required,,,,
莲子＋薏苡仁,薏苡仁,莲子,pass,,,,3,,,,,,,catalog_pass_other_gates_pending,需要核对实际材料基源/部位、现行药典禁忌、剂量及加工方式,manual_review_required,,,,
生姜＋陈皮,陈皮,生姜,pass,,,,3,,,,,,,catalog_pass_other_gates_pending,需要核对实际材料基源/部位、现行药典禁忌、剂量及加工方式,manual_review_required,,,,
砂仁＋陈皮,陈皮,砂仁,pass,,,,3,,,,,,,catalog_pass_other_gates_pending,需要核对实际材料基源/部位、现行药典禁忌、剂量及加工方式,manual_review_required,,,,
大枣＋栀子,栀子,大枣,pass,,,,3,,,,,,,catalog_pass_other_gates_pending,需要核对实际材料基源/部位、现行药典禁忌、剂量及加工方式,manual_review_required,,,,
生姜＋白扁豆,白扁豆,生姜,pass,,,,3,,,,,,,catalog_pass_other_gates_pending,需要核对实际材料基源/部位、现行药典禁忌、剂量及加工方式,manual_review_required,,,,
生姜＋芡实,芡实,生姜,pass,,,,3,,,,,,,catalog_pass_other_gates_pending,需要核对实际材料基源/部位、现行药典禁忌、剂量及加工方式,manual_review_required,,,,
白扁豆＋砂仁,白扁豆,砂仁,pass,,,,3,,,,,,,catalog_pass_other_gates_pending,需要核对实际材料基源/部位、现行药典禁忌、剂量及加工方式,manual_review_required,,,,
砂仁＋芡实,芡实,砂仁,pass,,,,3,,,,,,,catalog_pass_other_gates_pending,需要核对实际材料基源/部位、现行药典禁忌、剂量及加工方式,manual_review_required,,,,
乌梅＋甘草,乌梅,甘草,pass,,,,3,,,,,,,catalog_pass_other_gates_pending,需要核对实际材料基源/部位、现行药典禁忌、剂量及加工方式,manual_review_required,,,,
生姜＋藿香,藿香,生姜,pass,,,,3,,,,,,,catalog_pass_other_gates_pending,需要核对实际材料基源/部位、现行药典禁忌、剂量及加工方式,manual_review_required,,,,
砂仁＋藿香,砂仁,藿香,pass,,,,3,,,,,,,catalog_pass_other_gates_pending,需要核对实际材料基源/部位、现行药典禁忌、剂量及加工方式,manual_review_required,,,,
乌梅＋金银花,金银花,乌梅,pass,,,,3,,,,,,,catalog_pass_other_gates_pending,需要核对实际材料基源/部位、现行药典禁忌、剂量及加工方式,manual_review_required,,,,
乌梅＋马齿苋,马齿苋,乌梅,pass,,,,3,,,,,,,catalog_pass_other_gates_pending,需要核对实际材料基源/部位、现行药典禁忌、剂量及加工方式,manual_review_required,,,,
大枣＋鱼腥草,鱼腥草,大枣,pass,,,,3,,,,,,,catalog_pass_other_gates_pending,需要核对实际材料基源/部位、现行药典禁忌、剂量及加工方式,manual_review_required,,,,
薏苡仁＋陈皮,薏苡仁,陈皮,pass,,,,3,,,,,,,catalog_pass_other_gates_pending,需要核对实际材料基源/部位、现行药典禁忌、剂量及加工方式,manual_review_required,,,,
薏苡仁＋藿香,薏苡仁,藿香,pass,,,,3,,,,,,,catalog_pass_other_gates_pending,需要核对实际材料基源/部位、现行药典禁忌、剂量及加工方式,manual_review_required,,,,
白扁豆＋薏苡仁,薏苡仁,白扁豆,pass,,,,3,,,,,,,catalog_pass_other_gates_pending,需要核对实际材料基源/部位、现行药典禁忌、剂量及加工方式,manual_review_required,,,,
芡实＋薏苡仁,薏苡仁,芡实,pass,,,,3,,,,,,,catalog_pass_other_gates_pending,需要核对实际材料基源/部位、现行药典禁忌、剂量及加工方式,manual_review_required,,,,
白扁豆＋藿香,白扁豆,藿香,pass,,,,3,,,,,,,catalog_pass_other_gates_pending,需要核对实际材料基源/部位、现行药典禁忌、剂量及加工方式,manual_review_required,,,,
芡实＋藿香,芡实,藿香,pass,,,,3,,,,,,,catalog_pass_other_gates_pending,需要核对实际材料基源/部位、现行药典禁忌、剂量及加工方式,manual_review_required,,,,
茯苓＋藿香,茯苓,藿香,pass,,,,3,,,,,,,catalog_pass_other_gates_pending,需要核对实际材料基源/部位、现行药典禁忌、剂量及加工方式,manual_review_required,,,,
白扁豆＋茯苓,茯苓,白扁豆,pass,,,,3,,,,,,,catalog_pass_other_gates_pending,需要核对实际材料基源/部位、现行药典禁忌、剂量及加工方式,manual_review_required,,,,
芡实＋茯苓,茯苓,芡实,pass,,,,3,,,,,,,catalog_pass_other_gates_pending,需要核对实际材料基源/部位、现行药典禁忌、剂量及加工方式,manual_review_required,,,,
