material_name,ingredient_name,molecular_formula,molecular_weight,qed,fdamdd,etcm_standards_yes
藿香,(-)-Caryophyllene oxide,C15H24O,220.180,0.445,0.828,True
藿香,(+)-Beta-Caryophyllene,C15H24,204.190,0.501,0.634,True
藿香,"(1R,2R,4S)-2,4-diisopropenyl-1-methyl-1-vinylcyclohexane",C15H24,204.190,0.582,0.718,False
藿香,"(4aS,6aR,6aS,6bR,8aR,10R,12aR,14bS)-10-hydroxy-2,2,6a,6b,9,9,12a-heptamethyl-1,3,4,5,6,6a,7,8,8a,10,11,12,13,14b-tetradecahydropicene-4a-carboxylic acid",C30H48O3,456.360,0.409,0.618,True
藿香,(E)-2-Hexenyl--alpha-L-arabinopyranosyl-(1->2)--beta-D-glucopyranoside,C17H30O10,394.180,0.246,0.001,False
藿香,(E)-calamenene,C15H22,202.170,0.622,0.233,False
藿香,"(Z)-(1S,5R)-beta-pinen-10-yl-beta-vicianoside",C21H34O10,446.220,0.278,0.922,False
藿香,"1-Methylene-2,4alpha-dimethyl-6,8-dihydroxy-5-methoxy-7-(1,1-dimethyl hydroxy methyl)-1,2,3,4,9,10,10a-heptahydro-9-phenanthrone",C21H28O5,360.190,0.699,0.769,False
藿香,"22,23-Dihydrostigmasterol",C29H50O,414.390,0.436,0.730,True
藿香,"2-alpha,3-beta-Dihydroxyolean-12-en-28-oic acid",C30H48O4,472.360,0.397,0.895,True
藿香,2-Hexenol,C6H12O,100.090,0.530,0.014,True
藿香,2-Octenic acid,C8H14O2,142.100,0.472,0.019,True
藿香,"3,4-Methylenedioxy-10-hydroxy aristololactam",C16H9NO4,279.050,0.621,0.921,False
藿香,3-Octanol,C8H18O,130.140,0.566,0.536,True
藿香,Acaceiin,C28H32O14,592.180,0.179,0.025,True
藿香,Acacetin,C16H12O5,284.070,0.756,0.671,True
藿香,Acaciin,C28H32O14,592.180,0.179,0.012,False
藿香,Agastachin,C47H44O22,960.230,0.056,0.038,False
藿香,Agastachoside,C24H24O11,488.130,0.365,0.043,False
藿香,Creatine,C4H9N3O2,131.070,0.327,0.016,True
藿香,Cynanuriculoside A,C55H88O21,1084.580,0.063,0.960,False
藿香,daucosterin,C35H60O6,576.440,0.257,0.273,True
藿香,Dauricine,C38H44N2O6,624.320,0.208,0.991,True
藿香,Epifriedelanol,C30H52O,428.400,0.412,0.111,True
藿香,Epifriedelanol acetate,C32H54O2,470.410,0.358,0.501,False
藿香,Estriol,C18H24O3,288.170,0.687,0.894,True
藿香,Friedelanol,C30H52O,428.400,0.412,0.498,True
藿香,gamma-Cadinene,C15H24,204.190,0.548,0.344,False
藿香,gamma-Caryophyllene,C15H24,204.190,0.501,0.523,True
藿香,Humulene oxide,C15H24O,220.180,0.439,0.835,False
藿香,Isoagastachoside,C24H24O11,488.130,0.365,0.024,False
藿香,Isoajmaline,C20H26N2O2,326.200,0.822,0.837,True
藿香,Isocembrol,C20H34O,290.260,0.604,0.967,False
藿香,limonene,C10H16,136.130,0.485,0.670,True
藿香,Linalool,C10H18O,154.140,0.617,0.065,True
藿香,Maslinic acid,C30H48O4,472.360,0.397,0.401,True
藿香,Methyl chlorogenate,C17H20O9,368.110,0.267,0.874,True
藿香,Oleanolic acid,C30H48O3,456.360,0.409,0.965,True
藿香,Oleanolic acid-28-O-beta-D-glucopyranoside,C36H58O8,618.410,0.231,0.973,False
藿香,Pachypodol,C18H16O7,344.090,0.751,0.318,True
藿香,Pachyrhizin,C19H12O6,336.060,0.516,0.917,False
藿香,Paucin,C23H32O10,468.200,0.376,0.044,False
藿香,Paulownin,C20H18O7,370.110,0.870,0.344,True
藿香,Reynosin,C15H20O3,248.140,0.406,0.942,True
藿香,Tilianin,C22H22O10,446.120,0.370,0.022,True
藿香,Tilianine,C22H22O10,446.120,0.370,0.061,False
藿香,Timobiose,C12H22O11,342.120,0.243,0.000,False
藿香,T-Muurolol,C15H26O,222.200,0.669,0.041,False
藿香,ZINC02011663,C8H18O,130.140,0.566,0.098,True
藿香,β-Humulene,C14H22,190.170,0.488,0.186,False
