SUID,shared name,id,herb_count,herbs,name,selected,AverageShortestPathLength,ClusteringCoefficient,ClosenessCentrality,IsSingleNode,PartnerOfMultiEdgedNodePairs,SelfLoops,Eccentricity,Stress,Degree,BetweennessCentrality,NeighborhoodConnectivity,NumberOfDirectedEdges,NumberOfUndirectedEdges,Radiality,TopologicalCoefficient
48385,NR3C1,NR3C1,4,乌梅;山药;槐米;蒲公英,NR3C1,False,2.111111111111111,0.9818181818181818,0.47368421052631576,False,0,0,4,2,11,5.081455735439088e-06,51.81818181818182,0,11,0.9843505477308294,0.5397727272727273
48130,ALOX5,ALOX5,10,乌梅;大枣;栀子;槐米;甘草;莲子;藿香;金银花;马齿苋;鱼腥草,ALOX5,False,2.4871794871794872,0.7,0.4020618556701031,False,0,0,4,162,5,0.0007451732569963968,19.0,0,5,0.9790538100397255,0.3275862068965517
48388,ODC1,ODC1,8,乌梅;大枣;栀子;甘草;蒲公英;金银花;马齿苋;鱼腥草,ODC1,False,2.6666666666666665,0.0,0.375,False,0,0,4,0,1,0.0,46.0,0,1,0.976525821596244,0.0
48133,APEX1,APEX1,2,莲子;藿香,APEX1,False,2.282051282051282,0.6,0.43820224719101125,False,0,0,4,440,5,0.0027073249780435057,39.6,0,5,0.9819429396894185,0.46904761904761905
48391,PIK3CA,PIK3CA,1,槐米,PIK3CA,False,2.051282051282051,0.6157894736842106,0.48750000000000004,False,0,0,4,432,20,0.002480369718897899,33.4,0,20,0.9851932105453233,0.3553191489361702
48136,BAX,BAX,12,乌梅;大枣;栀子;槐米;甘草;生姜;砂仁;蒲公英;金银花;陈皮;马齿苋;鱼腥草,BAX,False,2.358974358974359,0.8571428571428571,0.42391304347826086,False,0,0,4,8,7,3.739828613643416e-05,39.285714285714285,0,7,0.9808595160707836,0.5308880308880309
48394,PLAU,PLAU,12,乌梅;大枣;山药;栀子;甘草;生姜;砂仁;莲子;薏苡仁;金银花;马齿苋;鱼腥草,PLAU,False,2.1196581196581197,0.7272727272727273,0.47177419354838707,False,0,0,4,84,11,0.0003490661237501272,41.90909090909091,0,11,0.9842301673287588,0.4506353861192571
48139,BCL2,BCL2,14,乌梅;大枣;栀子;槐米;甘草;生姜;白扁豆;砂仁;芡实;蒲公英;金银花;陈皮;马齿苋;鱼腥草,BCL2,False,1.7264957264957266,0.5204872646733112,0.5792079207920792,False,0,0,4,2530,43,0.010700964632673289,36.04651162790697,0,43,0.9897676658240039,0.33688328624212127
48397,POLD1,POLD1,1,槐米,POLD1,False,2.9145299145299144,0.3333333333333333,0.343108504398827,False,0,0,5,4,3,8.596129285784457e-05,11.666666666666666,0,3,0.9730347899361985,0.4722222222222222
48142,BIRC5,BIRC5,7,乌梅;大枣;栀子;甘草;金银花;马齿苋;鱼腥草,BIRC5,False,2.247863247863248,0.8571428571428571,0.4448669201520912,False,0,0,4,22,7,6.718355652027504e-05,41.142857142857146,0,7,0.9824244612977007,0.47840531561461797
48400,PPARA,PPARA,9,乌梅;大枣;栀子;槐米;甘草;金银花;陈皮;马齿苋;鱼腥草,PPARA,False,2.0854700854700856,0.8444444444444444,0.47950819672131145,False,0,0,4,48,10,0.00020008840528557792,46.6,0,10,0.984711688937041,0.47551020408163264
48145,BRCA1,BRCA1,1,槐米,BRCA1,False,1.9572649572649572,0.6126482213438735,0.5109170305676856,False,0,0,4,2328,23,0.015733095343680677,33.391304347826086,0,23,0.9865173949680992,0.3339130434782609
48403,PPARG,PPARG,11,乌梅;大枣;栀子;槐米;甘草;蒲公英;藿香;金银花;陈皮;马齿苋;鱼腥草,PPARG,False,1.9316239316239316,0.72,0.5176991150442478,False,0,0,4,308,25,0.0013129987246346649,44.12,0,25,0.9868785361743109,0.43254901960784314
48148,CASP1,CASP1,2,槐米;蒲公英,CASP1,False,2.0683760683760686,0.6691176470588235,0.48347107438016523,False,0,0,4,350,17,0.0013073344653497995,42.11764705882353,0,17,0.9849524497411821,0.4342025469981807
48406,PRKCQ,PRKCQ,1,槐米,PRKCQ,False,2.452991452991453,0.7,0.4076655052264808,False,0,0,5,6,5,2.5876103462310355e-05,34.0,0,5,0.9795353316480077,0.5074626865671642
48151,CASP3,CASP3,15,乌梅;大枣;栀子;槐米;甘草;生姜;白扁豆;砂仁;芡实;莲子;蒲公英;金银花;陈皮;马齿苋;鱼腥草,CASP3,False,1.7264957264957266,0.49709639953542395,0.5792079207920792,False,0,0,4,4168,42,0.02131882972330521,36.07142857142857,0,42,0.9897676658240039,0.333994708994709
48409,PTEN,PTEN,1,槐米,PTEN,False,1.8034188034188035,0.5045045045045045,0.5545023696682464,False,0,0,4,2534,37,0.011437130934664244,32.86486486486486,0,37,0.9886842422053689,0.316008316008316
48154,CASP8,CASP8,13,乌梅;大枣;栀子;槐米;甘草;生姜;白扁豆;砂仁;芡实;蒲公英;金银花;马齿苋;鱼腥草,CASP8,False,1.9487179487179487,0.6883116883116883,0.5131578947368421,False,0,0,4,580,22,0.0021685339044486443,40.40909090909091,0,22,0.9866377753701698,0.39232127096204766
48412,PTGS1,PTGS1,15,乌梅;大枣;山药;栀子;槐米;甘草;生姜;砂仁;茯苓;蒲公英;薏苡仁;金银花;陈皮;马齿苋;鱼腥草,PTGS1,False,2.230769230769231,0.6,0.4482758620689655,False,0,0,4,678,6,0.0027109523393155856,34.5,0,6,0.9826652221018419,0.40588235294117647
48157,CAT,CAT,5,大枣;山药;槐米;甘草;陈皮,CAT,False,3.282051282051282,0.0,0.3046875,False,0,0,6,0,1,0.0,6.0,0,1,0.967858432647165,0.0
48415,PTGS2,PTGS2,18,乌梅;大枣;山药;栀子;槐米;甘草;生姜;白扁豆;砂仁;芡实;茯苓;蒲公英;薏苡仁;藿香;金银花;陈皮;马齿苋;鱼腥草,PTGS2,False,1.7008547008547008,0.4912891986062718,0.5879396984924623,False,0,0,3,8026,42,0.055217730355185624,36.142857142857146,0,42,0.9901288070302154,0.32857142857142857
48160,CCL11,CCL11,1,槐米,CCL11,False,2.264957264957265,0.9416666666666667,0.44150943396226416,False,0,0,5,16,16,7.002905442052146e-05,40.8125,0,16,0.9821837004935597,0.5166139240506329
48418,PTPN2,PTPN2,1,藿香,PTPN2,False,2.3076923076923075,0.9333333333333333,0.43333333333333335,False,0,0,4,4,6,2.1490323214461146e-05,42.0,0,6,0.9815817984832069,0.525
48163,CCL2,CCL2,9,乌梅;大枣;栀子;槐米;甘草;蒲公英;金银花;马齿苋;鱼腥草,CCL2,False,1.7692307692307692,0.5644820295983086,0.5652173913043479,False,0,0,4,1908,44,0.007826235890758234,35.61363636363637,0,44,0.9891657638136511,0.3491532976827095
48421,PTPRC,PTPRC,1,藿香,PTPRC,False,2.0427350427350426,0.766798418972332,0.48953974895397495,False,0,0,4,250,23,0.0009700085831386413,40.08695652173913,0,23,0.9853135909473937,0.44051600573339705
48166,CCND1,CCND1,8,乌梅;大枣;栀子;槐米;甘草;金银花;马齿苋;鱼腥草,CCND1,False,1.8376068376068375,0.5849462365591398,0.5441860465116279,False,0,0,3,2116,31,0.010073591115777693,34.645161290322584,0,31,0.9882027205970867,0.32995391705069127
48424,RB1,RB1,7,乌梅;大枣;栀子;甘草;金银花;马齿苋;鱼腥草,RB1,False,2.299145299145299,0.7454545454545455,0.4349442379182156,False,0,0,4,3080,11,0.015254877795049146,30.0,0,11,0.9817021788852776,0.40417690417690416
48169,CD274,CD274,1,槐米,CD274,False,1.9743589743589745,0.6758893280632411,0.5064935064935064,False,0,0,4,394,23,0.0013909048137267501,42.43478260869565,0,23,0.986276634163958,0.43300798580301686
48427,RELA,RELA,11,乌梅;大枣;山药;栀子;槐米;甘草;蒲公英;金银花;陈皮;马齿苋;鱼腥草,RELA,False,1.811965811965812,0.5507936507936508,0.5518867924528302,False,0,0,4,2016,36,0.009294365866553574,37.388888888888886,0,36,0.9885638618032985,0.35608465608465606
48172,CD40LG,CD40LG,7,乌梅;大枣;栀子;甘草;金银花;马齿苋;鱼腥草,CD40LG,False,2.1367521367521367,0.8830409356725146,0.468,False,0,0,4,102,19,0.00027650477620273697,39.473684210526315,0,19,0.9839894065246177,0.4537205081669691
48430,RORC,RORC,2,槐米;蒲公英,RORC,False,2.2564102564102564,1.0,0.4431818181818182,False,0,0,4,0,6,0.0,53.5,0,6,0.9823040808956301,0.622093023255814
48175,CD44,CD44,1,槐米,CD44,False,1.8034188034188035,0.5882352941176471,0.5545023696682464,False,0,0,3,3056,35,0.015563718653062586,38.857142857142854,0,35,0.9886842422053689,0.37006802721088433
48433,SI,SI,1,藿香,SI,False,0.0,0.0,0.0,True,0,0,0,0,0,0.0,0.0,0,0,inf,0.0
48178,CD86,CD86,1,槐米,CD86,False,2.0085470085470085,0.8311688311688312,0.4978723404255319,False,0,0,4,222,22,0.0005698070656066359,41.59090909090909,0,22,0.9857951125556759,0.43323863636363635
48436,SIRT1,SIRT1,3,槐米;莲子;蒲公英,SIRT1,False,1.8888888888888888,0.5049261083743842,0.5294117647058824,False,0,0,4,2418,29,0.015865537507330614,33.41379310344828,0,29,0.9874804381846636,0.32440575828590557
48181,CDH1,CDH1,1,槐米,CDH1,False,1.9316239316239316,0.5783475783475783,0.5176991150442478,False,0,0,4,904,27,0.00519213785787411,35.0,0,27,0.9868785361743109,0.35
48439,SLC6A4,SLC6A4,12,乌梅;大枣;山药;栀子;槐米;甘草;生姜;砂仁;莲子;蒲公英;金银花;马齿苋,SLC6A4,False,0.0,0.0,0.0,True,0,0,0,0,0,0.0,0.0,0,0,inf,0.0
48184,CDK4,CDK4,3,甘草;金银花;马齿苋,CDK4,False,2.1367521367521367,0.6666666666666666,0.468,False,0,0,4,302,16,0.0012637178298412566,31.375,0,16,0.9839894065246177,0.3565340909090909
48442,SOD2,SOD2,1,槐米,SOD2,False,2.2905982905982905,0.5333333333333333,0.4365671641791045,False,0,0,5,1540,6,0.017115878521714065,28.5,0,6,0.981822559287348,0.3541666666666667
48187,CDKN1A,CDKN1A,8,乌梅;大枣;山药;栀子;甘草;金银花;马齿苋;鱼腥草,CDKN1A,False,1.9914529914529915,0.719047619047619,0.5021459227467812,False,0,0,4,664,21,0.0022843459802742248,36.904761904761905,0,21,0.986035873359817,0.37277537277537276
48445,SRC,SRC,1,槐米,SRC,False,1.7435897435897436,0.5205128205128206,0.5735294117647058,False,0,0,3,2538,40,0.013783843220004305,34.925,0,40,0.9895269050198628,0.3264018691588785
48190,CDKN2A,CDKN2A,1,槐米,CDKN2A,False,2.034188034188034,0.5889328063241107,0.4915966386554622,False,0,0,4,928,23,0.004911374922666676,30.652173913043477,0,23,0.9854339713494643,0.3331758034026465
48448,STAT1,STAT1,8,乌梅;大枣;栀子;槐米;甘草;金银花;马齿苋;鱼腥草,STAT1,False,1.735042735042735,0.5140096618357488,0.5763546798029556,False,0,0,4,2652,46,0.012570661826460921,36.43478260869565,0,46,0.9896472854219333,0.35373575348248204
48193,CFTR,CFTR,1,槐米,CFTR,False,2.9401709401709404,0.0,0.34011627906976744,False,0,0,4,8,2,0.0001817467334708714,8.5,0,2,0.9726736487299867,0.5357142857142857
48451,STAT3,STAT3,2,槐米;甘草,STAT3,False,1.5042735042735043,0.39254079254079255,0.6647727272727273,False,0,0,3,8896,66,0.07024382061165717,31.772727272727273,0,66,0.992897556277838,0.2940516273849607
48196,CHEK2,CHEK2,7,乌梅;大枣;栀子;甘草;金银花;马齿苋;鱼腥草,CHEK2,False,2.4188034188034186,0.7142857142857143,0.4134275618374559,False,0,0,4,246,7,0.0014460540028947864,28.0,0,7,0.9800168532562898,0.4117647058823529
48454,TCF7L2,TCF7L2,1,蒲公英,TCF7L2,False,2.572649572649573,0.7,0.38870431893687707,False,0,0,4,18,5,0.00018941278458342776,23.6,0,5,0.9778500060190202,0.472
48199,CHRNA7,CHRNA7,4,槐米;莲子;蒲公英;藿香,CHRNA7,False,0.0,0.0,0.0,True,0,0,0,0,0,0.0,0.0,0,0,inf,0.0
48457,TERT,TERT,2,槐米;藿香,TERT,False,2.3675213675213675,0.7222222222222222,0.4223826714801444,False,0,0,4,128,9,0.0005512029765992717,34.666666666666664,0,9,0.9807391356687132,0.48148148148148145
48202,CHUK,CHUK,7,乌梅;大枣;栀子;甘草;金银花;马齿苋;鱼腥草,CHUK,False,2.0427350427350426,0.6928104575163399,0.48953974895397495,False,0,0,4,602,18,0.002146793074512456,40.833333333333336,0,18,0.9853135909473937,0.41245791245791247
48460,TGFB1,TGFB1,2,槐米;蒲公英,TGFB1,False,1.8034188034188035,0.6102418207681366,0.5545023696682464,False,0,0,4,1446,38,0.005342341166389021,39.31578947368421,0,38,0.9886842422053689,0.3817066939192642
48205,CXCL10,CXCL10,7,乌梅;大枣;栀子;甘草;金银花;马齿苋;鱼腥草,CXCL10,False,2.0256410256410255,0.7663817663817664,0.4936708860759494,False,0,0,4,272,27,0.0010179291184453823,38.2962962962963,0,27,0.9855543517515349,0.41626409017713367
48463,TIMP1,TIMP1,1,陈皮,TIMP1,False,1.982905982905983,0.7355072463768116,0.5043103448275862,False,0,0,4,432,24,0.0020531037157763606,40.125,0,24,0.9861562537618876,0.41365979381443296
48208,CXCL8,CXCL8,8,乌梅;大枣;栀子;槐米;甘草;金银花;马齿苋;鱼腥草,CXCL8,False,1.7435897435897436,0.5602536997885835,0.5735294117647058,False,0,0,4,3036,44,0.013913911506720451,37.0,0,44,0.9895269050198628,0.3557692307692308
48466,TJP1,TJP1,1,槐米,TJP1,False,2.094017094017094,0.6444444444444445,0.4775510204081632,False,0,0,4,1108,10,0.01306642396336714,44.6,0,10,0.9845913085349706,0.4635416666666667
48211,CYP1A2,CYP1A2,10,乌梅;大枣;栀子;槐米;甘草;白扁豆;芡实;金银花;马齿苋;鱼腥草,CYP1A2,False,2.9401709401709404,0.6190476190476191,0.34011627906976744,False,0,0,5,192,7,0.00290429959373741,8.285714285714286,0,7,0.9726736487299867,0.40714285714285714
48469,TNF,TNF,10,乌梅;大枣;栀子;槐米;甘草;蒲公英;藿香;金银花;马齿苋;鱼腥草,TNF,False,1.5299145299145298,0.40673076923076923,0.6536312849162011,False,0,0,4,6572,65,0.035053389532480404,31.661538461538463,0,65,0.9925364150716263,0.2931623931623932
48214,CYP2C19,CYP2C19,2,槐米;藿香,CYP2C19,False,2.4615384615384617,0.4727272727272727,0.40625,False,0,0,4,1702,11,0.009837161549241342,10.545454545454545,0,11,0.9794149512459371,0.19173553719008266
48472,TP53,TP53,11,乌梅;大枣;山药;栀子;槐米;甘草;蒲公英;金银花;陈皮;马齿苋;鱼腥草,TP53,False,1.5555555555555556,0.39943502824858756,0.6428571428571428,False,0,0,3,9504,60,0.05389936274741498,31.65,0,60,0.9921752738654147,0.2903669724770642
48217,CYP2C9,CYP2C9,3,槐米;莲子;藿香,CYP2C9,False,2.4615384615384617,0.4727272727272727,0.40625,False,0,0,4,1702,11,0.009837161549241342,10.545454545454545,0,11,0.9794149512459371,0.19173553719008266
48475,TYK2,TYK2,1,槐米,TYK2,False,2.1452991452991452,0.8076923076923077,0.4661354581673307,False,0,0,4,170,13,0.0005518176244182579,43.23076923076923,0,13,0.9838690261225472,0.4750633981403212
48220,CYP2D6,CYP2D6,1,槐米,CYP2D6,False,2.9572649572649574,0.9,0.338150289017341,False,0,0,5,2,5,3.684055408193339e-05,9.6,0,5,0.9724328879258457,0.5333333333333333
48478,VCAM1,VCAM1,8,乌梅;大枣;栀子;槐米;甘草;金银花;马齿苋;鱼腥草,VCAM1,False,2.017094017094017,0.7835497835497836,0.4957627118644068,False,0,0,4,320,22,0.0011670166715775862,42.18181818181818,0,22,0.9856747321536053,0.44401913875598087
48223,CYP3A4,CYP3A4,12,乌梅;大枣;栀子;槐米;甘草;白扁豆;芡实;莲子;藿香;金银花;马齿苋;鱼腥草,CYP3A4,False,2.4615384615384617,0.43636363636363634,0.40625,False,0,0,4,2180,11,0.01699442395121268,9.909090909090908,0,11,0.9794149512459371,0.18016528925619835
48481,VDR,VDR,1,藿香,VDR,False,0.0,0.0,0.0,True,0,0,0,0,0,0.0,0.0,0,0,inf,0.0
48226,DUOX2,DUOX2,7,乌梅;大枣;栀子;甘草;金银花;马齿苋;鱼腥草,DUOX2,False,3.2393162393162394,0.0,0.3087071240105541,False,0,0,6,0,1,0.0,12.0,0,1,0.9684603346575178,0.0
48484,VEGFA,VEGFA,2,槐米;莲子,VEGFA,False,0.0,0.0,0.0,True,0,0,0,0,0,0.0,0.0,0,0,inf,0.0
48229,EGFR,EGFR,10,乌梅;大枣;栀子;槐米;甘草;莲子;藿香;金银花;马齿苋;鱼腥草,EGFR,False,1.5897435897435896,0.4356902356902357,0.6290322580645161,False,0,0,4,6586,55,0.04433280561516651,33.89090909090909,0,55,0.9916937522571325,0.30532350532350533
48487,XIST,XIST,1,蒲公英,XIST,False,0.0,0.0,0.0,True,0,0,0,0,0,0.0,0.0,0,0,inf,0.0
48232,ELANE,ELANE,1,藿香,ELANE,False,2.58974358974359,0.6666666666666666,0.3861386138613861,False,0,0,5,4,4,3.1577617784514334e-05,29.25,0,4,0.977609245214879,0.5223214285714286
48235,ERBB2,ERBB2,7,乌梅;大枣;栀子;甘草;金银花;马齿苋;鱼腥草,ERBB2,False,1.8547008547008548,0.5327635327635327,0.5391705069124424,False,0,0,4,2146,27,0.013852008682637399,34.370370370370374,0,27,0.9879619597929458,0.31824417009602196
48238,FGFR2,FGFR2,1,槐米,FGFR2,False,2.299145299145299,0.5714285714285714,0.4349442379182156,False,0,0,4,46,8,0.0003113474168917579,31.75,0,8,0.9817021788852776,0.396875
48241,GLS,GLS,2,槐米;蒲公英,GLS,False,0.0,0.0,0.0,True,0,0,0,0,0,0.0,0.0,0,0,inf,0.0
48244,GPBAR1,GPBAR1,1,藿香,GPBAR1,False,3.769230769230769,0.0,0.2653061224489796,False,0,0,6,0,1,0.0,9.0,0,1,0.9609967497291441,0.0
48247,GPR35,GPR35,2,莲子;藿香,GPR35,False,0.0,0.0,0.0,True,0,0,0,0,0,0.0,0.0,0,0,inf,0.0
48250,GSTM1,GSTM1,9,乌梅;大枣;栀子;槐米;甘草;藿香;金银花;马齿苋;鱼腥草,GSTM1,False,2.9914529914529915,1.0,0.3342857142857143,False,0,0,5,0,5,0.0,9.8,0,5,0.9719513663175635,0.5444444444444444
48253,GSTP1,GSTP1,9,乌梅;大枣;栀子;槐米;甘草;金银花;陈皮;马齿苋;鱼腥草,GSTP1,False,2.2222222222222223,0.4166666666666667,0.44999999999999996,False,0,0,4,3206,9,0.02600931979735428,19.444444444444443,0,9,0.9827856025039122,0.23427041499330656
48256,HIF1A,HIF1A,10,乌梅;大枣;山药;栀子;槐米;甘草;莲子;金银花;马齿苋;鱼腥草,HIF1A,False,1.7521367521367521,0.5525641025641026,0.5707317073170731,False,0,0,3,2748,40,0.012504337181162208,36.85,0,40,0.9894065246177922,0.34764150943396227
48259,HMOX1,HMOX1,10,乌梅;大枣;栀子;槐米;甘草;白扁豆;芡实;金银花;马齿苋;鱼腥草,HMOX1,False,1.9658119658119657,0.5238095238095238,0.5086956521739131,False,0,0,4,1056,22,0.005951033221732719,35.90909090909091,0,22,0.9863970145660287,0.35553555355535554
48262,HNF4A,HNF4A,2,槐米;蒲公英,HNF4A,False,2.2051282051282053,0.6388888888888888,0.45348837209302323,False,0,0,4,2312,9,0.016617813352438737,34.111111111111114,0,9,0.9830263633080535,0.4
48265,HSD17B10,HSD17B10,1,槐米,HSD17B10,False,0.0,0.0,0.0,True,0,0,0,0,0,0.0,0.0,0,0,inf,0.0
48268,ICAM1,ICAM1,8,乌梅;大枣;栀子;槐米;甘草;金银花;马齿苋;鱼腥草,ICAM1,False,1.8205128205128205,0.6621848739495798,0.5492957746478874,False,0,0,4,1104,35,0.003927944071650234,38.97142857142857,0,35,0.988443481401228,0.3747252747252747
48271,IFNG,IFNG,8,乌梅;大枣;栀子;槐米;甘草;金银花;马齿苋;鱼腥草,IFNG,False,1.7008547008547008,0.523936170212766,0.5879396984924623,False,0,0,4,3296,48,0.01301414613949583,34.604166666666664,0,48,0.9901288070302154,0.32956349206349206
48274,IGF2,IGF2,7,乌梅;大枣;栀子;甘草;金银花;马齿苋;鱼腥草,IGF2,False,2.213675213675214,0.5111111111111111,0.4517374517374517,False,0,0,4,108,10,0.0005844132612558134,31.5,0,10,0.9829059829059829,0.37058823529411766
48277,IKBKB,IKBKB,7,乌梅;栀子;槐米;甘草;金银花;马齿苋;鱼腥草,IKBKB,False,1.9743589743589745,0.6714285714285714,0.5064935064935064,False,0,0,4,852,21,0.003189342463008271,40.857142857142854,0,21,0.986276634163958,0.4045261669024045
48280,IL10,IL10,8,乌梅;大枣;栀子;槐米;甘草;金银花;马齿苋;鱼腥草,IL10,False,1.6324786324786325,0.45387205387205387,0.612565445026178,False,0,0,4,4544,55,0.021951722089275393,32.92727272727273,0,55,0.9910918502467797,0.3106346483704974
48283,IL13,IL13,2,槐米;蒲公英,IL13,False,1.982905982905983,0.716931216931217,0.5043103448275862,False,0,0,4,440,28,0.001618475831720431,38.107142857142854,0,28,0.9861562537618876,0.4053951367781155
48286,IL17A,IL17A,1,槐米,IL17A,False,1.9230769230769231,0.6496212121212122,0.52,False,0,0,4,750,33,0.003193666077088852,35.60606060606061,0,33,0.9869989165763814,0.3748006379585327
48289,IL18,IL18,1,槐米,IL18,False,1.9743589743589745,0.65,0.5064935064935064,False,0,0,4,1252,25,0.007066969836963299,37.44,0,25,0.986276634163958,0.3820408163265306
48292,IL1A,IL1A,8,乌梅;大枣;栀子;槐米;甘草;金银花;马齿苋;鱼腥草,IL1A,False,1.7863247863247864,0.5756097560975609,0.5598086124401913,False,0,0,4,1830,41,0.006939942368368656,35.58536585365854,0,41,0.9889250030095101,0.34887613582018173
48295,IL1B,IL1B,9,乌梅;大枣;栀子;槐米;甘草;蒲公英;金银花;马齿苋;鱼腥草,IL1B,False,1.5042735042735043,0.3753957485300769,0.6647727272727273,False,0,0,4,8746,67,0.06181681710010902,30.47761194029851,0,67,0.992897556277838,0.27961111871833494
48298,IL2,IL2,8,乌梅;大枣;栀子;槐米;甘草;金银花;马齿苋;鱼腥草,IL2,False,1.811965811965812,0.6126984126984127,0.5518867924528302,False,0,0,4,1784,36,0.008163007437354996,37.72222222222222,0,36,0.9885638618032985,0.3627136752136752
48301,IL4,IL4,5,槐米;甘草;蒲公英;金银花;马齿苋,IL4,False,1.829059829059829,0.6595365418894831,0.5467289719626168,False,0,0,4,1168,34,0.0037709227192203798,37.970588235294116,0,34,0.9883231009991573,0.3651018099547511
48304,IL5,IL5,2,槐米;蒲公英,IL5,False,2.111111111111111,0.8830409356725146,0.47368421052631576,False,0,0,5,120,19,0.00030047786865007163,40.10526315789474,0,19,0.9843505477308294,0.4456140350877193
48307,IL6,IL6,9,乌梅;大枣;栀子;槐米;甘草;蒲公英;金银花;马齿苋;鱼腥草,IL6,False,1.4871794871794872,0.37183098591549296,0.6724137931034483,False,0,0,4,9030,71,0.052283929971254764,30.591549295774648,0,71,0.9931383170819791,0.2859023298670528
48310,JAK2,JAK2,1,槐米,JAK2,False,1.8803418803418803,0.5120967741935484,0.5318181818181819,False,0,0,4,1380,32,0.008181899120129375,36.40625,0,32,0.9876008185867342,0.3640625
48313,JUN,JUN,2,槐米;蒲公英,JUN,False,1.6324786324786325,0.47278911564625853,0.612565445026178,False,0,0,3,5676,49,0.033281475136585435,34.734693877551024,0,49,0.9910918502467797,0.3129251700680272
48316,KDR,KDR,5,大枣;槐米;甘草;莲子;藿香,KDR,False,2.094017094017094,0.5882352941176471,0.4775510204081632,False,0,0,4,324,17,0.0016134424073148245,36.05882352941177,0,17,0.9845913085349706,0.3877292852624921
48319,KEAP1,KEAP1,1,槐米,KEAP1,False,2.1452991452991452,0.6363636363636364,0.4661354581673307,False,0,0,4,66,11,0.0003374723592764235,37.09090909090909,0,11,0.9838690261225472,0.4075924075924076
48322,LCN2,LCN2,1,槐米,LCN2,False,2.094017094017094,0.7362637362637363,0.4775510204081632,False,0,0,4,360,14,0.0017791378117498413,43.07142857142857,0,14,0.9845913085349706,0.4582066869300912
48325,MAPK1,MAPK1,10,乌梅;大枣;栀子;槐米;甘草;蒲公英;金银花;陈皮;马齿苋;鱼腥草,MAPK1,False,1.9401709401709402,0.6956521739130435,0.5154185022026432,False,0,0,4,596,24,0.0026009398552523416,40.875,0,24,0.9867581557722402,0.39684466019417475
48328,MAPK3,MAPK3,4,槐米;甘草;蒲公英;陈皮,MAPK3,False,1.829059829059829,0.6231060606060606,0.5467289719626168,False,0,0,4,1240,33,0.006063813579871574,40.54545454545455,0,33,0.9883231009991573,0.38614718614718613
48331,MET,MET,4,莲子;藿香;金银花;马齿苋,MET,False,2.017094017094017,0.6257309941520468,0.4957627118644068,False,0,0,4,294,19,0.00135943082246243,36.10526315789474,0,19,0.9856747321536053,0.3684210526315789
48334,MIR21,MIR21,1,槐米,MIR21,False,0.0,0.0,0.0,True,0,0,0,0,0,0.0,0.0,0,0,inf,0.0
48337,MMP1,MMP1,11,乌梅;大枣;栀子;槐米;甘草;白扁豆;芡实;蒲公英;金银花;马齿苋;鱼腥草,MMP1,False,2.034188034188034,0.8315789473684211,0.4915966386554622,False,0,0,4,144,20,0.0005754600000571102,42.65,0,20,0.9854339713494643,0.44427083333333334
48340,MMP2,MMP2,10,乌梅;大枣;栀子;槐米;甘草;白扁豆;芡实;金银花;马齿苋;鱼腥草,MMP2,False,1.9059829059829059,0.5925925925925926,0.5246636771300449,False,0,0,4,762,27,0.0033034797476562674,38.96296296296296,0,27,0.9872396773805224,0.38198983297022515
48343,MMP3,MMP3,7,乌梅;大枣;栀子;甘草;金银花;马齿苋;鱼腥草,MMP3,False,2.076923076923077,0.8104575163398693,0.48148148148148145,False,0,0,4,156,18,0.0005155051506772938,43.55555555555556,0,18,0.9848320693391115,0.46833930704898447
48346,MMP9,MMP9,11,乌梅;大枣;栀子;槐米;甘草;莲子;藿香;金银花;陈皮;马齿苋;鱼腥草,MMP9,False,1.6923076923076923,0.5159574468085106,0.5909090909090909,False,0,0,4,3780,48,0.019215741715991743,36.083333333333336,0,48,0.990249187432286,0.34040880503144655
48349,MPO,MPO,9,乌梅;大枣;栀子;甘草;莲子;藿香;金银花;马齿苋;鱼腥草,MPO,False,2.230769230769231,0.8545454545454545,0.4482758620689655,False,0,0,4,238,11,0.0010360659646997665,46.72727272727273,0,11,0.9826652221018419,0.5698447893569845
48352,MTOR,MTOR,1,山药,MTOR,False,1.9059829059829059,0.6111111111111112,0.5246636771300449,False,0,0,4,870,28,0.003597521352709095,38.285714285714285,0,28,0.9872396773805224,0.37906647807637905
48355,MYC,MYC,11,乌梅;大枣;栀子;槐米;甘草;白扁豆;芡实;蒲公英;金银花;马齿苋;鱼腥草,MYC,False,1.6752136752136753,0.45507246376811594,0.596938775510204,False,0,0,3,6664,46,0.044947133065429,32.95652173913044,0,46,0.9904899482364272,0.30495169082125606
48358,NFATC1,NFATC1,1,槐米,NFATC1,False,2.358974358974359,0.8,0.42391304347826086,False,0,0,4,4,5,1.952234489811855e-05,39.0,0,5,0.9808595160707836,0.52
48361,NFE2L2,NFE2L2,8,乌梅;大枣;栀子;槐米;甘草;金银花;马齿苋;鱼腥草,NFE2L2,False,1.9059829059829059,0.6,0.5246636771300449,False,0,0,4,1678,21,0.01010745755334162,38.095238095238095,0,21,0.9872396773805224,0.3527336860670194
48106,ABCB1,ABCB1,1,槐米,ABCB1,False,2.2735042735042734,0.6,0.4398496240601504,False,0,0,4,1282,6,0.010241141810070102,18.833333333333332,0,6,0.9820633200914891,0.23333333333333334
48364,NFKB1,NFKB1,2,槐米;蒲公英,NFKB1,False,1.641025641025641,0.44339622641509435,0.609375,False,0,0,4,5460,53,0.03339731226617392,33.83018867924528,0,53,0.9909714698447094,0.31616998765649795
48109,ABCC2,ABCC2,1,山药,ABCC2,False,3.213675213675214,1.0,0.3111702127659574,False,0,0,5,0,3,0.0,9.0,0,3,0.9688214758637294,0.5625
48367,NFKBIA,NFKBIA,9,乌梅;大枣;栀子;槐米;甘草;蒲公英;金银花;马齿苋;鱼腥草,NFKBIA,False,1.8632478632478633,0.6602150537634408,0.536697247706422,False,0,0,4,1524,31,0.007943787645631854,41.45161290322581,0,31,0.9878415793908751,0.39857320099255583
48112,ABCG2,ABCG2,9,乌梅;大枣;栀子;甘草;莲子;藿香;金银花;马齿苋;鱼腥草,ABCG2,False,2.3675213675213675,0.2857142857142857,0.4223826714801444,False,0,0,4,2950,7,0.01973027679110394,17.571428571428573,0,7,0.9807391356687132,0.25630252100840334
48370,NLRP3,NLRP3,2,槐米;藿香,NLRP3,False,2.1880341880341883,0.8,0.45703124999999994,False,0,0,4,42,11,0.00017044405398022704,41.90909090909091,0,11,0.9832671241121944,0.48171368861024033
48115,ADIPOQ,ADIPOQ,2,甘草;陈皮,ADIPOQ,False,2.1452991452991452,0.8444444444444444,0.4661354581673307,False,0,0,4,36,10,0.00014766990513774247,45.9,0,10,0.9838690261225472,0.5043956043956044
48373,NOD2,NOD2,1,莲子,NOD2,False,2.247863247863248,0.6818181818181818,0.4448669201520912,False,0,0,5,3236,12,0.017244341807781238,39.333333333333336,0,12,0.9824244612977007,0.47289156626506024
48118,AGER,AGER,1,槐米,AGER,False,2.213675213675214,0.6,0.4517374517374517,False,0,0,4,16,5,5.384887686383997e-05,44.2,0,5,0.9829059829059829,0.4966292134831461
48376,NOS2,NOS2,12,乌梅;大枣;山药;栀子;槐米;甘草;蒲公英;藿香;金银花;陈皮;马齿苋;鱼腥草,NOS2,False,2.1367521367521367,0.8363636363636363,0.468,False,0,0,4,68,11,0.0002711515261012152,49.90909090909091,0,11,0.9839894065246177,0.5366568914956011
48121,AHR,AHR,10,乌梅;大枣;栀子;槐米;甘草;莲子;藿香;金银花;马齿苋;鱼腥草,AHR,False,3.0854700854700856,0.0,0.3240997229916897,False,0,0,5,108,2,0.001044632220907141,9.0,0,2,0.9706271818947875,0.5
48379,NOS3,NOS3,8,乌梅;大枣;栀子;槐米;甘草;金银花;马齿苋;鱼腥草,NOS3,False,2.213675213675214,0.5777777777777777,0.4517374517374517,False,0,0,5,96,10,0.00048626273020600525,36.7,0,10,0.9829059829059829,0.41235955056179774
48124,AKT1,AKT1,12,乌梅;大枣;山药;栀子;槐米;甘草;白扁豆;芡实;金银花;陈皮;马齿苋;鱼腥草,AKT1,False,1.5982905982905984,0.42857142857142855,0.6256684491978609,False,0,0,4,5356,57,0.03051962033504667,32.80701754385965,0,57,0.9915733718550619,0.30376868096166343
48382,NR1I2,NR1I2,9,乌梅;大枣;山药;栀子;槐米;甘草;金银花;马齿苋;鱼腥草,NR1I2,False,2.7777777777777777,0.3333333333333333,0.36,False,0,0,5,2728,9,0.021982636830590905,7.333333333333333,0,9,0.9749608763693272,0.26337448559670784
48127,ALB,ALB,2,槐米;蒲公英,ALB,False,1.735042735042735,0.4666666666666667,0.5763546798029556,False,0,0,3,6310,36,0.04361770434610148,34.27777777777778,0,36,0.9896472854219333,0.3060515873015873
