source,target,combined_score,experimental_score,database_score,textmining_score,interaction
CFTR,ABCG2,0.733,0.1,0.0,0.711,STRING high-confidence functional PPI
CFTR,TJP1,0.964,0.091,0.9,0.641,STRING high-confidence functional PPI
SIRT1,TNF,0.706,0.0,0.0,0.706,STRING high-confidence functional PPI
SIRT1,CDKN1A,0.719,0.0,0.0,0.719,STRING high-confidence functional PPI
SIRT1,IL1B,0.719,0.0,0.0,0.719,STRING high-confidence functional PPI
SIRT1,CCND1,0.721,0.0,0.0,0.721,STRING high-confidence functional PPI
SIRT1,CASP3,0.725,0.0,0.0,0.721,STRING high-confidence functional PPI
SIRT1,IL6,0.726,0.0,0.0,0.726,STRING high-confidence functional PPI
SIRT1,HMOX1,0.733,0.0,0.0,0.731,STRING high-confidence functional PPI
SIRT1,NFE2L2,0.737,0.0,0.0,0.724,STRING high-confidence functional PPI
SIRT1,BCL2,0.744,0.0,0.0,0.739,STRING high-confidence functional PPI
SIRT1,PTEN,0.757,0.103,0.0,0.692,STRING high-confidence functional PPI
SIRT1,SOD2,0.773,0.045,0.0,0.772,STRING high-confidence functional PPI
SIRT1,BRCA1,0.777,0.292,0.0,0.699,STRING high-confidence functional PPI
SIRT1,CHEK2,0.784,0.387,0.0,0.662,STRING high-confidence functional PPI
SIRT1,APEX1,0.797,0.311,0.0,0.71,STRING high-confidence functional PPI
SIRT1,STAT3,0.817,0.51,0.0,0.642,STRING high-confidence functional PPI
SIRT1,RB1,0.821,0.51,0.54,0.264,STRING high-confidence functional PPI
SIRT1,NOS3,0.841,0.292,0.0,0.781,STRING high-confidence functional PPI
SIRT1,MYC,0.86,0.625,0.0,0.633,STRING high-confidence functional PPI
SIRT1,ADIPOQ,0.862,0.0,0.0,0.862,STRING high-confidence functional PPI
SIRT1,AKT1,0.873,0.294,0.0,0.827,STRING high-confidence functional PPI
SIRT1,PPARA,0.906,0.345,0.0,0.862,STRING high-confidence functional PPI
SIRT1,HIF1A,0.927,0.51,0.0,0.851,STRING high-confidence functional PPI
SIRT1,JUN,0.927,0.71,0.0,0.758,STRING high-confidence functional PPI
SIRT1,MTOR,0.937,0.526,0.0,0.867,STRING high-confidence functional PPI
SIRT1,BAX,0.942,0.0,0.9,0.438,STRING high-confidence functional PPI
SIRT1,NFKB1,0.983,0.33,0.9,0.768,STRING high-confidence functional PPI
SIRT1,RELA,0.995,0.646,0.9,0.89,STRING high-confidence functional PPI
SIRT1,PPARG,0.998,0.345,0.9,0.981,STRING high-confidence functional PPI
SIRT1,TP53,0.999,0.886,0.9,0.99,STRING high-confidence functional PPI
MAPK1,RELA,0.717,0.189,0.0,0.662,STRING high-confidence functional PPI
MAPK1,CDKN1A,0.732,0.0,0.0,0.732,STRING high-confidence functional PPI
MAPK1,CXCL8,0.735,0.0,0.0,0.735,STRING high-confidence functional PPI
MAPK1,PPARG,0.736,0.51,0.0,0.483,STRING high-confidence functional PPI
MAPK1,TNF,0.757,0.0,0.0,0.746,STRING high-confidence functional PPI
MAPK1,PTGS2,0.78,0.052,0.0,0.762,STRING high-confidence functional PPI
MAPK1,NFKB1,0.79,0.072,0.0,0.778,STRING high-confidence functional PPI
MAPK1,JAK2,0.794,0.11,0.5,0.54,STRING high-confidence functional PPI
MAPK1,PIK3CA,0.822,0.0,0.0,0.809,STRING high-confidence functional PPI
MAPK1,CASP8,0.839,0.294,0.0,0.761,STRING high-confidence functional PPI
MAPK1,CDKN2A,0.846,0.35,0.0,0.771,STRING high-confidence functional PPI
MAPK1,NFATC1,0.927,0.0,0.9,0.26,STRING high-confidence functional PPI
MAPK1,SRC,0.932,0.342,0.5,0.805,STRING high-confidence functional PPI
MAPK1,IL6,0.936,0.0,0.4,0.897,STRING high-confidence functional PPI
MAPK1,STAT1,0.95,0.091,0.9,0.471,STRING high-confidence functional PPI
MAPK1,CASP3,0.961,0.045,0.9,0.599,STRING high-confidence functional PPI
MAPK1,BCL2,0.969,0.292,0.9,0.586,STRING high-confidence functional PPI
MAPK1,MYC,0.983,0.643,0.9,0.582,STRING high-confidence functional PPI
MAPK1,HIF1A,0.985,0.626,0.9,0.648,STRING high-confidence functional PPI
MAPK1,AKT1,0.988,0.11,0.9,0.872,STRING high-confidence functional PPI
MAPK1,MAPK3,0.994,0.874,0.9,0.581,STRING high-confidence functional PPI
MAPK1,STAT3,0.996,0.926,0.0,0.95,STRING high-confidence functional PPI
MAPK1,TP53,0.998,0.806,0.9,0.912,STRING high-confidence functional PPI
MAPK1,JUN,0.998,0.771,0.9,0.958,STRING high-confidence functional PPI
HMOX1,HIF1A,0.701,0.0,0.0,0.7,STRING high-confidence functional PPI
HMOX1,NOS2,0.716,0.186,0.0,0.666,STRING high-confidence functional PPI
HMOX1,IL10,0.726,0.0,0.0,0.722,STRING high-confidence functional PPI
HMOX1,BAX,0.729,0.0,0.0,0.719,STRING high-confidence functional PPI
HMOX1,SOD2,0.743,0.0,0.0,0.737,STRING high-confidence functional PPI
HMOX1,NOS3,0.77,0.186,0.0,0.729,STRING high-confidence functional PPI
HMOX1,PPARG,0.784,0.0,0.0,0.782,STRING high-confidence functional PPI
HMOX1,PTGS2,0.789,0.0,0.0,0.782,STRING high-confidence functional PPI
HMOX1,TNF,0.792,0.0,0.0,0.792,STRING high-confidence functional PPI
HMOX1,AKT1,0.796,0.087,0.0,0.786,STRING high-confidence functional PPI
HMOX1,JUN,0.798,0.0,0.0,0.795,STRING high-confidence functional PPI
HMOX1,CASP3,0.806,0.0,0.0,0.805,STRING high-confidence functional PPI
HMOX1,IL6,0.81,0.0,0.0,0.804,STRING high-confidence functional PPI
HMOX1,IL1B,0.817,0.0,0.0,0.812,STRING high-confidence functional PPI
HMOX1,STAT3,0.849,0.0,0.4,0.755,STRING high-confidence functional PPI
HMOX1,IL13,0.855,0.0,0.75,0.445,STRING high-confidence functional PPI
HMOX1,BCL2,0.856,0.0,0.0,0.856,STRING high-confidence functional PPI
HMOX1,IL4,0.878,0.0,0.75,0.532,STRING high-confidence functional PPI
HMOX1,NLRP3,0.892,0.0,0.75,0.582,STRING high-confidence functional PPI
HMOX1,KEAP1,0.934,0.0,0.0,0.933,STRING high-confidence functional PPI
HMOX1,NFE2L2,0.989,0.0,0.75,0.96,STRING high-confidence functional PPI
APEX1,STAT3,0.709,0.292,0.0,0.603,STRING high-confidence functional PPI
APEX1,POLD1,0.761,0.095,0.5,0.459,STRING high-confidence functional PPI
APEX1,HIF1A,0.782,0.292,0.0,0.703,STRING high-confidence functional PPI
APEX1,TP53,0.944,0.51,0.0,0.884,STRING high-confidence functional PPI
NFKBIA,MMP9,0.704,0.0,0.0,0.684,STRING high-confidence functional PPI
NFKBIA,SOD2,0.705,0.053,0.0,0.642,STRING high-confidence functional PPI
NFKBIA,NOD2,0.708,0.042,0.0,0.68,STRING high-confidence functional PPI
NFKBIA,IFNG,0.714,0.0,0.0,0.698,STRING high-confidence functional PPI
NFKBIA,IL10,0.72,0.0,0.0,0.703,STRING high-confidence functional PPI
NFKBIA,BCL2,0.73,0.045,0.0,0.724,STRING high-confidence functional PPI
NFKBIA,MAPK3,0.732,0.072,0.0,0.722,STRING high-confidence functional PPI
NFKBIA,IL17A,0.732,0.0,0.0,0.729,STRING high-confidence functional PPI
NFKBIA,HIF1A,0.735,0.0,0.0,0.726,STRING high-confidence functional PPI
NFKBIA,CASP3,0.74,0.076,0.0,0.728,STRING high-confidence functional PPI
NFKBIA,STAT3,0.741,0.045,0.0,0.708,STRING high-confidence functional PPI
NFKBIA,NFE2L2,0.747,0.0,0.0,0.73,STRING high-confidence functional PPI
NFKBIA,CXCL10,0.752,0.0,0.0,0.722,STRING high-confidence functional PPI
NFKBIA,CCL2,0.754,0.0,0.0,0.714,STRING high-confidence functional PPI
NFKBIA,VCAM1,0.787,0.0,0.0,0.774,STRING high-confidence functional PPI
NFKBIA,ICAM1,0.797,0.0,0.0,0.713,STRING high-confidence functional PPI
NFKBIA,SRC,0.797,0.261,0.0,0.724,STRING high-confidence functional PPI
NFKBIA,IL1A,0.839,0.0,0.0,0.795,STRING high-confidence functional PPI
NFKBIA,AKT1,0.849,0.331,0.0,0.784,STRING high-confidence functional PPI
NFKBIA,PTGS2,0.856,0.0,0.0,0.842,STRING high-confidence functional PPI
NFKBIA,CXCL8,0.887,0.0,0.0,0.803,STRING high-confidence functional PPI
NFKBIA,JUN,0.908,0.292,0.0,0.844,STRING high-confidence functional PPI
NFKBIA,TP53,0.915,0.623,0.0,0.781,STRING high-confidence functional PPI
NFKBIA,STAT1,0.917,0.294,0.0,0.877,STRING high-confidence functional PPI
NFKBIA,IL6,0.927,0.0,0.0,0.915,STRING high-confidence functional PPI
NFKBIA,IL1B,0.945,0.0,0.0,0.927,STRING high-confidence functional PPI
NFKBIA,TNF,0.967,0.292,0.0,0.937,STRING high-confidence functional PPI
NFKBIA,CHUK,0.999,0.994,0.9,0.972,STRING high-confidence functional PPI
NFKBIA,IKBKB,0.999,0.994,0.9,0.995,STRING high-confidence functional PPI
NFKBIA,NFKB1,0.999,0.997,0.9,0.986,STRING high-confidence functional PPI
NFKBIA,RELA,0.999,0.999,0.9,0.999,STRING high-confidence functional PPI
TIMP1,JUN,0.701,0.0,0.0,0.695,STRING high-confidence functional PPI
TIMP1,IL13,0.702,0.0,0.0,0.702,STRING high-confidence functional PPI
TIMP1,NFKB1,0.704,0.0,0.0,0.693,STRING high-confidence functional PPI
TIMP1,IL17A,0.713,0.0,0.4,0.542,STRING high-confidence functional PPI
TIMP1,IL4,0.72,0.0,0.0,0.72,STRING high-confidence functional PPI
TIMP1,TNF,0.727,0.0,0.0,0.726,STRING high-confidence functional PPI
TIMP1,ALB,0.737,0.0,0.4,0.58,STRING high-confidence functional PPI
TIMP1,CXCL10,0.744,0.0,0.0,0.731,STRING high-confidence functional PPI
TIMP1,IFNG,0.76,0.0,0.0,0.736,STRING high-confidence functional PPI
TIMP1,STAT3,0.772,0.0,0.5,0.544,STRING high-confidence functional PPI
TIMP1,FGFR2,0.773,0.204,0.0,0.727,STRING high-confidence functional PPI
TIMP1,CXCL8,0.78,0.0,0.0,0.77,STRING high-confidence functional PPI
TIMP1,IL1B,0.791,0.0,0.0,0.761,STRING high-confidence functional PPI
TIMP1,ICAM1,0.825,0.0,0.0,0.81,STRING high-confidence functional PPI
TIMP1,LCN2,0.85,0.0,0.4,0.746,STRING high-confidence functional PPI
TIMP1,CCL2,0.867,0.0,0.0,0.802,STRING high-confidence functional PPI
TIMP1,TGFB1,0.882,0.053,0.4,0.782,STRING high-confidence functional PPI
TIMP1,CD44,0.922,0.0,0.0,0.907,STRING high-confidence functional PPI
TIMP1,IL6,0.938,0.0,0.4,0.888,STRING high-confidence functional PPI
TIMP1,IL10,0.954,0.0,0.75,0.806,STRING high-confidence functional PPI
TIMP1,MMP2,0.997,0.16,0.4,0.994,STRING high-confidence functional PPI
TIMP1,MMP9,0.999,0.572,0.9,0.999,STRING high-confidence functional PPI
TIMP1,MMP3,0.999,0.952,0.4,0.998,STRING high-confidence functional PPI
TIMP1,MMP1,0.999,0.935,0.4,0.984,STRING high-confidence functional PPI
MMP2,MET,0.703,0.0,0.0,0.694,STRING high-confidence functional PPI
MMP2,CCL2,0.704,0.0,0.0,0.667,STRING high-confidence functional PPI
MMP2,CASP3,0.713,0.0,0.0,0.698,STRING high-confidence functional PPI
MMP2,BCL2,0.716,0.0,0.0,0.716,STRING high-confidence functional PPI
MMP2,TNF,0.729,0.0,0.0,0.72,STRING high-confidence functional PPI
MMP2,HIF1A,0.731,0.0,0.0,0.712,STRING high-confidence functional PPI
MMP2,ERBB2,0.738,0.0,0.0,0.738,STRING high-confidence functional PPI
MMP2,CCND1,0.738,0.0,0.0,0.713,STRING high-confidence functional PPI
MMP2,PTEN,0.745,0.0,0.0,0.745,STRING high-confidence functional PPI
MMP2,IL1B,0.745,0.087,0.0,0.721,STRING high-confidence functional PPI
MMP2,ICAM1,0.751,0.0,0.0,0.749,STRING high-confidence functional PPI
MMP2,PLAU,0.755,0.0,0.0,0.726,STRING high-confidence functional PPI
MMP2,IL10,0.761,0.0,0.4,0.619,STRING high-confidence functional PPI
MMP2,PTGS2,0.764,0.0,0.0,0.755,STRING high-confidence functional PPI
MMP2,IGF2,0.779,0.0,0.4,0.596,STRING high-confidence functional PPI
MMP2,CDH1,0.791,0.048,0.0,0.79,STRING high-confidence functional PPI
MMP2,CXCL8,0.814,0.0,0.0,0.814,STRING high-confidence functional PPI
MMP2,AKT1,0.846,0.0,0.0,0.844,STRING high-confidence functional PPI
MMP2,IL6,0.847,0.0,0.4,0.734,STRING high-confidence functional PPI
MMP2,LCN2,0.907,0.292,0.4,0.796,STRING high-confidence functional PPI
MMP2,STAT3,0.916,0.226,0.5,0.793,STRING high-confidence functional PPI
MMP2,MMP9,0.918,0.0,0.9,0.116,STRING high-confidence functional PPI
MMP2,MMP1,0.93,0.0,0.9,0.215,STRING high-confidence functional PPI
MMP2,TGFB1,0.962,0.6,0.4,0.85,STRING high-confidence functional PPI
MMP2,CD44,0.971,0.0,0.5,0.942,STRING high-confidence functional PPI
MMP2,SRC,0.972,0.0,0.9,0.74,STRING high-confidence functional PPI
TGFB1,PTPRC,0.701,0.045,0.0,0.671,STRING high-confidence functional PPI
TGFB1,CASP3,0.706,0.0,0.0,0.706,STRING high-confidence functional PPI
TGFB1,NFKB1,0.711,0.0,0.0,0.683,STRING high-confidence functional PPI
TGFB1,MAPK3,0.721,0.047,0.0,0.705,STRING high-confidence functional PPI
TGFB1,JUN,0.722,0.0,0.0,0.703,STRING high-confidence functional PPI
TGFB1,ICAM1,0.73,0.0,0.0,0.695,STRING high-confidence functional PPI
TGFB1,KDR,0.734,0.063,0.0,0.727,STRING high-confidence functional PPI
TGFB1,MET,0.739,0.126,0.0,0.706,STRING high-confidence functional PPI
TGFB1,CD44,0.747,0.0,0.0,0.712,STRING high-confidence functional PPI
TGFB1,IL2,0.763,0.0,0.0,0.763,STRING high-confidence functional PPI
TGFB1,IL1A,0.764,0.0,0.0,0.763,STRING high-confidence functional PPI
TGFB1,CXCL8,0.775,0.0,0.0,0.765,STRING high-confidence functional PPI
TGFB1,IGF2,0.781,0.0,0.0,0.775,STRING high-confidence functional PPI
TGFB1,CD274,0.781,0.0,0.0,0.773,STRING high-confidence functional PPI
TGFB1,ALB,0.784,0.0,0.0,0.784,STRING high-confidence functional PPI
TGFB1,SRC,0.787,0.126,0.0,0.746,STRING high-confidence functional PPI
TGFB1,MMP3,0.787,0.0,0.4,0.661,STRING high-confidence functional PPI
TGFB1,MYC,0.796,0.048,0.0,0.787,STRING high-confidence functional PPI
TGFB1,TP53,0.809,0.292,0.0,0.718,STRING high-confidence functional PPI
TGFB1,MMP1,0.812,0.0,0.4,0.691,STRING high-confidence functional PPI
TGFB1,IL13,0.816,0.0,0.0,0.814,STRING high-confidence functional PPI
TGFB1,HIF1A,0.838,0.225,0.0,0.799,STRING high-confidence functional PPI
TGFB1,CDH1,0.841,0.133,0.0,0.822,STRING high-confidence functional PPI
TGFB1,CCL2,0.851,0.0,0.0,0.843,STRING high-confidence functional PPI
TGFB1,IL4,0.852,0.0,0.0,0.85,STRING high-confidence functional PPI
TGFB1,AKT1,0.868,0.126,0.0,0.845,STRING high-confidence functional PPI
TGFB1,STAT3,0.87,0.095,0.5,0.729,STRING high-confidence functional PPI
TGFB1,IFNG,0.888,0.0,0.0,0.886,STRING high-confidence functional PPI
TGFB1,IL17A,0.903,0.0,0.4,0.844,STRING high-confidence functional PPI
TGFB1,PPARG,0.922,0.0,0.75,0.68,STRING high-confidence functional PPI
TGFB1,IL1B,0.932,0.0,0.0,0.924,STRING high-confidence functional PPI
TGFB1,IL10,0.932,0.0,0.4,0.891,STRING high-confidence functional PPI
TGFB1,TNF,0.941,0.0,0.0,0.935,STRING high-confidence functional PPI
TGFB1,IL6,0.96,0.0,0.4,0.932,STRING high-confidence functional PPI
TGFB1,MMP9,0.968,0.599,0.4,0.872,STRING high-confidence functional PPI
TGFB1,EGFR,0.975,0.152,0.0,0.972,STRING high-confidence functional PPI
MPO,IL1A,0.715,0.0,0.0,0.711,STRING high-confidence functional PPI
MPO,CXCL8,0.733,0.0,0.0,0.728,STRING high-confidence functional PPI
MPO,ICAM1,0.769,0.0,0.0,0.763,STRING high-confidence functional PPI
MPO,IL10,0.771,0.0,0.0,0.771,STRING high-confidence functional PPI
MPO,IFNG,0.789,0.0,0.0,0.775,STRING high-confidence functional PPI
MPO,TNF,0.832,0.0,0.0,0.822,STRING high-confidence functional PPI
MPO,IL1B,0.86,0.0,0.0,0.851,STRING high-confidence functional PPI
MPO,IL6,0.872,0.0,0.0,0.865,STRING high-confidence functional PPI
MPO,ALB,0.887,0.162,0.0,0.867,STRING high-confidence functional PPI
MPO,MMP9,0.969,0.0,0.0,0.967,STRING high-confidence functional PPI
MPO,ELANE,0.999,0.164,0.0,0.999,STRING high-confidence functional PPI
CCL2,CASP1,0.707,0.0,0.0,0.677,STRING high-confidence functional PPI
CCL2,CD40LG,0.714,0.0,0.0,0.706,STRING high-confidence functional PPI
CCL2,AKT1,0.72,0.0,0.0,0.72,STRING high-confidence functional PPI
CCL2,EGFR,0.725,0.0,0.0,0.72,STRING high-confidence functional PPI
CCL2,PPARG,0.731,0.0,0.0,0.717,STRING high-confidence functional PPI
CCL2,SRC,0.733,0.0,0.0,0.718,STRING high-confidence functional PPI
CCL2,PTPRC,0.735,0.0,0.0,0.721,STRING high-confidence functional PPI
CCL2,CD86,0.737,0.0,0.0,0.702,STRING high-confidence functional PPI
CCL2,ALB,0.739,0.0,0.0,0.739,STRING high-confidence functional PPI
CCL2,MAPK3,0.747,0.0,0.0,0.747,STRING high-confidence functional PPI
CCL2,KDR,0.758,0.0,0.0,0.752,STRING high-confidence functional PPI
CCL2,MMP1,0.774,0.0,0.0,0.754,STRING high-confidence functional PPI
CCL2,ADIPOQ,0.776,0.0,0.0,0.773,STRING high-confidence functional PPI
CCL2,LCN2,0.781,0.0,0.0,0.781,STRING high-confidence functional PPI
CCL2,MMP3,0.806,0.0,0.0,0.783,STRING high-confidence functional PPI
CCL2,MMP9,0.809,0.0,0.0,0.802,STRING high-confidence functional PPI
CCL2,CD44,0.815,0.0,0.0,0.786,STRING high-confidence functional PPI
CCL2,STAT1,0.831,0.0,0.0,0.812,STRING high-confidence functional PPI
CCL2,IL2,0.853,0.0,0.0,0.852,STRING high-confidence functional PPI
CCL2,IL5,0.862,0.0,0.0,0.862,STRING high-confidence functional PPI
CCL2,PTGS2,0.867,0.0,0.0,0.848,STRING high-confidence functional PPI
CCL2,STAT3,0.867,0.0,0.5,0.728,STRING high-confidence functional PPI
CCL2,IL17A,0.874,0.0,0.0,0.873,STRING high-confidence functional PPI
CCL2,IL18,0.881,0.0,0.4,0.808,STRING high-confidence functional PPI
CCL2,VCAM1,0.907,0.096,0.0,0.88,STRING high-confidence functional PPI
CCL2,IL4,0.921,0.0,0.4,0.873,STRING high-confidence functional PPI
CCL2,ICAM1,0.928,0.0,0.0,0.892,STRING high-confidence functional PPI
CCL2,IL13,0.932,0.0,0.4,0.891,STRING high-confidence functional PPI
CCL2,IL1A,0.934,0.0,0.4,0.882,STRING high-confidence functional PPI
CCL2,IFNG,0.938,0.0,0.0,0.926,STRING high-confidence functional PPI
CCL2,IL10,0.963,0.0,0.4,0.929,STRING high-confidence functional PPI
CCL2,CXCL10,0.965,0.0,0.4,0.915,STRING high-confidence functional PPI
CCL2,IL1B,0.97,0.0,0.4,0.94,STRING high-confidence functional PPI
CCL2,TNF,0.978,0.0,0.4,0.952,STRING high-confidence functional PPI
CCL2,JUN,0.98,0.0,0.9,0.8,STRING high-confidence functional PPI
CCL2,NFKB1,0.982,0.0,0.9,0.811,STRING high-confidence functional PPI
CCL2,IL6,0.985,0.0,0.4,0.953,STRING high-confidence functional PPI
CCL2,RELA,0.987,0.51,0.9,0.745,STRING high-confidence functional PPI
CCL2,CCL11,0.998,0.994,0.0,0.667,STRING high-confidence functional PPI
CCL2,CXCL8,0.999,0.994,0.4,0.948,STRING high-confidence functional PPI
NFKB1,CDK4,0.71,0.116,0.0,0.674,STRING high-confidence functional PPI
NFKB1,CD86,0.717,0.0,0.0,0.688,STRING high-confidence functional PPI
NFKB1,BRCA1,0.726,0.065,0.0,0.719,STRING high-confidence functional PPI
NFKB1,CD40LG,0.728,0.045,0.0,0.707,STRING high-confidence functional PPI
NFKB1,KEAP1,0.733,0.045,0.0,0.728,STRING high-confidence functional PPI
NFKB1,ERBB2,0.733,0.045,0.0,0.732,STRING high-confidence functional PPI
NFKB1,CDKN1A,0.751,0.297,0.0,0.638,STRING high-confidence functional PPI
NFKB1,SRC,0.756,0.095,0.0,0.731,STRING high-confidence functional PPI
NFKB1,MTOR,0.76,0.107,0.0,0.741,STRING high-confidence functional PPI
NFKB1,VCAM1,0.769,0.0,0.0,0.752,STRING high-confidence functional PPI
NFKB1,AGER,0.776,0.05,0.4,0.64,STRING high-confidence functional PPI
NFKB1,NOD2,0.776,0.042,0.0,0.755,STRING high-confidence functional PPI
NFKB1,IL17A,0.791,0.0,0.0,0.789,STRING high-confidence functional PPI
NFKB1,NFATC1,0.798,0.0,0.0,0.777,STRING high-confidence functional PPI
NFKB1,IL4,0.8,0.0,0.0,0.8,STRING high-confidence functional PPI
NFKB1,MMP9,0.802,0.0,0.0,0.788,STRING high-confidence functional PPI
NFKB1,IL2,0.804,0.046,0.0,0.8,STRING high-confidence functional PPI
NFKB1,HIF1A,0.816,0.0,0.0,0.807,STRING high-confidence functional PPI
NFKB1,BCL2,0.818,0.045,0.0,0.803,STRING high-confidence functional PPI
NFKB1,CASP3,0.821,0.076,0.0,0.799,STRING high-confidence functional PPI
NFKB1,CASP1,0.826,0.076,0.0,0.799,STRING high-confidence functional PPI
NFKB1,EGFR,0.837,0.045,0.0,0.835,STRING high-confidence functional PPI
NFKB1,PTGS2,0.842,0.203,0.0,0.798,STRING high-confidence functional PPI
NFKB1,CXCL10,0.845,0.0,0.0,0.831,STRING high-confidence functional PPI
NFKB1,IL10,0.877,0.0,0.0,0.872,STRING high-confidence functional PPI
NFKB1,NR3C1,0.878,0.51,0.0,0.74,STRING high-confidence functional PPI
NFKB1,MAPK3,0.881,0.072,0.0,0.874,STRING high-confidence functional PPI
NFKB1,AKT1,0.896,0.095,0.0,0.885,STRING high-confidence functional PPI
NFKB1,ICAM1,0.903,0.0,0.0,0.881,STRING high-confidence functional PPI
NFKB1,MYC,0.917,0.292,0.0,0.879,STRING high-confidence functional PPI
NFKB1,STAT1,0.926,0.045,0.0,0.918,STRING high-confidence functional PPI
NFKB1,IFNG,0.932,0.0,0.0,0.929,STRING high-confidence functional PPI
NFKB1,IL1A,0.946,0.0,0.4,0.9,STRING high-confidence functional PPI
NFKB1,PRKCQ,0.953,0.062,0.9,0.536,STRING high-confidence functional PPI
NFKB1,STAT3,0.962,0.598,0.0,0.902,STRING high-confidence functional PPI
NFKB1,PPARG,0.972,0.292,0.75,0.851,STRING high-confidence functional PPI
NFKB1,IL18,0.979,0.0,0.9,0.799,STRING high-confidence functional PPI
NFKB1,NLRP3,0.981,0.093,0.9,0.796,STRING high-confidence functional PPI
NFKB1,CXCL8,0.988,0.0,0.9,0.881,STRING high-confidence functional PPI
NFKB1,TP53,0.989,0.045,0.0,0.989,STRING high-confidence functional PPI
NFKB1,IL6,0.994,0.0,0.9,0.942,STRING high-confidence functional PPI
NFKB1,JUN,0.994,0.292,0.0,0.992,STRING high-confidence functional PPI
NFKB1,IL1B,0.996,0.0,0.9,0.959,STRING high-confidence functional PPI
NFKB1,TNF,0.999,0.0,0.9,0.995,STRING high-confidence functional PPI
NFKB1,CHUK,0.999,0.854,0.9,0.966,STRING high-confidence functional PPI
NFKB1,IKBKB,0.999,0.885,0.9,0.979,STRING high-confidence functional PPI
NFKB1,RELA,0.999,0.999,0.9,0.986,STRING high-confidence functional PPI
IL2,TYK2,0.7,0.0,0.0,0.7,STRING high-confidence functional PPI
IL2,MYC,0.709,0.0,0.0,0.709,STRING high-confidence functional PPI
IL2,ALB,0.718,0.0,0.0,0.718,STRING high-confidence functional PPI
IL2,JUN,0.734,0.292,0.0,0.64,STRING high-confidence functional PPI
IL2,TP53,0.741,0.0,0.0,0.741,STRING high-confidence functional PPI
IL2,BCL2,0.758,0.0,0.0,0.758,STRING high-confidence functional PPI
IL2,NFATC1,0.775,0.294,0.0,0.694,STRING high-confidence functional PPI
IL2,RORC,0.78,0.0,0.0,0.766,STRING high-confidence functional PPI
IL2,PTPRC,0.794,0.0,0.0,0.793,STRING high-confidence functional PPI
IL2,STAT1,0.797,0.0,0.0,0.793,STRING high-confidence functional PPI
IL2,ICAM1,0.8,0.0,0.0,0.799,STRING high-confidence functional PPI
IL2,CD44,0.806,0.0,0.0,0.806,STRING high-confidence functional PPI
IL2,IL18,0.815,0.0,0.0,0.815,STRING high-confidence functional PPI
IL2,STAT3,0.828,0.0,0.0,0.826,STRING high-confidence functional PPI
IL2,RELA,0.839,0.516,0.0,0.681,STRING high-confidence functional PPI
IL2,EGFR,0.851,0.0,0.65,0.593,STRING high-confidence functional PPI
IL2,CD274,0.854,0.0,0.0,0.853,STRING high-confidence functional PPI
IL2,CXCL10,0.857,0.0,0.0,0.852,STRING high-confidence functional PPI
IL2,CCL11,0.861,0.0,0.0,0.859,STRING high-confidence functional PPI
IL2,CD86,0.879,0.0,0.0,0.879,STRING high-confidence functional PPI
IL2,JAK2,0.896,0.0,0.65,0.715,STRING high-confidence functional PPI
IL2,CD40LG,0.924,0.0,0.0,0.907,STRING high-confidence functional PPI
IL2,IL13,0.934,0.0,0.0,0.922,STRING high-confidence functional PPI
IL2,TNF,0.957,0.0,0.0,0.955,STRING high-confidence functional PPI
IL2,IL10,0.964,0.0,0.0,0.963,STRING high-confidence functional PPI
IL2,IL17A,0.984,0.623,0.0,0.942,STRING high-confidence functional PPI
IL2,CXCL8,0.985,0.0,0.0,0.985,STRING high-confidence functional PPI
IL2,IFNG,0.99,0.0,0.0,0.987,STRING high-confidence functional PPI
IL2,IL1A,0.997,0.0,0.0,0.997,STRING high-confidence functional PPI
IL2,IL4,0.999,0.0,0.0,0.999,STRING high-confidence functional PPI
IL2,IL6,0.999,0.0,0.0,0.999,STRING high-confidence functional PPI
IL2,IL1B,0.999,0.0,0.0,0.999,STRING high-confidence functional PPI
IL2,IL5,0.999,0.0,0.4,0.999,STRING high-confidence functional PPI
CCND1,PIK3CA,0.704,0.0,0.0,0.704,STRING high-confidence functional PPI
CCND1,MAPK3,0.744,0.0,0.0,0.739,STRING high-confidence functional PPI
CCND1,BIRC5,0.751,0.0,0.4,0.594,STRING high-confidence functional PPI
CCND1,IL6,0.763,0.0,0.0,0.754,STRING high-confidence functional PPI
CCND1,HNF4A,0.773,0.0,0.0,0.773,STRING high-confidence functional PPI
CCND1,STAT1,0.783,0.091,0.0,0.767,STRING high-confidence functional PPI
CCND1,RELA,0.791,0.51,0.0,0.579,STRING high-confidence functional PPI
CCND1,MMP9,0.799,0.0,0.0,0.792,STRING high-confidence functional PPI
CCND1,MTOR,0.802,0.0,0.0,0.802,STRING high-confidence functional PPI
CCND1,TCF7L2,0.82,0.292,0.5,0.522,STRING high-confidence functional PPI
CCND1,EGFR,0.841,0.106,0.0,0.809,STRING high-confidence functional PPI
CCND1,CASP3,0.847,0.0,0.0,0.845,STRING high-confidence functional PPI
CCND1,CDH1,0.851,0.292,0.0,0.796,STRING high-confidence functional PPI
CCND1,JAK2,0.852,0.0,0.4,0.76,STRING high-confidence functional PPI
CCND1,PTEN,0.855,0.0,0.0,0.85,STRING high-confidence functional PPI
CCND1,SRC,0.875,0.287,0.4,0.719,STRING high-confidence functional PPI
CCND1,HIF1A,0.876,0.0,0.4,0.802,STRING high-confidence functional PPI
CCND1,ERBB2,0.904,0.301,0.0,0.862,STRING high-confidence functional PPI
CCND1,JUN,0.919,0.292,0.5,0.79,STRING high-confidence functional PPI
CCND1,BRCA1,0.922,0.51,0.0,0.848,STRING high-confidence functional PPI
CCND1,AKT1,0.923,0.0,0.0,0.919,STRING high-confidence functional PPI
CCND1,TP53,0.946,0.292,0.0,0.928,STRING high-confidence functional PPI
CCND1,BCL2,0.958,0.0,0.0,0.957,STRING high-confidence functional PPI
CCND1,MYC,0.969,0.0,0.4,0.95,STRING high-confidence functional PPI
CCND1,STAT3,0.98,0.644,0.5,0.898,STRING high-confidence functional PPI
CCND1,RB1,0.998,0.932,0.9,0.831,STRING high-confidence functional PPI
CCND1,CDKN2A,0.998,0.726,0.9,0.946,STRING high-confidence functional PPI
CCND1,CDK4,0.999,0.999,0.9,0.999,STRING high-confidence functional PPI
CCND1,CDKN1A,0.999,0.996,0.9,0.995,STRING high-confidence functional PPI
IFNG,MMP1,0.706,0.0,0.0,0.701,STRING high-confidence functional PPI
IFNG,JUN,0.711,0.0,0.0,0.71,STRING high-confidence functional PPI
IFNG,MMP3,0.725,0.0,0.0,0.721,STRING high-confidence functional PPI
IFNG,LCN2,0.725,0.0,0.0,0.722,STRING high-confidence functional PPI
IFNG,VCAM1,0.748,0.0,0.0,0.736,STRING high-confidence functional PPI
IFNG,MMP9,0.751,0.0,0.0,0.737,STRING high-confidence functional PPI
IFNG,NOD2,0.77,0.0,0.0,0.76,STRING high-confidence functional PPI
IFNG,RORC,0.782,0.0,0.0,0.782,STRING high-confidence functional PPI
IFNG,BCL2,0.795,0.0,0.0,0.783,STRING high-confidence functional PPI
IFNG,PTGS2,0.816,0.0,0.0,0.804,STRING high-confidence functional PPI
IFNG,AKT1,0.817,0.0,0.0,0.816,STRING high-confidence functional PPI
IFNG,CASP3,0.825,0.0,0.0,0.816,STRING high-confidence functional PPI
IFNG,TP53,0.834,0.0,0.0,0.826,STRING high-confidence functional PPI
IFNG,MAPK3,0.846,0.0,0.0,0.846,STRING high-confidence functional PPI
IFNG,NOS2,0.862,0.0,0.0,0.861,STRING high-confidence functional PPI
IFNG,ALB,0.866,0.0,0.0,0.856,STRING high-confidence functional PPI
IFNG,EGFR,0.876,0.0,0.65,0.661,STRING high-confidence functional PPI
IFNG,TYK2,0.878,0.0,0.0,0.876,STRING high-confidence functional PPI
IFNG,CD44,0.883,0.0,0.0,0.883,STRING high-confidence functional PPI
IFNG,CASP1,0.893,0.0,0.0,0.885,STRING high-confidence functional PPI
IFNG,CD274,0.899,0.0,0.0,0.881,STRING high-confidence functional PPI
IFNG,ICAM1,0.902,0.164,0.0,0.885,STRING high-confidence functional PPI
IFNG,STAT3,0.907,0.0,0.0,0.905,STRING high-confidence functional PPI
IFNG,CD40LG,0.919,0.0,0.0,0.909,STRING high-confidence functional PPI
IFNG,PTPRC,0.924,0.0,0.0,0.917,STRING high-confidence functional PPI
IFNG,CD86,0.943,0.0,0.0,0.929,STRING high-confidence functional PPI
IFNG,IL18,0.949,0.0,0.0,0.945,STRING high-confidence functional PPI
IFNG,CXCL10,0.959,0.0,0.0,0.942,STRING high-confidence functional PPI
IFNG,IL5,0.96,0.0,0.0,0.959,STRING high-confidence functional PPI
IFNG,CXCL8,0.961,0.0,0.0,0.942,STRING high-confidence functional PPI
IFNG,IL13,0.961,0.0,0.0,0.96,STRING high-confidence functional PPI
IFNG,IL1A,0.971,0.0,0.0,0.966,STRING high-confidence functional PPI
IFNG,IL17A,0.978,0.0,0.0,0.975,STRING high-confidence functional PPI
IFNG,CCL11,0.979,0.0,0.0,0.975,STRING high-confidence functional PPI
IFNG,IL6,0.983,0.0,0.0,0.981,STRING high-confidence functional PPI
IFNG,STAT1,0.986,0.0,0.5,0.971,STRING high-confidence functional PPI
IFNG,IL4,0.99,0.0,0.0,0.99,STRING high-confidence functional PPI
IFNG,TNF,0.991,0.0,0.0,0.99,STRING high-confidence functional PPI
IFNG,IL10,0.995,0.0,0.0,0.989,STRING high-confidence functional PPI
IFNG,JAK2,0.998,0.0,0.9,0.989,STRING high-confidence functional PPI
IFNG,IL1B,0.998,0.0,0.0,0.997,STRING high-confidence functional PPI
IL4,CD274,0.718,0.0,0.0,0.713,STRING high-confidence functional PPI
IL4,TP53,0.718,0.0,0.0,0.718,STRING high-confidence functional PPI
IL4,ALB,0.725,0.0,0.0,0.725,STRING high-confidence functional PPI
IL4,MTOR,0.744,0.411,0.0,0.584,STRING high-confidence functional PPI
IL4,PTGS2,0.764,0.0,0.0,0.763,STRING high-confidence functional PPI
IL4,PTPRC,0.79,0.0,0.0,0.788,STRING high-confidence functional PPI
IL4,CD44,0.807,0.0,0.0,0.807,STRING high-confidence functional PPI
IL4,ICAM1,0.811,0.0,0.0,0.811,STRING high-confidence functional PPI
IL4,EGFR,0.82,0.0,0.65,0.507,STRING high-confidence functional PPI
IL4,TYK2,0.846,0.0,0.5,0.705,STRING high-confidence functional PPI
IL4,JAK2,0.856,0.0,0.65,0.607,STRING high-confidence functional PPI
IL4,CXCL10,0.882,0.0,0.0,0.882,STRING high-confidence functional PPI
IL4,STAT1,0.891,0.0,0.0,0.891,STRING high-confidence functional PPI
IL4,IL18,0.897,0.0,0.4,0.836,STRING high-confidence functional PPI
IL4,CD40LG,0.914,0.0,0.0,0.91,STRING high-confidence functional PPI
IL4,CD86,0.917,0.0,0.0,0.917,STRING high-confidence functional PPI
IL4,STAT3,0.92,0.0,0.5,0.848,STRING high-confidence functional PPI
IL4,CCL11,0.955,0.0,0.0,0.955,STRING high-confidence functional PPI
IL4,IL17A,0.959,0.0,0.0,0.955,STRING high-confidence functional PPI
IL4,TNF,0.977,0.0,0.4,0.963,STRING high-confidence functional PPI
IL4,IL10,0.986,0.0,0.0,0.986,STRING high-confidence functional PPI
IL4,IL6,0.986,0.0,0.4,0.978,STRING high-confidence functional PPI
IL4,IL5,0.988,0.0,0.0,0.983,STRING high-confidence functional PPI
IL4,IL13,0.993,0.0,0.0,0.991,STRING high-confidence functional PPI
IL4,IL1A,0.995,0.0,0.4,0.992,STRING high-confidence functional PPI
IL4,CXCL8,0.997,0.0,0.4,0.996,STRING high-confidence functional PPI
IL4,IL1B,0.998,0.0,0.4,0.998,STRING high-confidence functional PPI
IL5,CD40LG,0.721,0.0,0.0,0.713,STRING high-confidence functional PPI
IL5,EGFR,0.762,0.0,0.65,0.348,STRING high-confidence functional PPI
IL5,CD86,0.773,0.0,0.0,0.773,STRING high-confidence functional PPI
IL5,IL18,0.786,0.0,0.0,0.786,STRING high-confidence functional PPI
IL5,CXCL10,0.801,0.0,0.0,0.801,STRING high-confidence functional PPI
IL5,JAK2,0.889,0.0,0.4,0.823,STRING high-confidence functional PPI
IL5,IL1A,0.918,0.0,0.0,0.909,STRING high-confidence functional PPI
IL5,TNF,0.93,0.0,0.0,0.929,STRING high-confidence functional PPI
IL5,CXCL8,0.932,0.0,0.0,0.932,STRING high-confidence functional PPI
IL5,CCL11,0.934,0.0,0.0,0.933,STRING high-confidence functional PPI
IL5,IL17A,0.939,0.0,0.0,0.933,STRING high-confidence functional PPI
IL5,IL6,0.977,0.0,0.0,0.977,STRING high-confidence functional PPI
IL5,IL10,0.982,0.0,0.0,0.982,STRING high-confidence functional PPI
IL5,IL13,0.991,0.0,0.0,0.986,STRING high-confidence functional PPI
IL5,IL1B,0.998,0.0,0.0,0.998,STRING high-confidence functional PPI
NR3C1,STAT1,0.701,0.045,0.5,0.403,STRING high-confidence functional PPI
NR3C1,TNF,0.745,0.0,0.0,0.733,STRING high-confidence functional PPI
NR3C1,BCL2,0.767,0.303,0.0,0.658,STRING high-confidence functional PPI
NR3C1,AKT1,0.791,0.314,0.0,0.692,STRING high-confidence functional PPI
NR3C1,RELA,0.85,0.739,0.0,0.443,STRING high-confidence functional PPI
NR3C1,HIF1A,0.852,0.071,0.5,0.678,STRING high-confidence functional PPI
NR3C1,EGFR,0.87,0.648,0.0,0.646,STRING high-confidence functional PPI
NR3C1,TP53,0.936,0.51,0.0,0.875,STRING high-confidence functional PPI
NR3C1,JUN,0.961,0.522,0.0,0.922,STRING high-confidence functional PPI
NR3C1,STAT3,0.981,0.736,0.0,0.932,STRING high-confidence functional PPI
ODC1,MYC,0.771,0.094,0.0,0.747,STRING high-confidence functional PPI
CAT,SOD2,0.908,0.252,0.792,0.37,STRING high-confidence functional PPI
AHR,RB1,0.727,0.725,0.0,0.0,STRING high-confidence functional PPI
AHR,CYP1A2,0.866,0.0,0.0,0.864,STRING high-confidence functional PPI
CDK4,PIK3CA,0.709,0.0,0.0,0.709,STRING high-confidence functional PPI
CDK4,CDH1,0.712,0.31,0.0,0.6,STRING high-confidence functional PPI
CDK4,CASP3,0.75,0.0,0.0,0.732,STRING high-confidence functional PPI
CDK4,TERT,0.756,0.177,0.0,0.708,STRING high-confidence functional PPI
CDK4,JUN,0.759,0.188,0.0,0.716,STRING high-confidence functional PPI
CDK4,BCL2,0.815,0.209,0.0,0.775,STRING high-confidence functional PPI
CDK4,BIRC5,0.857,0.292,0.0,0.662,STRING high-confidence functional PPI
CDK4,PTEN,0.865,0.236,0.0,0.824,STRING high-confidence functional PPI
CDK4,MYC,0.966,0.642,0.0,0.904,STRING high-confidence functional PPI
CDK4,TP53,0.966,0.554,0.0,0.922,STRING high-confidence functional PPI
CDK4,BRCA1,0.972,0.625,0.8,0.633,STRING high-confidence functional PPI
CDK4,RB1,0.999,0.994,0.9,0.984,STRING high-confidence functional PPI
CDK4,CDKN2A,0.999,0.994,0.9,0.999,STRING high-confidence functional PPI
CDK4,CDKN1A,0.999,0.999,0.9,0.998,STRING high-confidence functional PPI
CYP2C9,ABCB1,0.742,0.069,0.0,0.727,STRING high-confidence functional PPI
CYP2C9,CYP2D6,0.781,0.292,0.112,0.643,STRING high-confidence functional PPI
CYP2C9,NR1I2,0.85,0.056,0.0,0.833,STRING high-confidence functional PPI
CYP2C9,PTGS2,0.936,0.0,0.9,0.377,STRING high-confidence functional PPI
CYP2C9,PTGS1,0.936,0.0,0.9,0.379,STRING high-confidence functional PPI
CYP2C9,CYP1A2,0.947,0.0,0.908,0.286,STRING high-confidence functional PPI
CYP2C9,GSTM1,0.951,0.045,0.9,0.52,STRING high-confidence functional PPI
CYP2C9,GSTP1,0.951,0.045,0.9,0.494,STRING high-confidence functional PPI
CYP2C9,ALOX5,0.955,0.065,0.9,0.551,STRING high-confidence functional PPI
CYP2C9,CYP3A4,0.98,0.317,0.906,0.401,STRING high-confidence functional PPI
CYP2C9,CYP2C19,0.988,0.661,0.9,0.37,STRING high-confidence functional PPI
CDH1,CDKN2A,0.713,0.046,0.0,0.712,STRING high-confidence functional PPI
CDH1,CD274,0.718,0.0,0.0,0.718,STRING high-confidence functional PPI
CDH1,HIF1A,0.721,0.0,0.0,0.721,STRING high-confidence functional PPI
CDH1,STAT3,0.732,0.0,0.0,0.728,STRING high-confidence functional PPI
CDH1,ALB,0.735,0.0,0.0,0.735,STRING high-confidence functional PPI
CDH1,BCL2,0.736,0.0,0.0,0.736,STRING high-confidence functional PPI
CDH1,MMP3,0.739,0.048,0.4,0.581,STRING high-confidence functional PPI
CDH1,JUN,0.755,0.0,0.0,0.755,STRING high-confidence functional PPI
CDH1,MAPK3,0.77,0.258,0.0,0.702,STRING high-confidence functional PPI
CDH1,KDR,0.78,0.045,0.0,0.779,STRING high-confidence functional PPI
CDH1,MYC,0.804,0.101,0.0,0.791,STRING high-confidence functional PPI
CDH1,HNF4A,0.825,0.0,0.0,0.817,STRING high-confidence functional PPI
CDH1,TP53,0.853,0.0,0.0,0.852,STRING high-confidence functional PPI
CDH1,AKT1,0.903,0.165,0.0,0.889,STRING high-confidence functional PPI
CDH1,CD44,0.927,0.0,0.0,0.927,STRING high-confidence functional PPI
CDH1,PTEN,0.93,0.0,0.0,0.929,STRING high-confidence functional PPI
CDH1,CASP3,0.956,0.387,0.75,0.731,STRING high-confidence functional PPI
CDH1,MMP9,0.957,0.048,0.75,0.836,STRING high-confidence functional PPI
CDH1,MET,0.959,0.311,0.0,0.943,STRING high-confidence functional PPI
CDH1,ERBB2,0.97,0.108,0.0,0.964,STRING high-confidence functional PPI
CDH1,TJP1,0.987,0.087,0.0,0.985,STRING high-confidence functional PPI
CDH1,SRC,0.988,0.751,0.0,0.955,STRING high-confidence functional PPI
CDH1,EGFR,0.999,0.815,0.0,0.995,STRING high-confidence functional PPI
MAPK3,CASP8,0.709,0.294,0.0,0.593,STRING high-confidence functional PPI
MAPK3,AGER,0.711,0.0,0.5,0.435,STRING high-confidence functional PPI
MAPK3,VCAM1,0.713,0.0,0.0,0.713,STRING high-confidence functional PPI
MAPK3,IL1A,0.716,0.0,0.0,0.711,STRING high-confidence functional PPI
MAPK3,IL17A,0.724,0.0,0.0,0.72,STRING high-confidence functional PPI
MAPK3,MMP9,0.741,0.0,0.0,0.723,STRING high-confidence functional PPI
MAPK3,CD44,0.751,0.0,0.0,0.738,STRING high-confidence functional PPI
MAPK3,PTEN,0.756,0.175,0.0,0.712,STRING high-confidence functional PPI
MAPK3,MTOR,0.762,0.149,0.0,0.724,STRING high-confidence functional PPI
MAPK3,JAK2,0.783,0.11,0.5,0.531,STRING high-confidence functional PPI
MAPK3,PTGS2,0.855,0.3,0.0,0.788,STRING high-confidence functional PPI
MAPK3,IL1B,0.86,0.0,0.0,0.859,STRING high-confidence functional PPI
MAPK3,STAT3,0.87,0.045,0.0,0.866,STRING high-confidence functional PPI
MAPK3,IL6,0.905,0.0,0.4,0.846,STRING high-confidence functional PPI
MAPK3,TNF,0.922,0.0,0.0,0.921,STRING high-confidence functional PPI
MAPK3,SRC,0.944,0.511,0.5,0.778,STRING high-confidence functional PPI
MAPK3,NFATC1,0.947,0.0,0.9,0.474,STRING high-confidence functional PPI
MAPK3,AKT1,0.957,0.11,0.9,0.432,STRING high-confidence functional PPI
MAPK3,STAT1,0.964,0.091,0.9,0.636,STRING high-confidence functional PPI
MAPK3,HIF1A,0.969,0.045,0.9,0.703,STRING high-confidence functional PPI
MAPK3,CASP3,0.985,0.045,0.9,0.858,STRING high-confidence functional PPI
MAPK3,BCL2,0.985,0.0,0.9,0.852,STRING high-confidence functional PPI
MAPK3,MYC,0.986,0.292,0.9,0.829,STRING high-confidence functional PPI
MAPK3,JUN,0.987,0.323,0.9,0.824,STRING high-confidence functional PPI
MAPK3,TP53,0.994,0.626,0.9,0.871,STRING high-confidence functional PPI
PRKCQ,CASP3,0.782,0.0,0.75,0.154,STRING high-confidence functional PPI
PRKCQ,RELA,0.934,0.094,0.9,0.312,STRING high-confidence functional PPI
PRKCQ,CHUK,0.969,0.642,0.9,0.224,STRING high-confidence functional PPI
PRKCQ,IKBKB,0.981,0.747,0.9,0.333,STRING high-confidence functional PPI
IL1A,EGFR,0.701,0.0,0.0,0.701,STRING high-confidence functional PPI
IL1A,CHUK,0.714,0.0,0.0,0.714,STRING high-confidence functional PPI
IL1A,CD44,0.716,0.0,0.0,0.708,STRING high-confidence functional PPI
IL1A,VCAM1,0.72,0.0,0.0,0.72,STRING high-confidence functional PPI
IL1A,CASP3,0.725,0.0,0.0,0.724,STRING high-confidence functional PPI
IL1A,ALB,0.725,0.0,0.0,0.725,STRING high-confidence functional PPI
IL1A,MMP9,0.734,0.051,0.0,0.72,STRING high-confidence functional PPI
IL1A,STAT1,0.741,0.0,0.0,0.73,STRING high-confidence functional PPI
IL1A,PTPRC,0.764,0.0,0.0,0.759,STRING high-confidence functional PPI
IL1A,IKBKB,0.772,0.0,0.0,0.772,STRING high-confidence functional PPI
IL1A,MMP1,0.798,0.051,0.0,0.779,STRING high-confidence functional PPI
IL1A,CD40LG,0.8,0.0,0.0,0.794,STRING high-confidence functional PPI
IL1A,ICAM1,0.807,0.0,0.0,0.781,STRING high-confidence functional PPI
IL1A,MMP3,0.807,0.051,0.0,0.797,STRING high-confidence functional PPI
IL1A,PTGS2,0.823,0.0,0.0,0.741,STRING high-confidence functional PPI
IL1A,CD86,0.825,0.0,0.0,0.808,STRING high-confidence functional PPI
IL1A,NLRP3,0.845,0.0,0.0,0.835,STRING high-confidence functional PPI
IL1A,STAT3,0.861,0.0,0.5,0.722,STRING high-confidence functional PPI
IL1A,RELA,0.893,0.0,0.4,0.827,STRING high-confidence functional PPI
IL1A,IL17A,0.929,0.0,0.0,0.922,STRING high-confidence functional PPI
IL1A,IL13,0.943,0.0,0.4,0.9,STRING high-confidence functional PPI
IL1A,JUN,0.944,0.0,0.75,0.775,STRING high-confidence functional PPI
IL1A,CXCL10,0.958,0.0,0.4,0.925,STRING high-confidence functional PPI
IL1A,CASP1,0.968,0.292,0.5,0.912,STRING high-confidence functional PPI
IL1A,IL10,0.971,0.0,0.4,0.944,STRING high-confidence functional PPI
IL1A,CXCL8,0.974,0.0,0.4,0.928,STRING high-confidence functional PPI
IL1A,CCL11,0.974,0.0,0.0,0.973,STRING high-confidence functional PPI
IL1A,IL6,0.989,0.0,0.4,0.974,STRING high-confidence functional PPI
IL1A,TNF,0.994,0.0,0.4,0.976,STRING high-confidence functional PPI
IL1A,IL18,0.997,0.0,0.5,0.994,STRING high-confidence functional PPI
IL1A,IL1B,0.999,0.0,0.9,0.983,STRING high-confidence functional PPI
IL1B,CD44,0.707,0.0,0.0,0.684,STRING high-confidence functional PPI
IL1B,PPARA,0.711,0.0,0.0,0.691,STRING high-confidence functional PPI
IL1B,TJP1,0.712,0.0,0.0,0.712,STRING high-confidence functional PPI
IL1B,RORC,0.713,0.0,0.0,0.708,STRING high-confidence functional PPI
IL1B,TP53,0.718,0.0,0.0,0.718,STRING high-confidence functional PPI
IL1B,CD274,0.735,0.0,0.0,0.691,STRING high-confidence functional PPI
IL1B,PTEN,0.738,0.0,0.0,0.738,STRING high-confidence functional PPI
IL1B,PTGS1,0.748,0.0,0.0,0.711,STRING high-confidence functional PPI
IL1B,NFE2L2,0.749,0.0,0.0,0.733,STRING high-confidence functional PPI
IL1B,LCN2,0.761,0.0,0.0,0.74,STRING high-confidence functional PPI
IL1B,PLAU,0.765,0.0,0.0,0.72,STRING high-confidence functional PPI
IL1B,HIF1A,0.771,0.0,0.0,0.751,STRING high-confidence functional PPI
IL1B,MYC,0.778,0.129,0.0,0.736,STRING high-confidence functional PPI
IL1B,AGER,0.794,0.0,0.0,0.781,STRING high-confidence functional PPI
IL1B,NOS2,0.803,0.0,0.0,0.796,STRING high-confidence functional PPI
IL1B,JAK2,0.806,0.0,0.0,0.79,STRING high-confidence functional PPI
IL1B,SOD2,0.806,0.0,0.0,0.733,STRING high-confidence functional PPI
IL1B,PTPRC,0.807,0.0,0.0,0.77,STRING high-confidence functional PPI
IL1B,BCL2,0.808,0.0,0.0,0.805,STRING high-confidence functional PPI
IL1B,VCAM1,0.83,0.0,0.0,0.821,STRING high-confidence functional PPI
IL1B,MMP3,0.832,0.071,0.0,0.812,STRING high-confidence functional PPI
IL1B,ADIPOQ,0.833,0.0,0.0,0.833,STRING high-confidence functional PPI
IL1B,CHUK,0.833,0.0,0.0,0.833,STRING high-confidence functional PPI
IL1B,ALB,0.836,0.0,0.0,0.836,STRING high-confidence functional PPI
IL1B,STAT1,0.846,0.0,0.0,0.834,STRING high-confidence functional PPI
IL1B,PPARG,0.858,0.0,0.0,0.848,STRING high-confidence functional PPI
IL1B,CD86,0.863,0.0,0.0,0.817,STRING high-confidence functional PPI
IL1B,AKT1,0.864,0.0,0.0,0.864,STRING high-confidence functional PPI
IL1B,IKBKB,0.865,0.0,0.0,0.865,STRING high-confidence functional PPI
IL1B,NOD2,0.866,0.0,0.0,0.839,STRING high-confidence functional PPI
IL1B,MMP1,0.873,0.07,0.0,0.849,STRING high-confidence functional PPI
IL1B,EGFR,0.873,0.0,0.0,0.873,STRING high-confidence functional PPI
IL1B,CD40LG,0.89,0.0,0.0,0.884,STRING high-confidence functional PPI
IL1B,CASP3,0.899,0.0,0.0,0.898,STRING high-confidence functional PPI
IL1B,ICAM1,0.912,0.0,0.0,0.885,STRING high-confidence functional PPI
IL1B,STAT3,0.938,0.0,0.5,0.877,STRING high-confidence functional PPI
IL1B,CASP8,0.943,0.32,0.5,0.839,STRING high-confidence functional PPI
IL1B,MMP9,0.949,0.051,0.0,0.932,STRING high-confidence functional PPI
IL1B,IL13,0.953,0.0,0.4,0.922,STRING high-confidence functional PPI
IL1B,CCL11,0.957,0.0,0.0,0.954,STRING high-confidence functional PPI
IL1B,IL17A,0.962,0.0,0.0,0.96,STRING high-confidence functional PPI
IL1B,CXCL10,0.962,0.0,0.4,0.925,STRING high-confidence functional PPI
IL1B,PTGS2,0.974,0.0,0.0,0.928,STRING high-confidence functional PPI
IL1B,JUN,0.987,0.0,0.9,0.857,STRING high-confidence functional PPI
IL1B,RELA,0.99,0.0,0.9,0.903,STRING high-confidence functional PPI
IL1B,IL18,0.99,0.312,0.5,0.972,STRING high-confidence functional PPI
IL1B,IL10,0.991,0.0,0.4,0.978,STRING high-confidence functional PPI
IL1B,CXCL8,0.994,0.0,0.4,0.962,STRING high-confidence functional PPI
IL1B,IL6,0.996,0.0,0.4,0.989,STRING high-confidence functional PPI
IL1B,NLRP3,0.997,0.312,0.9,0.947,STRING high-confidence functional PPI
IL1B,TNF,0.998,0.0,0.4,0.993,STRING high-confidence functional PPI
IL1B,CASP1,0.999,0.787,0.9,0.987,STRING high-confidence functional PPI
KDR,AKT1,0.715,0.074,0.0,0.701,STRING high-confidence functional PPI
KDR,NOS3,0.716,0.0,0.0,0.697,STRING high-confidence functional PPI
KDR,MYC,0.723,0.0,0.0,0.723,STRING high-confidence functional PPI
KDR,CXCL8,0.728,0.0,0.0,0.728,STRING high-confidence functional PPI
KDR,TP53,0.73,0.225,0.0,0.66,STRING high-confidence functional PPI
KDR,HIF1A,0.785,0.0,0.0,0.778,STRING high-confidence functional PPI
KDR,EGFR,0.805,0.139,0.0,0.774,STRING high-confidence functional PPI
KDR,PTPRC,0.809,0.051,0.0,0.804,STRING high-confidence functional PPI
KDR,MMP9,0.811,0.0,0.0,0.807,STRING high-confidence functional PPI
KDR,MET,0.851,0.345,0.0,0.782,STRING high-confidence functional PPI
KDR,IGF2,0.862,0.0,0.65,0.614,STRING high-confidence functional PPI
KDR,JAK2,0.926,0.074,0.9,0.26,STRING high-confidence functional PPI
KDR,PIK3CA,0.975,0.098,0.9,0.754,STRING high-confidence functional PPI
KDR,SRC,0.998,0.796,0.9,0.938,STRING high-confidence functional PPI
PIK3CA,TYK2,0.726,0.069,0.65,0.215,STRING high-confidence functional PPI
PIK3CA,BRCA1,0.728,0.0,0.0,0.728,STRING high-confidence functional PPI
PIK3CA,MYC,0.74,0.179,0.0,0.696,STRING high-confidence functional PPI
PIK3CA,STAT1,0.74,0.292,0.5,0.314,STRING high-confidence functional PPI
PIK3CA,CDKN2A,0.791,0.0,0.0,0.791,STRING high-confidence functional PPI
PIK3CA,STAT3,0.859,0.0,0.5,0.727,STRING high-confidence functional PPI
PIK3CA,FGFR2,0.908,0.087,0.65,0.737,STRING high-confidence functional PPI
PIK3CA,TP53,0.941,0.292,0.0,0.92,STRING high-confidence functional PPI
PIK3CA,MET,0.961,0.069,0.9,0.617,STRING high-confidence functional PPI
PIK3CA,MTOR,0.963,0.166,0.9,0.592,STRING high-confidence functional PPI
PIK3CA,JAK2,0.98,0.069,0.9,0.754,STRING high-confidence functional PPI
PIK3CA,SRC,0.984,0.069,0.9,0.846,STRING high-confidence functional PPI
PIK3CA,ERBB2,0.992,0.115,0.9,0.927,STRING high-confidence functional PPI
PIK3CA,PTEN,0.995,0.134,0.9,0.949,STRING high-confidence functional PPI
PIK3CA,AKT1,0.998,0.738,0.9,0.951,STRING high-confidence functional PPI
PIK3CA,EGFR,0.999,0.79,0.9,0.976,STRING high-confidence functional PPI
STAT3,NFE2L2,0.742,0.324,0.0,0.592,STRING high-confidence functional PPI
STAT3,LCN2,0.744,0.0,0.5,0.479,STRING high-confidence functional PPI
STAT3,IKBKB,0.749,0.332,0.0,0.612,STRING high-confidence functional PPI
STAT3,NOS2,0.749,0.0,0.5,0.519,STRING high-confidence functional PPI
STAT3,PTEN,0.794,0.0,0.0,0.784,STRING high-confidence functional PPI
STAT3,BIRC5,0.796,0.301,0.5,0.459,STRING high-confidence functional PPI
STAT3,ABCB1,0.8,0.0,0.0,0.8,STRING high-confidence functional PPI
STAT3,CD44,0.802,0.292,0.0,0.715,STRING high-confidence functional PPI
STAT3,CASP3,0.804,0.0,0.0,0.801,STRING high-confidence functional PPI
STAT3,CD86,0.806,0.0,0.5,0.62,STRING high-confidence functional PPI
STAT3,IL18,0.806,0.0,0.5,0.624,STRING high-confidence functional PPI
STAT3,BRCA1,0.812,0.0,0.0,0.812,STRING high-confidence functional PPI
STAT3,VCAM1,0.818,0.0,0.5,0.645,STRING high-confidence functional PPI
STAT3,CXCL10,0.82,0.0,0.5,0.634,STRING high-confidence functional PPI
STAT3,PPARG,0.826,0.045,0.0,0.823,STRING high-confidence functional PPI
STAT3,ICAM1,0.832,0.0,0.5,0.649,STRING high-confidence functional PPI
STAT3,IL13,0.843,0.0,0.5,0.699,STRING high-confidence functional PPI
STAT3,FGFR2,0.847,0.328,0.0,0.782,STRING high-confidence functional PPI
STAT3,CXCL8,0.857,0.0,0.5,0.72,STRING high-confidence functional PPI
STAT3,MMP1,0.869,0.226,0.5,0.686,STRING high-confidence functional PPI
STAT3,RORC,0.883,0.149,0.5,0.747,STRING high-confidence functional PPI
STAT3,MMP9,0.89,0.0,0.5,0.786,STRING high-confidence functional PPI
STAT3,MMP3,0.892,0.292,0.5,0.706,STRING high-confidence functional PPI
STAT3,MTOR,0.926,0.735,0.0,0.73,STRING high-confidence functional PPI
STAT3,PTGS2,0.93,0.0,0.75,0.726,STRING high-confidence functional PPI
STAT3,TNF,0.939,0.0,0.5,0.881,STRING high-confidence functional PPI
STAT3,IL17A,0.944,0.104,0.5,0.886,STRING high-confidence functional PPI
STAT3,ERBB2,0.948,0.717,0.0,0.823,STRING high-confidence functional PPI
STAT3,BCL2,0.959,0.056,0.75,0.84,STRING high-confidence functional PPI
STAT3,AKT1,0.966,0.096,0.5,0.925,STRING high-confidence functional PPI
STAT3,IL10,0.968,0.301,0.5,0.916,STRING high-confidence functional PPI
STAT3,MET,0.981,0.332,0.5,0.948,STRING high-confidence functional PPI
STAT3,CDKN1A,0.984,0.828,0.5,0.815,STRING high-confidence functional PPI
STAT3,IL6,0.984,0.095,0.5,0.965,STRING high-confidence functional PPI
STAT3,MYC,0.985,0.612,0.75,0.859,STRING high-confidence functional PPI
STAT3,PTPN2,0.99,0.791,0.9,0.572,STRING high-confidence functional PPI
STAT3,CD274,0.992,0.0,0.75,0.967,STRING high-confidence functional PPI
STAT3,RELA,0.992,0.793,0.0,0.959,STRING high-confidence functional PPI
STAT3,HIF1A,0.994,0.738,0.75,0.923,STRING high-confidence functional PPI
STAT3,TP53,0.994,0.164,0.8,0.97,STRING high-confidence functional PPI
STAT3,JUN,0.995,0.328,0.0,0.993,STRING high-confidence functional PPI
STAT3,TYK2,0.997,0.285,0.9,0.959,STRING high-confidence functional PPI
STAT3,EGFR,0.998,0.925,0.0,0.985,STRING high-confidence functional PPI
STAT3,JAK2,0.999,0.885,0.9,0.999,STRING high-confidence functional PPI
STAT3,STAT1,0.999,0.874,0.9,0.982,STRING high-confidence functional PPI
STAT3,SRC,0.999,0.841,0.9,0.996,STRING high-confidence functional PPI
ICAM1,AKT1,0.704,0.0,0.0,0.693,STRING high-confidence functional PPI
ICAM1,ALB,0.709,0.0,0.0,0.709,STRING high-confidence functional PPI
ICAM1,NOS3,0.709,0.0,0.0,0.696,STRING high-confidence functional PPI
ICAM1,MMP1,0.72,0.0,0.0,0.707,STRING high-confidence functional PPI
ICAM1,TP53,0.722,0.0,0.0,0.722,STRING high-confidence functional PPI
ICAM1,CD274,0.757,0.0,0.0,0.713,STRING high-confidence functional PPI
ICAM1,IL13,0.768,0.0,0.0,0.764,STRING high-confidence functional PPI
ICAM1,MMP9,0.791,0.0,0.0,0.779,STRING high-confidence functional PPI
ICAM1,STAT1,0.805,0.0,0.5,0.594,STRING high-confidence functional PPI
ICAM1,PTPRC,0.828,0.0,0.0,0.813,STRING high-confidence functional PPI
ICAM1,PTGS2,0.835,0.0,0.0,0.814,STRING high-confidence functional PPI
ICAM1,RELA,0.855,0.626,0.0,0.57,STRING high-confidence functional PPI
ICAM1,CXCL10,0.858,0.0,0.0,0.817,STRING high-confidence functional PPI
ICAM1,IL10,0.873,0.0,0.4,0.794,STRING high-confidence functional PPI
ICAM1,EGFR,0.877,0.135,0.0,0.864,STRING high-confidence functional PPI
ICAM1,CD40LG,0.891,0.0,0.0,0.884,STRING high-confidence functional PPI
ICAM1,CXCL8,0.943,0.0,0.0,0.927,STRING high-confidence functional PPI
ICAM1,TNF,0.944,0.0,0.0,0.929,STRING high-confidence functional PPI
ICAM1,IL6,0.947,0.0,0.0,0.931,STRING high-confidence functional PPI
ICAM1,CD86,0.985,0.0,0.4,0.974,STRING high-confidence functional PPI
ICAM1,CD44,0.995,0.0,0.0,0.995,STRING high-confidence functional PPI
ICAM1,VCAM1,0.999,0.0,0.0,0.999,STRING high-confidence functional PPI
RB1,PTEN,0.734,0.0,0.0,0.715,STRING high-confidence functional PPI
RB1,CASP3,0.751,0.51,0.0,0.51,STRING high-confidence functional PPI
RB1,CDKN2A,0.843,0.052,0.0,0.842,STRING high-confidence functional PPI
RB1,BRCA1,0.858,0.727,0.0,0.485,STRING high-confidence functional PPI
RB1,CDKN1A,0.876,0.332,0.5,0.658,STRING high-confidence functional PPI
RB1,MYC,0.888,0.594,0.0,0.736,STRING high-confidence functional PPI
RB1,TP53,0.936,0.51,0.0,0.872,STRING high-confidence functional PPI
TP53,ALB,0.722,0.0,0.0,0.722,STRING high-confidence functional PPI
TP53,JAK2,0.728,0.0,0.0,0.72,STRING high-confidence functional PPI
TP53,IGF2,0.745,0.0,0.0,0.745,STRING high-confidence functional PPI
TP53,IL10,0.756,0.0,0.0,0.746,STRING high-confidence functional PPI
TP53,CD274,0.776,0.0,0.0,0.769,STRING high-confidence functional PPI
TP53,IL6,0.777,0.0,0.0,0.777,STRING high-confidence functional PPI
TP53,NFE2L2,0.78,0.294,0.0,0.7,STRING high-confidence functional PPI
TP53,STAT1,0.781,0.0,0.0,0.777,STRING high-confidence functional PPI
TP53,MET,0.804,0.189,0.0,0.769,STRING high-confidence functional PPI
TP53,CXCL8,0.804,0.161,0.0,0.777,STRING high-confidence functional PPI
TP53,KEAP1,0.81,0.0,0.0,0.799,STRING high-confidence functional PPI
TP53,MMP9,0.838,0.0,0.0,0.838,STRING high-confidence functional PPI
TP53,TNF,0.865,0.0,0.0,0.865,STRING high-confidence functional PPI
TP53,HNF4A,0.868,0.667,0.0,0.62,STRING high-confidence functional PPI
TP53,MTOR,0.874,0.466,0.0,0.773,STRING high-confidence functional PPI
TP53,CASP1,0.876,0.422,0.5,0.605,STRING high-confidence functional PPI
TP53,CD44,0.876,0.422,0.0,0.794,STRING high-confidence functional PPI
TP53,SRC,0.884,0.292,0.0,0.839,STRING high-confidence functional PPI
TP53,TERT,0.902,0.161,0.0,0.886,STRING high-confidence functional PPI
TP53,CHUK,0.914,0.345,0.5,0.756,STRING high-confidence functional PPI
TP53,BIRC5,0.93,0.0,0.75,0.703,STRING high-confidence functional PPI
TP53,IKBKB,0.933,0.51,0.5,0.739,STRING high-confidence functional PPI
TP53,ERBB2,0.935,0.172,0.0,0.924,STRING high-confidence functional PPI
TP53,EGFR,0.943,0.329,0.0,0.919,STRING high-confidence functional PPI
TP53,PPARG,0.949,0.305,0.5,0.866,STRING high-confidence functional PPI
TP53,RELA,0.955,0.45,0.0,0.914,STRING high-confidence functional PPI
TP53,CASP3,0.956,0.292,0.0,0.937,STRING high-confidence functional PPI
TP53,PTGS2,0.974,0.82,0.0,0.866,STRING high-confidence functional PPI
TP53,CASP8,0.991,0.292,0.9,0.879,STRING high-confidence functional PPI
TP53,BAX,0.994,0.782,0.9,0.774,STRING high-confidence functional PPI
TP53,AKT1,0.994,0.184,0.9,0.934,STRING high-confidence functional PPI
TP53,JUN,0.997,0.324,0.5,0.992,STRING high-confidence functional PPI
TP53,MYC,0.997,0.3,0.0,0.997,STRING high-confidence functional PPI
TP53,HIF1A,0.999,0.847,0.0,0.994,STRING high-confidence functional PPI
TP53,CHEK2,0.999,0.833,0.75,0.992,STRING high-confidence functional PPI
TP53,BCL2,0.999,0.869,0.9,0.999,STRING high-confidence functional PPI
TP53,BRCA1,0.999,0.895,0.5,0.999,STRING high-confidence functional PPI
TP53,CDKN1A,0.999,0.925,0.9,0.96,STRING high-confidence functional PPI
TP53,CDKN2A,0.999,0.874,0.9,0.97,STRING high-confidence functional PPI
TP53,PTEN,0.999,0.748,0.9,0.968,STRING high-confidence functional PPI
ERBB2,BIRC5,0.7,0.13,0.0,0.669,STRING high-confidence functional PPI
ERBB2,MTOR,0.725,0.0,0.0,0.725,STRING high-confidence functional PPI
ERBB2,ABCG2,0.74,0.0,0.0,0.734,STRING high-confidence functional PPI
ERBB2,FGFR2,0.744,0.621,0.0,0.318,STRING high-confidence functional PPI
ERBB2,IL6,0.752,0.0,0.0,0.752,STRING high-confidence functional PPI
ERBB2,JUN,0.759,0.071,0.0,0.751,STRING high-confidence functional PPI
ERBB2,CDKN2A,0.773,0.045,0.0,0.767,STRING high-confidence functional PPI
ERBB2,CD274,0.798,0.0,0.0,0.798,STRING high-confidence functional PPI
ERBB2,IGF2,0.819,0.0,0.65,0.505,STRING high-confidence functional PPI
ERBB2,STAT1,0.821,0.639,0.0,0.525,STRING high-confidence functional PPI
ERBB2,PTGS2,0.828,0.292,0.0,0.76,STRING high-confidence functional PPI
ERBB2,MET,0.847,0.617,0.0,0.604,STRING high-confidence functional PPI
ERBB2,BCL2,0.849,0.0,0.0,0.848,STRING high-confidence functional PPI
ERBB2,PTEN,0.868,0.07,0.0,0.864,STRING high-confidence functional PPI
ERBB2,MYC,0.886,0.166,0.0,0.87,STRING high-confidence functional PPI
ERBB2,BRCA1,0.918,0.0,0.0,0.918,STRING high-confidence functional PPI
ERBB2,JAK2,0.966,0.328,0.9,0.534,STRING high-confidence functional PPI
ERBB2,EGFR,0.999,0.998,0.9,0.983,STRING high-confidence functional PPI
ERBB2,CD44,0.999,0.695,0.9,0.992,STRING high-confidence functional PPI
ERBB2,SRC,0.999,0.85,0.9,0.98,STRING high-confidence functional PPI
EGFR,RELA,0.701,0.075,0.0,0.689,STRING high-confidence functional PPI
EGFR,GSTP1,0.713,0.51,0.0,0.431,STRING high-confidence functional PPI
EGFR,PTPN2,0.714,0.546,0.0,0.395,STRING high-confidence functional PPI
EGFR,TJP1,0.717,0.381,0.0,0.496,STRING high-confidence functional PPI
EGFR,LCN2,0.729,0.0,0.0,0.729,STRING high-confidence functional PPI
EGFR,MMP3,0.737,0.0,0.5,0.479,STRING high-confidence functional PPI
EGFR,CASP8,0.737,0.0,0.0,0.734,STRING high-confidence functional PPI
EGFR,KEAP1,0.746,0.42,0.0,0.581,STRING high-confidence functional PPI
EGFR,CASP3,0.747,0.0,0.0,0.741,STRING high-confidence functional PPI
EGFR,PTPRC,0.749,0.258,0.0,0.676,STRING high-confidence functional PPI
EGFR,CDKN1A,0.752,0.0,0.0,0.746,STRING high-confidence functional PPI
EGFR,AKT1,0.792,0.64,0.0,0.445,STRING high-confidence functional PPI
EGFR,CXCL8,0.792,0.0,0.0,0.792,STRING high-confidence functional PPI
EGFR,BRCA1,0.8,0.103,0.0,0.786,STRING high-confidence functional PPI
EGFR,MTOR,0.802,0.181,0.0,0.769,STRING high-confidence functional PPI
EGFR,ALB,0.808,0.0,0.0,0.808,STRING high-confidence functional PPI
EGFR,IL13,0.809,0.0,0.65,0.477,STRING high-confidence functional PPI
EGFR,TYK2,0.821,0.095,0.65,0.482,STRING high-confidence functional PPI
EGFR,MMP9,0.827,0.0,0.0,0.825,STRING high-confidence functional PPI
EGFR,PTGS2,0.836,0.0,0.0,0.831,STRING high-confidence functional PPI
EGFR,BCL2,0.839,0.0,0.0,0.838,STRING high-confidence functional PPI
EGFR,PPARG,0.843,0.329,0.0,0.758,STRING high-confidence functional PPI
EGFR,IGF2,0.854,0.0,0.65,0.582,STRING high-confidence functional PPI
EGFR,CD274,0.87,0.0,0.0,0.87,STRING high-confidence functional PPI
EGFR,JUN,0.871,0.25,0.0,0.832,STRING high-confidence functional PPI
EGFR,MYC,0.875,0.103,0.0,0.866,STRING high-confidence functional PPI
EGFR,TNF,0.89,0.0,0.0,0.89,STRING high-confidence functional PPI
EGFR,IL10,0.899,0.0,0.65,0.724,STRING high-confidence functional PPI
EGFR,CDKN2A,0.91,0.045,0.0,0.906,STRING high-confidence functional PPI
EGFR,HIF1A,0.934,0.0,0.5,0.873,STRING high-confidence functional PPI
EGFR,PTEN,0.969,0.608,0.0,0.925,STRING high-confidence functional PPI
EGFR,STAT1,0.975,0.84,0.0,0.851,STRING high-confidence functional PPI
EGFR,IL6,0.979,0.0,0.65,0.943,STRING high-confidence functional PPI
EGFR,JAK2,0.986,0.723,0.9,0.564,STRING high-confidence functional PPI
EGFR,MET,0.996,0.806,0.0,0.978,STRING high-confidence functional PPI
EGFR,CD44,0.998,0.785,0.0,0.995,STRING high-confidence functional PPI
EGFR,SRC,0.999,0.928,0.9,0.988,STRING high-confidence functional PPI
IL18,PTGS2,0.714,0.0,0.0,0.709,STRING high-confidence functional PPI
IL18,LCN2,0.73,0.0,0.0,0.721,STRING high-confidence functional PPI
IL18,CD40LG,0.765,0.0,0.0,0.765,STRING high-confidence functional PPI
IL18,ALOX5,0.819,0.0,0.75,0.27,STRING high-confidence functional PPI
IL18,NOD2,0.829,0.0,0.0,0.825,STRING high-confidence functional PPI
IL18,IL17A,0.835,0.0,0.0,0.83,STRING high-confidence functional PPI
IL18,CXCL10,0.862,0.0,0.4,0.773,STRING high-confidence functional PPI
IL18,IL13,0.916,0.0,0.4,0.867,STRING high-confidence functional PPI
IL18,CXCL8,0.926,0.0,0.4,0.877,STRING high-confidence functional PPI
IL18,RELA,0.939,0.0,0.9,0.418,STRING high-confidence functional PPI
IL18,NLRP3,0.946,0.0,0.0,0.945,STRING high-confidence functional PPI
IL18,JUN,0.952,0.0,0.9,0.547,STRING high-confidence functional PPI
IL18,IL10,0.955,0.0,0.4,0.917,STRING high-confidence functional PPI
IL18,TNF,0.961,0.0,0.4,0.937,STRING high-confidence functional PPI
IL18,IL6,0.97,0.0,0.4,0.953,STRING high-confidence functional PPI
IL18,CASP1,0.998,0.292,0.9,0.979,STRING high-confidence functional PPI
PPARG,IL10,0.733,0.0,0.0,0.731,STRING high-confidence functional PPI
PPARG,PTGS2,0.735,0.0,0.0,0.729,STRING high-confidence functional PPI
PPARG,SRC,0.736,0.071,0.0,0.714,STRING high-confidence functional PPI
PPARG,MMP9,0.765,0.0,0.0,0.765,STRING high-confidence functional PPI
PPARG,AKT1,0.79,0.071,0.0,0.773,STRING high-confidence functional PPI
PPARG,TNF,0.807,0.0,0.0,0.795,STRING high-confidence functional PPI
PPARG,STAT1,0.817,0.294,0.0,0.74,STRING high-confidence functional PPI
PPARG,IL6,0.82,0.0,0.0,0.812,STRING high-confidence functional PPI
PPARG,PTEN,0.83,0.046,0.0,0.829,STRING high-confidence functional PPI
PPARG,NFE2L2,0.831,0.0,0.0,0.83,STRING high-confidence functional PPI
PPARG,JUN,0.849,0.057,0.5,0.706,STRING high-confidence functional PPI
PPARG,HIF1A,0.854,0.071,0.0,0.845,STRING high-confidence functional PPI
PPARG,MTOR,0.964,0.0,0.9,0.655,STRING high-confidence functional PPI
PPARG,ADIPOQ,0.965,0.0,0.5,0.926,STRING high-confidence functional PPI
PPARG,RELA,0.998,0.834,0.75,0.976,STRING high-confidence functional PPI
BAX,AKT1,0.761,0.292,0.0,0.631,STRING high-confidence functional PPI
BAX,CASP8,0.853,0.349,0.0,0.782,STRING high-confidence functional PPI
BAX,CASP3,0.884,0.349,0.0,0.828,STRING high-confidence functional PPI
BAX,BCL2,0.999,0.991,0.9,0.972,STRING high-confidence functional PPI
VCAM1,CCL11,0.723,0.096,0.0,0.687,STRING high-confidence functional PPI
VCAM1,IL10,0.726,0.0,0.0,0.721,STRING high-confidence functional PPI
VCAM1,CXCL10,0.732,0.0,0.0,0.666,STRING high-confidence functional PPI
VCAM1,IL13,0.74,0.0,0.4,0.584,STRING high-confidence functional PPI
VCAM1,MMP9,0.748,0.045,0.0,0.742,STRING high-confidence functional PPI
VCAM1,PTGS2,0.758,0.0,0.0,0.755,STRING high-confidence functional PPI
VCAM1,STAT1,0.758,0.0,0.5,0.492,STRING high-confidence functional PPI
VCAM1,NOS3,0.81,0.0,0.0,0.81,STRING high-confidence functional PPI
VCAM1,PTPRC,0.832,0.0,0.0,0.817,STRING high-confidence functional PPI
VCAM1,CXCL8,0.857,0.0,0.0,0.852,STRING high-confidence functional PPI
VCAM1,IL6,0.921,0.0,0.0,0.909,STRING high-confidence functional PPI
VCAM1,TNF,0.923,0.0,0.0,0.918,STRING high-confidence functional PPI
VCAM1,CD44,0.994,0.0,0.0,0.994,STRING high-confidence functional PPI
ALB,PLAU,0.708,0.052,0.0,0.699,STRING high-confidence functional PPI
ALB,LCN2,0.712,0.0,0.0,0.712,STRING high-confidence functional PPI
ALB,IGF2,0.713,0.0,0.0,0.671,STRING high-confidence functional PPI
ALB,TJP1,0.715,0.0,0.0,0.715,STRING high-confidence functional PPI
ALB,CD86,0.736,0.0,0.0,0.736,STRING high-confidence functional PPI
ALB,CD44,0.739,0.0,0.0,0.739,STRING high-confidence functional PPI
ALB,CYP3A4,0.744,0.0,0.0,0.715,STRING high-confidence functional PPI
ALB,MMP9,0.745,0.069,0.0,0.734,STRING high-confidence functional PPI
ALB,BCL2,0.748,0.0,0.0,0.748,STRING high-confidence functional PPI
ALB,PPARA,0.751,0.115,0.0,0.73,STRING high-confidence functional PPI
ALB,MYC,0.759,0.161,0.0,0.72,STRING high-confidence functional PPI
ALB,PTGS2,0.772,0.0,0.0,0.769,STRING high-confidence functional PPI
ALB,PTPRC,0.773,0.0,0.0,0.773,STRING high-confidence functional PPI
ALB,CXCL8,0.782,0.0,0.0,0.782,STRING high-confidence functional PPI
ALB,AKT1,0.795,0.0,0.0,0.795,STRING high-confidence functional PPI
ALB,AGER,0.797,0.0,0.0,0.797,STRING high-confidence functional PPI
ALB,IL17A,0.8,0.0,0.0,0.8,STRING high-confidence functional PPI
ALB,ABCG2,0.807,0.0,0.0,0.806,STRING high-confidence functional PPI
ALB,CASP3,0.815,0.0,0.0,0.815,STRING high-confidence functional PPI
ALB,IL10,0.847,0.0,0.0,0.847,STRING high-confidence functional PPI
ALB,ADIPOQ,0.854,0.0,0.0,0.854,STRING high-confidence functional PPI
ALB,TNF,0.87,0.0,0.0,0.87,STRING high-confidence functional PPI
ALB,IL6,0.926,0.0,0.0,0.926,STRING high-confidence functional PPI
NOS3,IL10,0.701,0.0,0.0,0.7,STRING high-confidence functional PPI
NOS3,IL6,0.718,0.0,0.0,0.718,STRING high-confidence functional PPI
NOS3,MMP9,0.73,0.0,0.0,0.728,STRING high-confidence functional PPI
NOS3,NOS2,0.912,0.087,0.9,0.09,STRING high-confidence functional PPI
NOS3,AKT1,0.997,0.786,0.9,0.909,STRING high-confidence functional PPI
MMP3,CXCL10,0.702,0.0,0.0,0.701,STRING high-confidence functional PPI
MMP3,IL17A,0.763,0.0,0.4,0.602,STRING high-confidence functional PPI
MMP3,PLAU,0.764,0.0,0.0,0.745,STRING high-confidence functional PPI
MMP3,CXCL8,0.821,0.0,0.0,0.804,STRING high-confidence functional PPI
MMP3,IL10,0.837,0.0,0.4,0.74,STRING high-confidence functional PPI
MMP3,TNF,0.853,0.0,0.0,0.846,STRING high-confidence functional PPI
MMP3,IL6,0.887,0.0,0.4,0.795,STRING high-confidence functional PPI
MMP3,MMP9,0.956,0.0,0.9,0.514,STRING high-confidence functional PPI
MMP3,MMP1,0.985,0.0,0.9,0.597,STRING high-confidence functional PPI
NOD2,IL10,0.701,0.0,0.0,0.694,STRING high-confidence functional PPI
NOD2,DUOX2,0.759,0.0,0.0,0.755,STRING high-confidence functional PPI
NOD2,CHUK,0.78,0.045,0.5,0.57,STRING high-confidence functional PPI
NOD2,IL6,0.805,0.0,0.0,0.793,STRING high-confidence functional PPI
NOD2,IKBKB,0.807,0.045,0.5,0.609,STRING high-confidence functional PPI
NOD2,TNF,0.852,0.0,0.0,0.822,STRING high-confidence functional PPI
NOD2,CASP1,0.923,0.514,0.0,0.81,STRING high-confidence functional PPI
BIRC5,MYC,0.825,0.051,0.4,0.702,STRING high-confidence functional PPI
BIRC5,CASP3,0.916,0.583,0.0,0.786,STRING high-confidence functional PPI
CCL11,CD40LG,0.731,0.0,0.0,0.718,STRING high-confidence functional PPI
CCL11,IL6,0.814,0.0,0.0,0.801,STRING high-confidence functional PPI
CCL11,IL17A,0.818,0.0,0.0,0.813,STRING high-confidence functional PPI
CCL11,IL10,0.843,0.0,0.0,0.812,STRING high-confidence functional PPI
CCL11,TNF,0.861,0.0,0.0,0.851,STRING high-confidence functional PPI
CCL11,CXCL8,0.929,0.0,0.0,0.915,STRING high-confidence functional PPI
CCL11,IL13,0.944,0.0,0.0,0.94,STRING high-confidence functional PPI
CCL11,CXCL10,0.999,0.994,0.0,0.877,STRING high-confidence functional PPI
IL13,CD40LG,0.719,0.0,0.0,0.715,STRING high-confidence functional PPI
IL13,CD86,0.722,0.0,0.0,0.722,STRING high-confidence functional PPI
IL13,MMP9,0.759,0.0,0.0,0.756,STRING high-confidence functional PPI
IL13,TYK2,0.831,0.0,0.5,0.677,STRING high-confidence functional PPI
IL13,JAK2,0.845,0.0,0.5,0.703,STRING high-confidence functional PPI
IL13,CXCL10,0.871,0.0,0.0,0.871,STRING high-confidence functional PPI
IL13,STAT1,0.875,0.0,0.5,0.76,STRING high-confidence functional PPI
IL13,CXCL8,0.94,0.0,0.4,0.904,STRING high-confidence functional PPI
IL13,IL17A,0.94,0.0,0.0,0.936,STRING high-confidence functional PPI
IL13,IL10,0.952,0.0,0.0,0.952,STRING high-confidence functional PPI
IL13,TNF,0.957,0.0,0.4,0.93,STRING high-confidence functional PPI
IL13,IL6,0.957,0.0,0.4,0.929,STRING high-confidence functional PPI
CXCL10,MMP1,0.732,0.0,0.0,0.725,STRING high-confidence functional PPI
CXCL10,CD86,0.748,0.0,0.0,0.684,STRING high-confidence functional PPI
CXCL10,CD274,0.777,0.0,0.0,0.697,STRING high-confidence functional PPI
CXCL10,IL17A,0.85,0.0,0.0,0.845,STRING high-confidence functional PPI
CXCL10,MMP9,0.868,0.0,0.0,0.858,STRING high-confidence functional PPI
CXCL10,STAT1,0.949,0.0,0.0,0.89,STRING high-confidence functional PPI
CXCL10,IL6,0.96,0.0,0.4,0.923,STRING high-confidence functional PPI
CXCL10,IL10,0.962,0.0,0.4,0.925,STRING high-confidence functional PPI
CXCL10,TNF,0.966,0.0,0.4,0.93,STRING high-confidence functional PPI
CXCL10,CXCL8,0.975,0.0,0.5,0.948,STRING high-confidence functional PPI
CXCL8,HIF1A,0.716,0.0,0.0,0.667,STRING high-confidence functional PPI
CXCL8,AKT1,0.72,0.0,0.0,0.72,STRING high-confidence functional PPI
CXCL8,CD44,0.751,0.0,0.0,0.729,STRING high-confidence functional PPI
CXCL8,CASP3,0.752,0.0,0.0,0.751,STRING high-confidence functional PPI
CXCL8,JAK2,0.758,0.0,0.0,0.758,STRING high-confidence functional PPI
CXCL8,MMP1,0.762,0.0,0.0,0.72,STRING high-confidence functional PPI
CXCL8,PLAU,0.765,0.0,0.0,0.719,STRING high-confidence functional PPI
CXCL8,STAT1,0.765,0.0,0.0,0.758,STRING high-confidence functional PPI
CXCL8,SRC,0.781,0.0,0.5,0.581,STRING high-confidence functional PPI
CXCL8,ELANE,0.824,0.0,0.0,0.821,STRING high-confidence functional PPI
CXCL8,MMP9,0.88,0.0,0.0,0.867,STRING high-confidence functional PPI
CXCL8,IL17A,0.924,0.0,0.0,0.923,STRING high-confidence functional PPI
CXCL8,IL10,0.97,0.0,0.4,0.946,STRING high-confidence functional PPI
CXCL8,PTGS2,0.975,0.0,0.0,0.901,STRING high-confidence functional PPI
CXCL8,TNF,0.983,0.0,0.4,0.965,STRING high-confidence functional PPI
CXCL8,JUN,0.987,0.292,0.9,0.802,STRING high-confidence functional PPI
CXCL8,IL6,0.991,0.0,0.4,0.976,STRING high-confidence functional PPI
CXCL8,RELA,0.995,0.785,0.9,0.82,STRING high-confidence functional PPI
TERT,HIF1A,0.702,0.0,0.0,0.698,STRING high-confidence functional PPI
TERT,MTOR,0.738,0.335,0.0,0.622,STRING high-confidence functional PPI
TERT,CDKN2A,0.817,0.175,0.0,0.787,STRING high-confidence functional PPI
TERT,PTEN,0.822,0.0,0.0,0.808,STRING high-confidence functional PPI
TERT,AKT1,0.903,0.612,0.0,0.758,STRING high-confidence functional PPI
TERT,TCF7L2,0.919,0.0,0.9,0.224,STRING high-confidence functional PPI
TERT,MYC,0.92,0.293,0.0,0.885,STRING high-confidence functional PPI
CASP3,MET,0.708,0.403,0.0,0.53,STRING high-confidence functional PPI
CASP3,CASP1,0.709,0.0,0.54,0.349,STRING high-confidence functional PPI
CASP3,NFE2L2,0.717,0.0,0.0,0.714,STRING high-confidence functional PPI
CASP3,MTOR,0.723,0.0,0.0,0.723,STRING high-confidence functional PPI
CASP3,PTEN,0.748,0.0,0.0,0.748,STRING high-confidence functional PPI
CASP3,HIF1A,0.766,0.0,0.0,0.752,STRING high-confidence functional PPI
CASP3,STAT1,0.78,0.421,0.0,0.61,STRING high-confidence functional PPI
CASP3,IL10,0.786,0.0,0.0,0.786,STRING high-confidence functional PPI
CASP3,MMP9,0.806,0.0,0.0,0.793,STRING high-confidence functional PPI
CASP3,JUN,0.809,0.046,0.0,0.808,STRING high-confidence functional PPI
CASP3,PTGS2,0.865,0.0,0.0,0.863,STRING high-confidence functional PPI
CASP3,IL6,0.881,0.0,0.0,0.873,STRING high-confidence functional PPI
CASP3,MYC,0.881,0.0,0.0,0.881,STRING high-confidence functional PPI
CASP3,TJP1,0.897,0.0,0.75,0.604,STRING high-confidence functional PPI
CASP3,TNF,0.939,0.096,0.0,0.932,STRING high-confidence functional PPI
CASP3,AKT1,0.945,0.311,0.0,0.923,STRING high-confidence functional PPI
CASP3,BCL2,0.987,0.354,0.0,0.98,STRING high-confidence functional PPI
CASP3,CDKN1A,0.996,0.828,0.9,0.806,STRING high-confidence functional PPI
CASP3,CASP8,0.999,0.786,0.9,0.983,STRING high-confidence functional PPI
GSTM1,GSTP1,0.808,0.112,0.7,0.317,STRING high-confidence functional PPI
GSTM1,CYP2C19,0.889,0.045,0.65,0.687,STRING high-confidence functional PPI
GSTM1,CYP3A4,0.958,0.0,0.9,0.574,STRING high-confidence functional PPI
GSTM1,CYP1A2,0.96,0.045,0.9,0.608,STRING high-confidence functional PPI
PTPN2,SRC,0.74,0.333,0.0,0.619,STRING high-confidence functional PPI
PTPN2,TYK2,0.953,0.097,0.9,0.499,STRING high-confidence functional PPI
PTPN2,JAK2,0.957,0.097,0.9,0.532,STRING high-confidence functional PPI
PTPN2,STAT1,0.978,0.525,0.9,0.573,STRING high-confidence functional PPI
HNF4A,SRC,0.75,0.045,0.0,0.741,STRING high-confidence functional PPI
HNF4A,NR1I2,0.829,0.535,0.0,0.584,STRING high-confidence functional PPI
HNF4A,HIF1A,0.844,0.51,0.0,0.695,STRING high-confidence functional PPI
HNF4A,JUN,0.889,0.0,0.0,0.889,STRING high-confidence functional PPI
HNF4A,MYC,0.921,0.292,0.0,0.894,STRING high-confidence functional PPI
HNF4A,TCF7L2,0.928,0.256,0.0,0.908,STRING high-confidence functional PPI
MET,CD274,0.743,0.0,0.0,0.74,STRING high-confidence functional PPI
MET,MMP9,0.746,0.0,0.0,0.744,STRING high-confidence functional PPI
MET,PTEN,0.755,0.277,0.0,0.665,STRING high-confidence functional PPI
MET,PLAU,0.765,0.181,0.0,0.712,STRING high-confidence functional PPI
MET,IGF2,0.788,0.0,0.65,0.417,STRING high-confidence functional PPI
MET,IL6,0.856,0.0,0.0,0.852,STRING high-confidence functional PPI
MET,JAK2,0.92,0.071,0.9,0.209,STRING high-confidence functional PPI
MET,SRC,0.993,0.682,0.9,0.8,STRING high-confidence functional PPI
MET,CD44,0.995,0.487,0.0,0.991,STRING high-confidence functional PPI
MMP1,IL17A,0.712,0.0,0.4,0.523,STRING high-confidence functional PPI
MMP1,TNF,0.724,0.0,0.0,0.716,STRING high-confidence functional PPI
MMP1,IL10,0.737,0.0,0.4,0.574,STRING high-confidence functional PPI
MMP1,PTGS2,0.757,0.0,0.0,0.728,STRING high-confidence functional PPI
MMP1,JUN,0.842,0.608,0.0,0.614,STRING high-confidence functional PPI
MMP1,PLAU,0.852,0.0,0.0,0.822,STRING high-confidence functional PPI
MMP1,IL6,0.854,0.0,0.4,0.731,STRING high-confidence functional PPI
MMP1,MMP9,0.974,0.0,0.9,0.725,STRING high-confidence functional PPI
RORC,IL6,0.727,0.0,0.0,0.727,STRING high-confidence functional PPI
RORC,IL17A,0.933,0.093,0.0,0.925,STRING high-confidence functional PPI
NOS2,IL10,0.718,0.0,0.0,0.718,STRING high-confidence functional PPI
NOS2,STAT1,0.738,0.0,0.4,0.581,STRING high-confidence functional PPI
NOS2,IL6,0.781,0.0,0.0,0.781,STRING high-confidence functional PPI
NOS2,TNF,0.858,0.0,0.0,0.858,STRING high-confidence functional PPI
NOS2,PTGS2,0.908,0.095,0.0,0.902,STRING high-confidence functional PPI
NOS2,AKT1,0.976,0.045,0.9,0.775,STRING high-confidence functional PPI
CD86,IL17A,0.752,0.0,0.0,0.745,STRING high-confidence functional PPI
CD86,AKT1,0.783,0.0,0.5,0.57,STRING high-confidence functional PPI
CD86,CD44,0.809,0.0,0.0,0.794,STRING high-confidence functional PPI
CD86,IL6,0.862,0.0,0.0,0.852,STRING high-confidence functional PPI
CD86,PTPRC,0.879,0.0,0.0,0.819,STRING high-confidence functional PPI
CD86,TNF,0.922,0.0,0.0,0.906,STRING high-confidence functional PPI
CD86,IL10,0.966,0.0,0.4,0.934,STRING high-confidence functional PPI
CD86,CD274,0.972,0.0,0.0,0.969,STRING high-confidence functional PPI
CD86,CD40LG,0.998,0.0,0.0,0.998,STRING high-confidence functional PPI
NR1I2,GPBAR1,0.723,0.0,0.0,0.723,STRING high-confidence functional PPI
NR1I2,ABCC2,0.73,0.0,0.0,0.7,STRING high-confidence functional PPI
NR1I2,CYP2C19,0.749,0.056,0.0,0.714,STRING high-confidence functional PPI
NR1I2,ABCG2,0.758,0.053,0.0,0.75,STRING high-confidence functional PPI
NR1I2,CYP1A2,0.834,0.056,0.0,0.812,STRING high-confidence functional PPI
NR1I2,ABCB1,0.842,0.0,0.0,0.832,STRING high-confidence functional PPI
NR1I2,CYP3A4,0.962,0.071,0.0,0.955,STRING high-confidence functional PPI
NLRP3,PTGS2,0.707,0.0,0.0,0.648,STRING high-confidence functional PPI
NLRP3,IL6,0.86,0.0,0.0,0.841,STRING high-confidence functional PPI
NLRP3,TNF,0.869,0.0,0.0,0.835,STRING high-confidence functional PPI
NLRP3,RELA,0.937,0.099,0.9,0.353,STRING high-confidence functional PPI
NLRP3,CASP8,0.948,0.242,0.0,0.934,STRING high-confidence functional PPI
NLRP3,CASP1,0.999,0.307,0.9,0.999,STRING high-confidence functional PPI
CYP1A2,CYP2C19,0.951,0.0,0.908,0.32,STRING high-confidence functional PPI
CYP1A2,GSTP1,0.96,0.045,0.9,0.585,STRING high-confidence functional PPI
CYP1A2,CYP3A4,0.968,0.076,0.909,0.442,STRING high-confidence functional PPI
TJP1,TNF,0.702,0.0,0.0,0.702,STRING high-confidence functional PPI
TJP1,IL10,0.715,0.0,0.0,0.715,STRING high-confidence functional PPI
TJP1,AKT1,0.797,0.045,0.0,0.796,STRING high-confidence functional PPI
TJP1,SRC,0.988,0.045,0.9,0.891,STRING high-confidence functional PPI
CASP8,PTGS2,0.7,0.0,0.0,0.681,STRING high-confidence functional PPI
CASP8,RELA,0.704,0.061,0.0,0.681,STRING high-confidence functional PPI
CASP8,MMP9,0.712,0.0,0.0,0.692,STRING high-confidence functional PPI
CASP8,IL6,0.739,0.0,0.0,0.726,STRING high-confidence functional PPI
CASP8,PTEN,0.781,0.174,0.0,0.744,STRING high-confidence functional PPI
CASP8,JUN,0.782,0.0,0.0,0.782,STRING high-confidence functional PPI
CASP8,MYC,0.79,0.124,0.0,0.763,STRING high-confidence functional PPI
CASP8,AKT1,0.79,0.067,0.0,0.78,STRING high-confidence functional PPI
CASP8,SRC,0.853,0.523,0.0,0.696,STRING high-confidence functional PPI
CASP8,IKBKB,0.87,0.311,0.5,0.585,STRING high-confidence functional PPI
CASP8,CHUK,0.95,0.311,0.5,0.861,STRING high-confidence functional PPI
CASP8,BCL2,0.984,0.648,0.0,0.954,STRING high-confidence functional PPI
CASP8,CASP1,0.999,0.544,0.9,0.986,STRING high-confidence functional PPI
CASP8,TNF,0.999,0.994,0.0,0.928,STRING high-confidence functional PPI
STAT1,CASP1,0.702,0.0,0.0,0.591,STRING high-confidence functional PPI
STAT1,MMP9,0.727,0.0,0.0,0.707,STRING high-confidence functional PPI
STAT1,HIF1A,0.748,0.045,0.0,0.738,STRING high-confidence functional PPI
STAT1,PTPRC,0.764,0.052,0.0,0.729,STRING high-confidence functional PPI
STAT1,CDKN1A,0.765,0.0,0.4,0.599,STRING high-confidence functional PPI
STAT1,CD274,0.776,0.0,0.0,0.695,STRING high-confidence functional PPI
STAT1,MYC,0.781,0.124,0.0,0.748,STRING high-confidence functional PPI
STAT1,IL17A,0.819,0.104,0.0,0.807,STRING high-confidence functional PPI
STAT1,MTOR,0.827,0.678,0.0,0.482,STRING high-confidence functional PPI
STAT1,CD44,0.842,0.0,0.5,0.682,STRING high-confidence functional PPI
STAT1,RELA,0.864,0.411,0.0,0.76,STRING high-confidence functional PPI
STAT1,IL10,0.865,0.046,0.0,0.862,STRING high-confidence functional PPI
STAT1,TNF,0.875,0.0,0.0,0.864,STRING high-confidence functional PPI
STAT1,JUN,0.91,0.328,0.0,0.869,STRING high-confidence functional PPI
STAT1,SRC,0.936,0.646,0.5,0.649,STRING high-confidence functional PPI
STAT1,BRCA1,0.958,0.292,0.0,0.943,STRING high-confidence functional PPI
STAT1,AKT1,0.961,0.096,0.4,0.93,STRING high-confidence functional PPI
STAT1,IL6,0.972,0.087,0.5,0.941,STRING high-confidence functional PPI
STAT1,TYK2,0.997,0.472,0.9,0.953,STRING high-confidence functional PPI
STAT1,JAK2,0.999,0.838,0.9,0.996,STRING high-confidence functional PPI
MTOR,IGF2,0.705,0.0,0.0,0.705,STRING high-confidence functional PPI
MTOR,CD274,0.711,0.311,0.0,0.599,STRING high-confidence functional PPI
MTOR,JUN,0.715,0.098,0.0,0.697,STRING high-confidence functional PPI
MTOR,MYC,0.73,0.091,0.0,0.716,STRING high-confidence functional PPI
MTOR,IL10,0.74,0.0,0.0,0.74,STRING high-confidence functional PPI
MTOR,JAK2,0.742,0.073,0.0,0.731,STRING high-confidence functional PPI
MTOR,BCL2,0.765,0.0,0.0,0.765,STRING high-confidence functional PPI
MTOR,IKBKB,0.769,0.526,0.0,0.523,STRING high-confidence functional PPI
MTOR,IL6,0.772,0.0,0.0,0.772,STRING high-confidence functional PPI
MTOR,HIF1A,0.789,0.069,0.0,0.782,STRING high-confidence functional PPI
MTOR,SRC,0.793,0.073,0.0,0.786,STRING high-confidence functional PPI
MTOR,PTEN,0.942,0.281,0.0,0.922,STRING high-confidence functional PPI
MTOR,CHUK,0.973,0.526,0.9,0.452,STRING high-confidence functional PPI
MTOR,AKT1,0.999,0.925,0.9,0.954,STRING high-confidence functional PPI
PTGS1,IL6,0.708,0.0,0.0,0.678,STRING high-confidence functional PPI
PTGS1,CYP2C19,0.935,0.0,0.9,0.369,STRING high-confidence functional PPI
PTGS1,PTGS2,0.946,0.292,0.9,0.192,STRING high-confidence functional PPI
PTGS1,ALOX5,0.97,0.0,0.9,0.692,STRING high-confidence functional PPI
PTGS2,MYC,0.715,0.0,0.0,0.699,STRING high-confidence functional PPI
PTGS2,PPARA,0.729,0.0,0.0,0.723,STRING high-confidence functional PPI
PTGS2,RELA,0.737,0.0,0.0,0.731,STRING high-confidence functional PPI
PTGS2,BCL2,0.745,0.0,0.0,0.745,STRING high-confidence functional PPI
PTGS2,AKT1,0.775,0.0,0.0,0.767,STRING high-confidence functional PPI
PTGS2,SRC,0.778,0.203,0.0,0.729,STRING high-confidence functional PPI
PTGS2,IL10,0.789,0.0,0.0,0.786,STRING high-confidence functional PPI
PTGS2,MMP9,0.815,0.0,0.0,0.785,STRING high-confidence functional PPI
PTGS2,HIF1A,0.831,0.0,0.0,0.797,STRING high-confidence functional PPI
PTGS2,JUN,0.866,0.0,0.0,0.846,STRING high-confidence functional PPI
PTGS2,TNF,0.916,0.0,0.0,0.901,STRING high-confidence functional PPI
PTGS2,CYP2C19,0.927,0.0,0.9,0.293,STRING high-confidence functional PPI
PTGS2,IL6,0.96,0.0,0.0,0.926,STRING high-confidence functional PPI
PTGS2,ALOX5,0.973,0.0,0.9,0.741,STRING high-confidence functional PPI
CHUK,IL6,0.713,0.0,0.0,0.708,STRING high-confidence functional PPI
CHUK,SRC,0.75,0.51,0.0,0.503,STRING high-confidence functional PPI
CHUK,BCL2,0.813,0.292,0.0,0.732,STRING high-confidence functional PPI
CHUK,MYC,0.879,0.542,0.0,0.746,STRING high-confidence functional PPI
CHUK,PTEN,0.964,0.329,0.9,0.487,STRING high-confidence functional PPI
CHUK,AKT1,0.996,0.835,0.9,0.814,STRING high-confidence functional PPI
CHUK,RELA,0.999,0.88,0.9,0.968,STRING high-confidence functional PPI
CHUK,TNF,0.999,0.994,0.5,0.837,STRING high-confidence functional PPI
CHUK,IKBKB,0.999,0.994,0.9,0.983,STRING high-confidence functional PPI
CD40LG,PTPRC,0.719,0.0,0.0,0.665,STRING high-confidence functional PPI
CD40LG,IL17A,0.732,0.0,0.0,0.728,STRING high-confidence functional PPI
CD40LG,CD44,0.762,0.0,0.0,0.745,STRING high-confidence functional PPI
CD40LG,IL6,0.795,0.0,0.0,0.795,STRING high-confidence functional PPI
CD40LG,IL10,0.876,0.0,0.0,0.875,STRING high-confidence functional PPI
CD40LG,TNF,0.942,0.0,0.5,0.88,STRING high-confidence functional PPI
JUN,PTEN,0.775,0.077,0.0,0.766,STRING high-confidence functional PPI
JUN,CDKN2A,0.779,0.0,0.0,0.776,STRING high-confidence functional PPI
JUN,IKBKB,0.785,0.324,0.0,0.695,STRING high-confidence functional PPI
JUN,BRCA1,0.794,0.589,0.0,0.52,STRING high-confidence functional PPI
JUN,CDKN1A,0.831,0.51,0.0,0.639,STRING high-confidence functional PPI
JUN,MMP9,0.866,0.51,0.0,0.738,STRING high-confidence functional PPI
JUN,NFE2L2,0.92,0.629,0.0,0.791,STRING high-confidence functional PPI
JUN,BCL2,0.927,0.0,0.0,0.927,STRING high-confidence functional PPI
JUN,GSTP1,0.927,0.131,0.0,0.92,STRING high-confidence functional PPI
JUN,HIF1A,0.961,0.621,0.0,0.901,STRING high-confidence functional PPI
JUN,NFATC1,0.963,0.33,0.0,0.948,STRING high-confidence functional PPI
JUN,MYC,0.97,0.626,0.0,0.922,STRING high-confidence functional PPI
JUN,SRC,0.974,0.085,0.9,0.737,STRING high-confidence functional PPI
JUN,PPARA,0.979,0.057,0.0,0.979,STRING high-confidence functional PPI
JUN,RELA,0.986,0.271,0.0,0.98,STRING high-confidence functional PPI
JUN,TNF,0.989,0.0,0.9,0.881,STRING high-confidence functional PPI
JUN,IL6,0.989,0.0,0.9,0.882,STRING high-confidence functional PPI
JUN,AKT1,0.991,0.085,0.9,0.915,STRING high-confidence functional PPI
CYP2C19,GSTP1,0.819,0.045,0.65,0.464,STRING high-confidence functional PPI
CYP2C19,ABCB1,0.858,0.069,0.0,0.85,STRING high-confidence functional PPI
CYP2C19,CYP2D6,0.925,0.0,0.907,0.147,STRING high-confidence functional PPI
CYP2C19,ALOX5,0.953,0.065,0.9,0.53,STRING high-confidence functional PPI
CYP2C19,CYP3A4,0.968,0.076,0.906,0.408,STRING high-confidence functional PPI
PTEN,NFE2L2,0.707,0.0,0.0,0.699,STRING high-confidence functional PPI
PTEN,CD274,0.714,0.0,0.0,0.714,STRING high-confidence functional PPI
PTEN,IL10,0.717,0.0,0.0,0.709,STRING high-confidence functional PPI
PTEN,CD44,0.754,0.0,0.0,0.754,STRING high-confidence functional PPI
PTEN,MMP9,0.766,0.0,0.0,0.765,STRING high-confidence functional PPI
PTEN,CDKN1A,0.792,0.0,0.0,0.792,STRING high-confidence functional PPI
PTEN,JAK2,0.794,0.092,0.0,0.771,STRING high-confidence functional PPI
PTEN,CHEK2,0.81,0.082,0.0,0.802,STRING high-confidence functional PPI
PTEN,BCL2,0.815,0.057,0.0,0.81,STRING high-confidence functional PPI
PTEN,BRCA1,0.821,0.0,0.0,0.816,STRING high-confidence functional PPI
PTEN,HIF1A,0.83,0.0,0.0,0.827,STRING high-confidence functional PPI
PTEN,SRC,0.837,0.094,0.0,0.827,STRING high-confidence functional PPI
PTEN,MYC,0.908,0.317,0.0,0.87,STRING high-confidence functional PPI
PTEN,CDKN2A,0.923,0.188,0.0,0.908,STRING high-confidence functional PPI
PTEN,IKBKB,0.952,0.092,0.9,0.514,STRING high-confidence functional PPI
PTEN,AKT1,0.988,0.648,0.0,0.967,STRING high-confidence functional PPI
MMP9,MYC,0.704,0.0,0.0,0.702,STRING high-confidence functional PPI
MMP9,PTPRC,0.711,0.0,0.0,0.667,STRING high-confidence functional PPI
MMP9,BCL2,0.804,0.0,0.0,0.794,STRING high-confidence functional PPI
MMP9,IL17A,0.814,0.0,0.4,0.694,STRING high-confidence functional PPI
MMP9,HIF1A,0.824,0.0,0.0,0.815,STRING high-confidence functional PPI
MMP9,AKT1,0.827,0.0,0.0,0.819,STRING high-confidence functional PPI
MMP9,PLAU,0.871,0.0,0.0,0.855,STRING high-confidence functional PPI
MMP9,IL10,0.881,0.0,0.4,0.808,STRING high-confidence functional PPI
MMP9,TNF,0.93,0.0,0.0,0.915,STRING high-confidence functional PPI
MMP9,IL6,0.959,0.0,0.4,0.93,STRING high-confidence functional PPI
MMP9,SRC,0.97,0.0,0.9,0.706,STRING high-confidence functional PPI
MMP9,ELANE,0.973,0.0,0.0,0.972,STRING high-confidence functional PPI
MMP9,CD44,0.998,0.0,0.5,0.995,STRING high-confidence functional PPI
MMP9,LCN2,0.998,0.422,0.4,0.995,STRING high-confidence functional PPI
PLAU,MYC,0.708,0.165,0.0,0.629,STRING high-confidence functional PPI
PLAU,TNF,0.751,0.066,0.0,0.723,STRING high-confidence functional PPI
PLAU,IL6,0.763,0.0,0.0,0.736,STRING high-confidence functional PPI
LCN2,ELANE,0.774,0.053,0.0,0.714,STRING high-confidence functional PPI
LCN2,IL10,0.833,0.0,0.4,0.726,STRING high-confidence functional PPI
LCN2,IL17A,0.838,0.0,0.4,0.734,STRING high-confidence functional PPI
LCN2,IL6,0.885,0.0,0.4,0.813,STRING high-confidence functional PPI
SRC,CDKN2A,0.745,0.095,0.0,0.73,STRING high-confidence functional PPI
SRC,IL6,0.787,0.0,0.0,0.778,STRING high-confidence functional PPI
SRC,MYC,0.805,0.045,0.0,0.801,STRING high-confidence functional PPI
SRC,BCL2,0.86,0.0,0.0,0.856,STRING high-confidence functional PPI
SRC,HIF1A,0.872,0.632,0.0,0.666,STRING high-confidence functional PPI
SRC,TNF,0.904,0.057,0.0,0.897,STRING high-confidence functional PPI
SRC,JAK2,0.917,0.299,0.4,0.809,STRING high-confidence functional PPI
SRC,IKBKB,0.918,0.735,0.0,0.7,STRING high-confidence functional PPI
SRC,FGFR2,0.958,0.328,0.9,0.431,STRING high-confidence functional PPI
SRC,CD44,0.972,0.624,0.0,0.926,STRING high-confidence functional PPI
SRC,AKT1,0.995,0.601,0.5,0.977,STRING high-confidence functional PPI
AGER,JAK2,0.92,0.053,0.9,0.224,STRING high-confidence functional PPI
CD274,IL17A,0.704,0.0,0.0,0.695,STRING high-confidence functional PPI
CD274,AKT1,0.72,0.0,0.0,0.72,STRING high-confidence functional PPI
CD274,PTPRC,0.752,0.0,0.0,0.731,STRING high-confidence functional PPI
CD274,IL6,0.799,0.0,0.0,0.772,STRING high-confidence functional PPI
CD274,TNF,0.807,0.0,0.0,0.779,STRING high-confidence functional PPI
CD274,IL10,0.877,0.0,0.0,0.876,STRING high-confidence functional PPI
JAK2,BCL2,0.72,0.0,0.0,0.707,STRING high-confidence functional PPI
JAK2,PTPRC,0.728,0.097,0.0,0.661,STRING high-confidence functional PPI
JAK2,AKT1,0.732,0.0,0.0,0.726,STRING high-confidence functional PPI
JAK2,HIF1A,0.784,0.071,0.0,0.772,STRING high-confidence functional PPI
JAK2,TNF,0.801,0.057,0.0,0.78,STRING high-confidence functional PPI
JAK2,IL10,0.838,0.052,0.0,0.832,STRING high-confidence functional PPI
JAK2,FGFR2,0.921,0.074,0.9,0.215,STRING high-confidence functional PPI
JAK2,IL6,0.995,0.0,0.9,0.952,STRING high-confidence functional PPI
JAK2,TYK2,0.997,0.292,0.8,0.982,STRING high-confidence functional PPI
CHEK2,POLD1,0.753,0.297,0.0,0.613,STRING high-confidence functional PPI
CHEK2,CDKN2A,0.758,0.0,0.0,0.758,STRING high-confidence functional PPI
CHEK2,CDKN1A,0.761,0.292,0.0,0.654,STRING high-confidence functional PPI
CHEK2,BRCA1,0.999,0.842,0.5,0.997,STRING high-confidence functional PPI
KEAP1,CASP1,0.709,0.292,0.0,0.604,STRING high-confidence functional PPI
KEAP1,AKT1,0.724,0.0,0.0,0.684,STRING high-confidence functional PPI
KEAP1,BRCA1,0.757,0.292,0.4,0.471,STRING high-confidence functional PPI
KEAP1,BCL2,0.92,0.292,0.0,0.892,STRING high-confidence functional PPI
KEAP1,RELA,0.956,0.37,0.0,0.931,STRING high-confidence functional PPI
KEAP1,IKBKB,0.997,0.833,0.0,0.983,STRING high-confidence functional PPI
KEAP1,NFE2L2,0.999,0.999,0.9,0.999,STRING high-confidence functional PPI
NFE2L2,SOD2,0.701,0.0,0.0,0.694,STRING high-confidence functional PPI
NFE2L2,TNF,0.701,0.0,0.0,0.687,STRING high-confidence functional PPI
NFE2L2,GSTP1,0.72,0.0,0.0,0.716,STRING high-confidence functional PPI
NFE2L2,CDKN2A,0.745,0.0,0.5,0.512,STRING high-confidence functional PPI
NFE2L2,HIF1A,0.75,0.0,0.0,0.674,STRING high-confidence functional PPI
NFE2L2,CDKN1A,0.75,0.295,0.4,0.419,STRING high-confidence functional PPI
NFE2L2,IL6,0.812,0.0,0.0,0.803,STRING high-confidence functional PPI
NFE2L2,BRCA1,0.813,0.292,0.4,0.597,STRING high-confidence functional PPI
NFE2L2,AKT1,0.923,0.317,0.4,0.825,STRING high-confidence functional PPI
NFE2L2,MYC,0.961,0.531,0.75,0.693,STRING high-confidence functional PPI
BCL2,CDKN2A,0.717,0.045,0.0,0.716,STRING high-confidence functional PPI
BCL2,IL10,0.718,0.0,0.0,0.718,STRING high-confidence functional PPI
BCL2,IKBKB,0.727,0.292,0.0,0.604,STRING high-confidence functional PPI
BCL2,BRCA1,0.8,0.201,0.0,0.76,STRING high-confidence functional PPI
BCL2,CASP1,0.817,0.125,0.0,0.794,STRING high-confidence functional PPI
BCL2,CDKN1A,0.82,0.0,0.0,0.811,STRING high-confidence functional PPI
BCL2,IL6,0.868,0.0,0.0,0.866,STRING high-confidence functional PPI
BCL2,TNF,0.885,0.076,0.0,0.876,STRING high-confidence functional PPI
BCL2,RELA,0.898,0.292,0.0,0.862,STRING high-confidence functional PPI
BCL2,HIF1A,0.946,0.51,0.0,0.895,STRING high-confidence functional PPI
BCL2,MYC,0.955,0.3,0.0,0.937,STRING high-confidence functional PPI
BCL2,AKT1,0.993,0.0,0.9,0.934,STRING high-confidence functional PPI
GSTP1,CYP2D6,0.734,0.045,0.0,0.713,STRING high-confidence functional PPI
GSTP1,CYP3A4,0.976,0.0,0.9,0.75,STRING high-confidence functional PPI
RELA,IL10,0.701,0.0,0.0,0.701,STRING high-confidence functional PPI
RELA,CDKN1A,0.745,0.512,0.0,0.439,STRING high-confidence functional PPI
RELA,AKT1,0.78,0.098,0.0,0.761,STRING high-confidence functional PPI
RELA,CDKN2A,0.851,0.334,0.0,0.78,STRING high-confidence functional PPI
RELA,MYC,0.852,0.621,0.0,0.594,STRING high-confidence functional PPI
RELA,BRCA1,0.878,0.617,0.0,0.695,STRING high-confidence functional PPI
RELA,IL6,0.986,0.292,0.9,0.816,STRING high-confidence functional PPI
RELA,HIF1A,0.989,0.292,0.0,0.985,STRING high-confidence functional PPI
RELA,TNF,0.997,0.516,0.9,0.944,STRING high-confidence functional PPI
RELA,IKBKB,0.999,0.877,0.9,0.957,STRING high-confidence functional PPI
CDKN1A,BRCA1,0.809,0.292,0.0,0.742,STRING high-confidence functional PPI
CDKN1A,CDKN2A,0.966,0.049,0.5,0.933,STRING high-confidence functional PPI
CDKN1A,MYC,0.981,0.32,0.5,0.945,STRING high-confidence functional PPI
CDKN1A,AKT1,0.995,0.776,0.9,0.833,STRING high-confidence functional PPI
PPARA,AKT1,0.7,0.071,0.0,0.676,STRING high-confidence functional PPI
PPARA,IL6,0.722,0.0,0.0,0.712,STRING high-confidence functional PPI
PPARA,HIF1A,0.761,0.071,0.0,0.746,STRING high-confidence functional PPI
PPARA,TNF,0.81,0.0,0.0,0.8,STRING high-confidence functional PPI
PPARA,ADIPOQ,0.914,0.0,0.0,0.912,STRING high-confidence functional PPI
IL6,MYC,0.73,0.0,0.0,0.702,STRING high-confidence functional PPI
IL6,IKBKB,0.736,0.0,0.0,0.731,STRING high-confidence functional PPI
IL6,HIF1A,0.8,0.0,0.0,0.777,STRING high-confidence functional PPI
IL6,CD44,0.821,0.0,0.0,0.811,STRING high-confidence functional PPI
IL6,PTPRC,0.86,0.0,0.0,0.852,STRING high-confidence functional PPI
IL6,AKT1,0.872,0.0,0.0,0.872,STRING high-confidence functional PPI
IL6,CASP1,0.881,0.0,0.0,0.869,STRING high-confidence functional PPI
IL6,ADIPOQ,0.89,0.0,0.0,0.89,STRING high-confidence functional PPI
IL6,IL17A,0.98,0.0,0.4,0.968,STRING high-confidence functional PPI
IL6,TYK2,0.986,0.0,0.5,0.972,STRING high-confidence functional PPI
IL6,TNF,0.994,0.0,0.4,0.989,STRING high-confidence functional PPI
IL6,IL10,0.997,0.0,0.8,0.988,STRING high-confidence functional PPI
ADIPOQ,AKT1,0.712,0.0,0.0,0.712,STRING high-confidence functional PPI
ADIPOQ,IL10,0.822,0.0,0.0,0.821,STRING high-confidence functional PPI
ADIPOQ,TNF,0.871,0.0,0.0,0.871,STRING high-confidence functional PPI
IGF2,FGFR2,0.763,0.0,0.65,0.351,STRING high-confidence functional PPI
CD44,FGFR2,0.709,0.23,0.0,0.632,STRING high-confidence functional PPI
CD44,IL17A,0.72,0.0,0.0,0.72,STRING high-confidence functional PPI
CD44,ABCG2,0.736,0.0,0.0,0.736,STRING high-confidence functional PPI
CD44,MYC,0.772,0.161,0.0,0.732,STRING high-confidence functional PPI
CD44,AKT1,0.777,0.184,0.0,0.72,STRING high-confidence functional PPI
CD44,IL10,0.795,0.0,0.0,0.793,STRING high-confidence functional PPI
CD44,TNF,0.822,0.0,0.0,0.811,STRING high-confidence functional PPI
CD44,PTPRC,0.931,0.309,0.0,0.893,STRING high-confidence functional PPI
TNF,MYC,0.702,0.0,0.0,0.696,STRING high-confidence functional PPI
TNF,TYK2,0.737,0.057,0.0,0.718,STRING high-confidence functional PPI
TNF,HIF1A,0.818,0.0,0.0,0.818,STRING high-confidence functional PPI
TNF,PTPRC,0.833,0.0,0.0,0.804,STRING high-confidence functional PPI
TNF,CASP1,0.904,0.091,0.0,0.883,STRING high-confidence functional PPI
TNF,AKT1,0.907,0.057,0.0,0.903,STRING high-confidence functional PPI
TNF,IL17A,0.958,0.0,0.0,0.957,STRING high-confidence functional PPI
TNF,IL10,0.992,0.0,0.4,0.984,STRING high-confidence functional PPI
TNF,IKBKB,0.999,0.994,0.5,0.934,STRING high-confidence functional PPI
PTPRC,IL17A,0.782,0.0,0.0,0.778,STRING high-confidence functional PPI
PTPRC,IL10,0.804,0.0,0.0,0.798,STRING high-confidence functional PPI
IL10,CASP1,0.724,0.0,0.0,0.723,STRING high-confidence functional PPI
IL10,AKT1,0.731,0.052,0.0,0.728,STRING high-confidence functional PPI
IL10,HIF1A,0.751,0.0,0.0,0.749,STRING high-confidence functional PPI
IL10,TYK2,0.958,0.052,0.5,0.919,STRING high-confidence functional PPI
IL10,IL17A,0.98,0.0,0.4,0.965,STRING high-confidence functional PPI
CDKN2A,TCF7L2,0.778,0.0,0.5,0.575,STRING high-confidence functional PPI
CDKN2A,BRCA1,0.832,0.309,0.0,0.766,STRING high-confidence functional PPI
CDKN2A,AKT1,0.866,0.229,0.0,0.834,STRING high-confidence functional PPI
CDKN2A,HIF1A,0.956,0.426,0.0,0.927,STRING high-confidence functional PPI
CDKN2A,MYC,0.998,0.783,0.9,0.929,STRING high-confidence functional PPI
BRCA1,POLD1,0.937,0.421,0.54,0.743,STRING high-confidence functional PPI
BRCA1,AKT1,0.993,0.735,0.9,0.786,STRING high-confidence functional PPI
BRCA1,MYC,0.999,0.825,0.0,0.995,STRING high-confidence functional PPI
IKBKB,MYC,0.778,0.294,0.0,0.693,STRING high-confidence functional PPI
IKBKB,AKT1,0.99,0.775,0.9,0.57,STRING high-confidence functional PPI
HIF1A,AKT1,0.932,0.229,0.0,0.916,STRING high-confidence functional PPI
HIF1A,MYC,0.993,0.435,0.4,0.982,STRING high-confidence functional PPI
AKT1,MYC,0.928,0.169,0.0,0.918,STRING high-confidence functional PPI
ABCB1,CYP2D6,0.779,0.069,0.0,0.766,STRING high-confidence functional PPI
ABCB1,CYP3A4,0.886,0.05,0.0,0.876,STRING high-confidence functional PPI
MYC,TCF7L2,0.882,0.292,0.5,0.691,STRING high-confidence functional PPI
CYP2D6,CYP3A4,0.961,0.076,0.907,0.43,STRING high-confidence functional PPI
ABCC2,CYP3A4,0.754,0.05,0.0,0.727,STRING high-confidence functional PPI
ABCC2,ABCG2,0.979,0.1,0.8,0.889,STRING high-confidence functional PPI
ABCG2,CYP3A4,0.793,0.066,0.0,0.778,STRING high-confidence functional PPI
