id,name,herb_count,herbs
ABCB1,ABCB1,1,槐米
ABCC2,ABCC2,1,山药
ABCG2,ABCG2,9,乌梅;大枣;栀子;甘草;莲子;藿香;金银花;马齿苋;鱼腥草
ADIPOQ,ADIPOQ,2,甘草;陈皮
AGER,AGER,1,槐米
AHR,AHR,10,乌梅;大枣;栀子;槐米;甘草;莲子;藿香;金银花;马齿苋;鱼腥草
AKT1,AKT1,12,乌梅;大枣;山药;栀子;槐米;甘草;白扁豆;芡实;金银花;陈皮;马齿苋;鱼腥草
ALB,ALB,2,槐米;蒲公英
ALOX5,ALOX5,10,乌梅;大枣;栀子;槐米;甘草;莲子;藿香;金银花;马齿苋;鱼腥草
APEX1,APEX1,2,莲子;藿香
BAX,BAX,12,乌梅;大枣;栀子;槐米;甘草;生姜;砂仁;蒲公英;金银花;陈皮;马齿苋;鱼腥草
BCL2,BCL2,14,乌梅;大枣;栀子;槐米;甘草;生姜;白扁豆;砂仁;芡实;蒲公英;金银花;陈皮;马齿苋;鱼腥草
BIRC5,BIRC5,7,乌梅;大枣;栀子;甘草;金银花;马齿苋;鱼腥草
BRCA1,BRCA1,1,槐米
CASP1,CASP1,2,槐米;蒲公英
CASP3,CASP3,15,乌梅;大枣;栀子;槐米;甘草;生姜;白扁豆;砂仁;芡实;莲子;蒲公英;金银花;陈皮;马齿苋;鱼腥草
CASP8,CASP8,13,乌梅;大枣;栀子;槐米;甘草;生姜;白扁豆;砂仁;芡实;蒲公英;金银花;马齿苋;鱼腥草
CAT,CAT,5,大枣;山药;槐米;甘草;陈皮
CCL11,CCL11,1,槐米
CCL2,CCL2,9,乌梅;大枣;栀子;槐米;甘草;蒲公英;金银花;马齿苋;鱼腥草
CCND1,CCND1,8,乌梅;大枣;栀子;槐米;甘草;金银花;马齿苋;鱼腥草
CD274,CD274,1,槐米
CD40LG,CD40LG,7,乌梅;大枣;栀子;甘草;金银花;马齿苋;鱼腥草
CD44,CD44,1,槐米
CD86,CD86,1,槐米
CDH1,CDH1,1,槐米
CDK4,CDK4,3,甘草;金银花;马齿苋
CDKN1A,CDKN1A,8,乌梅;大枣;山药;栀子;甘草;金银花;马齿苋;鱼腥草
CDKN2A,CDKN2A,1,槐米
CFTR,CFTR,1,槐米
CHEK2,CHEK2,7,乌梅;大枣;栀子;甘草;金银花;马齿苋;鱼腥草
CHRNA7,CHRNA7,4,槐米;莲子;蒲公英;藿香
CHUK,CHUK,7,乌梅;大枣;栀子;甘草;金银花;马齿苋;鱼腥草
CXCL10,CXCL10,7,乌梅;大枣;栀子;甘草;金银花;马齿苋;鱼腥草
CXCL8,CXCL8,8,乌梅;大枣;栀子;槐米;甘草;金银花;马齿苋;鱼腥草
CYP1A2,CYP1A2,10,乌梅;大枣;栀子;槐米;甘草;白扁豆;芡实;金银花;马齿苋;鱼腥草
CYP2C19,CYP2C19,2,槐米;藿香
CYP2C9,CYP2C9,3,槐米;莲子;藿香
CYP2D6,CYP2D6,1,槐米
CYP3A4,CYP3A4,12,乌梅;大枣;栀子;槐米;甘草;白扁豆;芡实;莲子;藿香;金银花;马齿苋;鱼腥草
DUOX2,DUOX2,7,乌梅;大枣;栀子;甘草;金银花;马齿苋;鱼腥草
EGFR,EGFR,10,乌梅;大枣;栀子;槐米;甘草;莲子;藿香;金银花;马齿苋;鱼腥草
ELANE,ELANE,1,藿香
ERBB2,ERBB2,7,乌梅;大枣;栀子;甘草;金银花;马齿苋;鱼腥草
FGFR2,FGFR2,1,槐米
GLS,GLS,2,槐米;蒲公英
GPBAR1,GPBAR1,1,藿香
GPR35,GPR35,2,莲子;藿香
GSTM1,GSTM1,9,乌梅;大枣;栀子;槐米;甘草;藿香;金银花;马齿苋;鱼腥草
GSTP1,GSTP1,9,乌梅;大枣;栀子;槐米;甘草;金银花;陈皮;马齿苋;鱼腥草
HIF1A,HIF1A,10,乌梅;大枣;山药;栀子;槐米;甘草;莲子;金银花;马齿苋;鱼腥草
HMOX1,HMOX1,10,乌梅;大枣;栀子;槐米;甘草;白扁豆;芡实;金银花;马齿苋;鱼腥草
HNF4A,HNF4A,2,槐米;蒲公英
HSD17B10,HSD17B10,1,槐米
ICAM1,ICAM1,8,乌梅;大枣;栀子;槐米;甘草;金银花;马齿苋;鱼腥草
IFNG,IFNG,8,乌梅;大枣;栀子;槐米;甘草;金银花;马齿苋;鱼腥草
IGF2,IGF2,7,乌梅;大枣;栀子;甘草;金银花;马齿苋;鱼腥草
IKBKB,IKBKB,7,乌梅;栀子;槐米;甘草;金银花;马齿苋;鱼腥草
IL10,IL10,8,乌梅;大枣;栀子;槐米;甘草;金银花;马齿苋;鱼腥草
IL13,IL13,2,槐米;蒲公英
IL17A,IL17A,1,槐米
IL18,IL18,1,槐米
IL1A,IL1A,8,乌梅;大枣;栀子;槐米;甘草;金银花;马齿苋;鱼腥草
IL1B,IL1B,9,乌梅;大枣;栀子;槐米;甘草;蒲公英;金银花;马齿苋;鱼腥草
IL2,IL2,8,乌梅;大枣;栀子;槐米;甘草;金银花;马齿苋;鱼腥草
IL4,IL4,5,槐米;甘草;蒲公英;金银花;马齿苋
IL5,IL5,2,槐米;蒲公英
IL6,IL6,9,乌梅;大枣;栀子;槐米;甘草;蒲公英;金银花;马齿苋;鱼腥草
JAK2,JAK2,1,槐米
JUN,JUN,2,槐米;蒲公英
KDR,KDR,5,大枣;槐米;甘草;莲子;藿香
KEAP1,KEAP1,1,槐米
LCN2,LCN2,1,槐米
MAPK1,MAPK1,10,乌梅;大枣;栀子;槐米;甘草;蒲公英;金银花;陈皮;马齿苋;鱼腥草
MAPK3,MAPK3,4,槐米;甘草;蒲公英;陈皮
MET,MET,4,莲子;藿香;金银花;马齿苋
MIR21,MIR21,1,槐米
MMP1,MMP1,11,乌梅;大枣;栀子;槐米;甘草;白扁豆;芡实;蒲公英;金银花;马齿苋;鱼腥草
MMP2,MMP2,10,乌梅;大枣;栀子;槐米;甘草;白扁豆;芡实;金银花;马齿苋;鱼腥草
MMP3,MMP3,7,乌梅;大枣;栀子;甘草;金银花;马齿苋;鱼腥草
MMP9,MMP9,11,乌梅;大枣;栀子;槐米;甘草;莲子;藿香;金银花;陈皮;马齿苋;鱼腥草
MPO,MPO,9,乌梅;大枣;栀子;甘草;莲子;藿香;金银花;马齿苋;鱼腥草
MTOR,MTOR,1,山药
MYC,MYC,11,乌梅;大枣;栀子;槐米;甘草;白扁豆;芡实;蒲公英;金银花;马齿苋;鱼腥草
NFATC1,NFATC1,1,槐米
NFE2L2,NFE2L2,8,乌梅;大枣;栀子;槐米;甘草;金银花;马齿苋;鱼腥草
NFKB1,NFKB1,2,槐米;蒲公英
NFKBIA,NFKBIA,9,乌梅;大枣;栀子;槐米;甘草;蒲公英;金银花;马齿苋;鱼腥草
NLRP3,NLRP3,2,槐米;藿香
NOD2,NOD2,1,莲子
NOS2,NOS2,12,乌梅;大枣;山药;栀子;槐米;甘草;蒲公英;藿香;金银花;陈皮;马齿苋;鱼腥草
NOS3,NOS3,8,乌梅;大枣;栀子;槐米;甘草;金银花;马齿苋;鱼腥草
NR1I2,NR1I2,9,乌梅;大枣;山药;栀子;槐米;甘草;金银花;马齿苋;鱼腥草
NR3C1,NR3C1,4,乌梅;山药;槐米;蒲公英
ODC1,ODC1,8,乌梅;大枣;栀子;甘草;蒲公英;金银花;马齿苋;鱼腥草
PIK3CA,PIK3CA,1,槐米
PLAU,PLAU,12,乌梅;大枣;山药;栀子;甘草;生姜;砂仁;莲子;薏苡仁;金银花;马齿苋;鱼腥草
POLD1,POLD1,1,槐米
PPARA,PPARA,9,乌梅;大枣;栀子;槐米;甘草;金银花;陈皮;马齿苋;鱼腥草
PPARG,PPARG,11,乌梅;大枣;栀子;槐米;甘草;蒲公英;藿香;金银花;陈皮;马齿苋;鱼腥草
PRKCQ,PRKCQ,1,槐米
PTEN,PTEN,1,槐米
PTGS1,PTGS1,15,乌梅;大枣;山药;栀子;槐米;甘草;生姜;砂仁;茯苓;蒲公英;薏苡仁;金银花;陈皮;马齿苋;鱼腥草
PTGS2,PTGS2,18,乌梅;大枣;山药;栀子;槐米;甘草;生姜;白扁豆;砂仁;芡实;茯苓;蒲公英;薏苡仁;藿香;金银花;陈皮;马齿苋;鱼腥草
PTPN2,PTPN2,1,藿香
PTPRC,PTPRC,1,藿香
RB1,RB1,7,乌梅;大枣;栀子;甘草;金银花;马齿苋;鱼腥草
RELA,RELA,11,乌梅;大枣;山药;栀子;槐米;甘草;蒲公英;金银花;陈皮;马齿苋;鱼腥草
RORC,RORC,2,槐米;蒲公英
SI,SI,1,藿香
SIRT1,SIRT1,3,槐米;莲子;蒲公英
SLC6A4,SLC6A4,12,乌梅;大枣;山药;栀子;槐米;甘草;生姜;砂仁;莲子;蒲公英;金银花;马齿苋
SOD2,SOD2,1,槐米
SRC,SRC,1,槐米
STAT1,STAT1,8,乌梅;大枣;栀子;槐米;甘草;金银花;马齿苋;鱼腥草
STAT3,STAT3,2,槐米;甘草
TCF7L2,TCF7L2,1,蒲公英
TERT,TERT,2,槐米;藿香
TGFB1,TGFB1,2,槐米;蒲公英
TIMP1,TIMP1,1,陈皮
TJP1,TJP1,1,槐米
TNF,TNF,10,乌梅;大枣;栀子;槐米;甘草;蒲公英;藿香;金银花;马齿苋;鱼腥草
TP53,TP53,11,乌梅;大枣;山药;栀子;槐米;甘草;蒲公英;金银花;陈皮;马齿苋;鱼腥草
TYK2,TYK2,1,槐米
VCAM1,VCAM1,8,乌梅;大枣;栀子;槐米;甘草;金银花;马齿苋;鱼腥草
VDR,VDR,1,藿香
VEGFA,VEGFA,2,槐米;莲子
XIST,XIST,1,蒲公英
