analysis_rank,herb_a,herb_b,union_gene_symbols,data_source,disease_target_count,genecards_uc_target_count
1,乌梅,单味基线,ABCG2;AHR;AKT1;ALOX5;BAX;BCL2;BIRC5;CASP3;CASP8;CCL2;CCND1;CD40LG;CDKN1A;CHEK2;CHUK;CXCL10;CXCL8;CYP1A2;CYP3A4;DUOX2;EGFR;ERBB2;GSTM1;GSTP1;HIF1A;HMOX1;ICAM1;IFNG;IGF2;IKBKB;IL10;IL1A;IL1B;IL2;IL6;MAPK1;MMP1;MMP2;MMP3;MMP9;MPO;MYC;NFE2L2;NFKBIA;NOS2;NOS3;NR1I2;NR3C1;ODC1;PLAU;PPARA;PPARG;PTGS1;PTGS2;RB1;RELA;SLC6A4;STAT1;TNF;TP53;VCAM1,TCMSP exact match,61,61
2,大枣,单味基线,ABCG2;AHR;AKT1;ALOX5;BAX;BCL2;BIRC5;CASP3;CASP8;CAT;CCL2;CCND1;CD40LG;CDKN1A;CHEK2;CHUK;CXCL10;CXCL8;CYP1A2;CYP3A4;DUOX2;EGFR;ERBB2;GSTM1;GSTP1;HIF1A;HMOX1;ICAM1;IFNG;IGF2;IL10;IL1A;IL1B;IL2;IL6;KDR;MAPK1;MMP1;MMP2;MMP3;MMP9;MPO;MYC;NFE2L2;NFKBIA;NOS2;NOS3;NR1I2;ODC1;PLAU;PPARA;PPARG;PTGS1;PTGS2;RB1;RELA;SLC6A4;STAT1;TNF;TP53;VCAM1,TCMSP exact match,61,61
3,山药,单味基线,ABCC2;AKT1;CAT;CDKN1A;HIF1A;MTOR;NOS2;NR1I2;NR3C1;PLAU;PTGS1;PTGS2;RELA;SLC6A4;TP53,TCMSP exact match,15,15
4,栀子,单味基线,ABCG2;AHR;AKT1;ALOX5;BAX;BCL2;BIRC5;CASP3;CASP8;CCL2;CCND1;CD40LG;CDKN1A;CHEK2;CHUK;CXCL10;CXCL8;CYP1A2;CYP3A4;DUOX2;EGFR;ERBB2;GSTM1;GSTP1;HIF1A;HMOX1;ICAM1;IFNG;IGF2;IKBKB;IL10;IL1A;IL1B;IL2;IL6;MAPK1;MMP1;MMP2;MMP3;MMP9;MPO;MYC;NFE2L2;NFKBIA;NOS2;NOS3;NR1I2;ODC1;PLAU;PPARA;PPARG;PTGS1;PTGS2;RB1;RELA;SLC6A4;STAT1;TNF;TP53;VCAM1,TCMSP exact match,60,60
5,槐米,单味基线,ABCB1;AGER;AHR;AKT1;ALB;ALOX5;BAX;BCL2;BRCA1;CASP1;CASP3;CASP8;CAT;CCL11;CCL2;CCND1;CD274;CD44;CD86;CDH1;CDKN2A;CFTR;CHRNA7;CXCL8;CYP1A2;CYP2C19;CYP2C9;CYP2D6;CYP3A4;EGFR;FGFR2;GLS;GSTM1;GSTP1;HIF1A;HMOX1;HNF4A;HSD17B10;ICAM1;IFNG;IKBKB;IL10;IL13;IL17A;IL18;IL1A;IL1B;IL2;IL4;IL5;IL6;JAK2;JUN;KDR;KEAP1;LCN2;MAPK1;MAPK3;MIR21;MMP1;MMP2;MMP9;MYC;NFATC1;NFE2L2;NFKB1;NFKBIA;NLRP3;NOS2;NOS3;NR1I2;NR3C1;PIK3CA;POLD1;PPARA;PPARG;PRKCQ;PTEN;PTGS1;PTGS2;RELA;RORC;SIRT1;SLC6A4;SOD2;SRC;STAT1;STAT3;TERT;TGFB1;TJP1;TNF;TP53;TYK2;VCAM1;VEGFA,HERB 2.0 exact match HERB002472,96,96
6,甘草,单味基线,ABCG2;ADIPOQ;AHR;AKT1;ALOX5;BAX;BCL2;BIRC5;CASP3;CASP8;CAT;CCL2;CCND1;CD40LG;CDK4;CDKN1A;CHEK2;CHUK;CXCL10;CXCL8;CYP1A2;CYP3A4;DUOX2;EGFR;ERBB2;GSTM1;GSTP1;HIF1A;HMOX1;ICAM1;IFNG;IGF2;IKBKB;IL10;IL1A;IL1B;IL2;IL4;IL6;KDR;MAPK1;MAPK3;MMP1;MMP2;MMP3;MMP9;MPO;MYC;NFE2L2;NFKBIA;NOS2;NOS3;NR1I2;ODC1;PLAU;PPARA;PPARG;PTGS1;PTGS2;RB1;RELA;SLC6A4;STAT1;STAT3;TNF;TP53;VCAM1,TCMSP exact match,67,67
7,生姜,单味基线,BAX;BCL2;CASP3;CASP8;PLAU;PTGS1;PTGS2;SLC6A4,TCMSP exact match,8,8
8,白扁豆,单味基线,AKT1;BCL2;CASP3;CASP8;CYP1A2;CYP3A4;HMOX1;MMP1;MMP2;MYC;PTGS2,TCMSP exact match,11,11
9,砂仁,单味基线,BAX;BCL2;CASP3;CASP8;PLAU;PTGS1;PTGS2;SLC6A4,TCMSP exact match,8,8
10,芡实,单味基线,AKT1;BCL2;CASP3;CASP8;CYP1A2;CYP3A4;HMOX1;MMP1;MMP2;MYC;PTGS2,TCMSP exact match,11,11
11,茯苓,单味基线,PTGS1;PTGS2,TCMSP exact match,2,2
12,莲子,单味基线,ABCG2;AHR;ALOX5;APEX1;CASP3;CHRNA7;CYP2C9;CYP3A4;EGFR;GPR35;HIF1A;KDR;MET;MMP9;MPO;NOD2;PLAU;SIRT1;SLC6A4;VEGFA,ETCM 2.0 exact match LianZi,20,20
13,蒲公英,单味基线,ALB;BAX;BCL2;CASP1;CASP3;CASP8;CCL2;CHRNA7;GLS;HNF4A;IL13;IL1B;IL4;IL5;IL6;JUN;MAPK1;MAPK3;MMP1;MYC;NFKB1;NFKBIA;NOS2;NR3C1;ODC1;PPARG;PTGS1;PTGS2;RELA;RORC;SIRT1;SLC6A4;TCF7L2;TGFB1;TNF;TP53;XIST,HERB 2.0 exact match HERB004401,37,37
14,薏苡仁,单味基线,PLAU;PTGS1;PTGS2,TCMSP exact match,3,3
15,藿香,单味基线,ABCG2;AHR;ALOX5;APEX1;CHRNA7;CYP2C19;CYP2C9;CYP3A4;EGFR;ELANE;GPBAR1;GPR35;GSTM1;KDR;MET;MMP9;MPO;NLRP3;NOS2;PPARG;PTGS2;PTPN2;PTPRC;SI;TERT;TNF;VDR,ETCM 2.0 exact match HuoXiang,27,27
16,金银花,单味基线,ABCG2;AHR;AKT1;ALOX5;BAX;BCL2;BIRC5;CASP3;CASP8;CCL2;CCND1;CD40LG;CDK4;CDKN1A;CHEK2;CHUK;CXCL10;CXCL8;CYP1A2;CYP3A4;DUOX2;EGFR;ERBB2;GSTM1;GSTP1;HIF1A;HMOX1;ICAM1;IFNG;IGF2;IKBKB;IL10;IL1A;IL1B;IL2;IL4;IL6;MAPK1;MET;MMP1;MMP2;MMP3;MMP9;MPO;MYC;NFE2L2;NFKBIA;NOS2;NOS3;NR1I2;ODC1;PLAU;PPARA;PPARG;PTGS1;PTGS2;RB1;RELA;SLC6A4;STAT1;TNF;TP53;VCAM1,TCMSP exact match,63,63
17,陈皮,单味基线,ADIPOQ;AKT1;BAX;BCL2;CASP3;CAT;GSTP1;MAPK1;MAPK3;MMP9;NOS2;PPARA;PPARG;PTGS1;PTGS2;RELA;TIMP1;TP53,TCMSP exact match,18,18
18,马齿苋,单味基线,ABCG2;AHR;AKT1;ALOX5;BAX;BCL2;BIRC5;CASP3;CASP8;CCL2;CCND1;CD40LG;CDK4;CDKN1A;CHEK2;CHUK;CXCL10;CXCL8;CYP1A2;CYP3A4;DUOX2;EGFR;ERBB2;GSTM1;GSTP1;HIF1A;HMOX1;ICAM1;IFNG;IGF2;IKBKB;IL10;IL1A;IL1B;IL2;IL4;IL6;MAPK1;MET;MMP1;MMP2;MMP3;MMP9;MPO;MYC;NFE2L2;NFKBIA;NOS2;NOS3;NR1I2;ODC1;PLAU;PPARA;PPARG;PTGS1;PTGS2;RB1;RELA;SLC6A4;STAT1;TNF;TP53;VCAM1,TCMSP exact match,63,63
19,鱼腥草,单味基线,ABCG2;AHR;AKT1;ALOX5;BAX;BCL2;BIRC5;CASP3;CASP8;CCL2;CCND1;CD40LG;CDKN1A;CHEK2;CHUK;CXCL10;CXCL8;CYP1A2;CYP3A4;DUOX2;EGFR;ERBB2;GSTM1;GSTP1;HIF1A;HMOX1;ICAM1;IFNG;IGF2;IKBKB;IL10;IL1A;IL1B;IL2;IL6;MAPK1;MMP1;MMP2;MMP3;MMP9;MPO;MYC;NFE2L2;NFKBIA;NOS2;NOS3;NR1I2;ODC1;PLAU;PPARA;PPARG;PTGS1;PTGS2;RB1;RELA;STAT1;TNF;TP53;VCAM1,TCMSP exact match,59,59
