herb_name,data_source,active_ingredient_count,raw_target_name_count,mapped_gene_count,disease_target_count,genecards_uc_target_count,barrier_target_count,barrier_pathway_count,mapping_rate,disease_gene_symbols,uc_gene_symbols
马齿苋,TCMSP exact match,10,224,178,63,63,4,4,0.7946,ABCG2;AHR;AKT1;ALOX5;BAX;BCL2;BIRC5;CASP3;CASP8;CCL2;CCND1;CD40LG;CDK4;CDKN1A;CHEK2;CHUK;CXCL10;CXCL8;CYP1A2;CYP3A4;DUOX2;EGFR;ERBB2;GSTM1;GSTP1;HIF1A;HMOX1;ICAM1;IFNG;IGF2;IKBKB;IL10;IL1A;IL1B;IL2;IL4;IL6;MAPK1;MET;MMP1;MMP2;MMP3;MMP9;MPO;MYC;NFE2L2;NFKBIA;NOS2;NOS3;NR1I2;ODC1;PLAU;PPARA;PPARG;PTGS1;PTGS2;RB1;RELA;SLC6A4;STAT1;TNF;TP53;VCAM1,ABCG2;AHR;AKT1;ALOX5;BAX;BCL2;BIRC5;CASP3;CASP8;CCL2;CCND1;CD40LG;CDK4;CDKN1A;CHEK2;CHUK;CXCL10;CXCL8;CYP1A2;CYP3A4;DUOX2;EGFR;ERBB2;GSTM1;GSTP1;HIF1A;HMOX1;ICAM1;IFNG;IGF2;IKBKB;IL10;IL1A;IL1B;IL2;IL4;IL6;MAPK1;MET;MMP1;MMP2;MMP3;MMP9;MPO;MYC;NFE2L2;NFKBIA;NOS2;NOS3;NR1I2;ODC1;PLAU;PPARA;PPARG;PTGS1;PTGS2;RB1;RELA;SLC6A4;STAT1;TNF;TP53;VCAM1
栀子,TCMSP exact match,15,203,171,60,60,4,4,0.8424,ABCG2;AHR;AKT1;ALOX5;BAX;BCL2;BIRC5;CASP3;CASP8;CCL2;CCND1;CD40LG;CDKN1A;CHEK2;CHUK;CXCL10;CXCL8;CYP1A2;CYP3A4;DUOX2;EGFR;ERBB2;GSTM1;GSTP1;HIF1A;HMOX1;ICAM1;IFNG;IGF2;IKBKB;IL10;IL1A;IL1B;IL2;IL6;MAPK1;MMP1;MMP2;MMP3;MMP9;MPO;MYC;NFE2L2;NFKBIA;NOS2;NOS3;NR1I2;ODC1;PLAU;PPARA;PPARG;PTGS1;PTGS2;RB1;RELA;SLC6A4;STAT1;TNF;TP53;VCAM1,ABCG2;AHR;AKT1;ALOX5;BAX;BCL2;BIRC5;CASP3;CASP8;CCL2;CCND1;CD40LG;CDKN1A;CHEK2;CHUK;CXCL10;CXCL8;CYP1A2;CYP3A4;DUOX2;EGFR;ERBB2;GSTM1;GSTP1;HIF1A;HMOX1;ICAM1;IFNG;IGF2;IKBKB;IL10;IL1A;IL1B;IL2;IL6;MAPK1;MMP1;MMP2;MMP3;MMP9;MPO;MYC;NFE2L2;NFKBIA;NOS2;NOS3;NR1I2;ODC1;PLAU;PPARA;PPARG;PTGS1;PTGS2;RB1;RELA;SLC6A4;STAT1;TNF;TP53;VCAM1
金银花,TCMSP exact match,23,220,185,63,63,4,4,0.8409,ABCG2;AHR;AKT1;ALOX5;BAX;BCL2;BIRC5;CASP3;CASP8;CCL2;CCND1;CD40LG;CDK4;CDKN1A;CHEK2;CHUK;CXCL10;CXCL8;CYP1A2;CYP3A4;DUOX2;EGFR;ERBB2;GSTM1;GSTP1;HIF1A;HMOX1;ICAM1;IFNG;IGF2;IKBKB;IL10;IL1A;IL1B;IL2;IL4;IL6;MAPK1;MET;MMP1;MMP2;MMP3;MMP9;MPO;MYC;NFE2L2;NFKBIA;NOS2;NOS3;NR1I2;ODC1;PLAU;PPARA;PPARG;PTGS1;PTGS2;RB1;RELA;SLC6A4;STAT1;TNF;TP53;VCAM1,ABCG2;AHR;AKT1;ALOX5;BAX;BCL2;BIRC5;CASP3;CASP8;CCL2;CCND1;CD40LG;CDK4;CDKN1A;CHEK2;CHUK;CXCL10;CXCL8;CYP1A2;CYP3A4;DUOX2;EGFR;ERBB2;GSTM1;GSTP1;HIF1A;HMOX1;ICAM1;IFNG;IGF2;IKBKB;IL10;IL1A;IL1B;IL2;IL4;IL6;MAPK1;MET;MMP1;MMP2;MMP3;MMP9;MPO;MYC;NFE2L2;NFKBIA;NOS2;NOS3;NR1I2;ODC1;PLAU;PPARA;PPARG;PTGS1;PTGS2;RB1;RELA;SLC6A4;STAT1;TNF;TP53;VCAM1
鱼腥草,TCMSP exact match,7,169,148,59,59,4,4,0.8757,ABCG2;AHR;AKT1;ALOX5;BAX;BCL2;BIRC5;CASP3;CASP8;CCL2;CCND1;CD40LG;CDKN1A;CHEK2;CHUK;CXCL10;CXCL8;CYP1A2;CYP3A4;DUOX2;EGFR;ERBB2;GSTM1;GSTP1;HIF1A;HMOX1;ICAM1;IFNG;IGF2;IKBKB;IL10;IL1A;IL1B;IL2;IL6;MAPK1;MMP1;MMP2;MMP3;MMP9;MPO;MYC;NFE2L2;NFKBIA;NOS2;NOS3;NR1I2;ODC1;PLAU;PPARA;PPARG;PTGS1;PTGS2;RB1;RELA;STAT1;TNF;TP53;VCAM1,ABCG2;AHR;AKT1;ALOX5;BAX;BCL2;BIRC5;CASP3;CASP8;CCL2;CCND1;CD40LG;CDKN1A;CHEK2;CHUK;CXCL10;CXCL8;CYP1A2;CYP3A4;DUOX2;EGFR;ERBB2;GSTM1;GSTP1;HIF1A;HMOX1;ICAM1;IFNG;IGF2;IKBKB;IL10;IL1A;IL1B;IL2;IL6;MAPK1;MMP1;MMP2;MMP3;MMP9;MPO;MYC;NFE2L2;NFKBIA;NOS2;NOS3;NR1I2;ODC1;PLAU;PPARA;PPARG;PTGS1;PTGS2;RB1;RELA;STAT1;TNF;TP53;VCAM1
茯苓,TCMSP exact match,15,25,17,2,2,0,0,0.68,PTGS1;PTGS2,PTGS1;PTGS2
薏苡仁,TCMSP exact match,9,32,26,3,3,1,1,0.8125,PLAU;PTGS1;PTGS2,PLAU;PTGS1;PTGS2
白扁豆,TCMSP exact match,1,22,17,11,11,0,0,0.7727,AKT1;BCL2;CASP3;CASP8;CYP1A2;CYP3A4;HMOX1;MMP1;MMP2;MYC;PTGS2,AKT1;BCL2;CASP3;CASP8;CYP1A2;CYP3A4;HMOX1;MMP1;MMP2;MYC;PTGS2
山药,TCMSP exact match,16,80,58,15,15,2,3,0.725,ABCC2;AKT1;CAT;CDKN1A;HIF1A;MTOR;NOS2;NR1I2;NR3C1;PLAU;PTGS1;PTGS2;RELA;SLC6A4;TP53,ABCC2;AKT1;CAT;CDKN1A;HIF1A;MTOR;NOS2;NR1I2;NR3C1;PLAU;PTGS1;PTGS2;RELA;SLC6A4;TP53
芡实,TCMSP exact match,2,23,17,11,11,0,0,0.7391,AKT1;BCL2;CASP3;CASP8;CYP1A2;CYP3A4;HMOX1;MMP1;MMP2;MYC;PTGS2,AKT1;BCL2;CASP3;CASP8;CYP1A2;CYP3A4;HMOX1;MMP1;MMP2;MYC;PTGS2
陈皮,TCMSP exact match,5,69,58,18,18,1,1,0.8406,ADIPOQ;AKT1;BAX;BCL2;CASP3;CAT;GSTP1;MAPK1;MAPK3;MMP9;NOS2;PPARA;PPARG;PTGS1;PTGS2;RELA;TIMP1;TP53,ADIPOQ;AKT1;BAX;BCL2;CASP3;CAT;GSTP1;MAPK1;MAPK3;MMP9;NOS2;PPARA;PPARG;PTGS1;PTGS2;RELA;TIMP1;TP53
砂仁,TCMSP exact match,10,54,40,8,8,1,1,0.7407,BAX;BCL2;CASP3;CASP8;PLAU;PTGS1;PTGS2;SLC6A4,BAX;BCL2;CASP3;CASP8;PLAU;PTGS1;PTGS2;SLC6A4
莱菔子,TCMSP exact match,3,3,3,0,0,0,0,1.0,,
乌梅,TCMSP exact match,8,194,166,61,61,4,4,0.8557,ABCG2;AHR;AKT1;ALOX5;BAX;BCL2;BIRC5;CASP3;CASP8;CCL2;CCND1;CD40LG;CDKN1A;CHEK2;CHUK;CXCL10;CXCL8;CYP1A2;CYP3A4;DUOX2;EGFR;ERBB2;GSTM1;GSTP1;HIF1A;HMOX1;ICAM1;IFNG;IGF2;IKBKB;IL10;IL1A;IL1B;IL2;IL6;MAPK1;MMP1;MMP2;MMP3;MMP9;MPO;MYC;NFE2L2;NFKBIA;NOS2;NOS3;NR1I2;NR3C1;ODC1;PLAU;PPARA;PPARG;PTGS1;PTGS2;RB1;RELA;SLC6A4;STAT1;TNF;TP53;VCAM1,ABCG2;AHR;AKT1;ALOX5;BAX;BCL2;BIRC5;CASP3;CASP8;CCL2;CCND1;CD40LG;CDKN1A;CHEK2;CHUK;CXCL10;CXCL8;CYP1A2;CYP3A4;DUOX2;EGFR;ERBB2;GSTM1;GSTP1;HIF1A;HMOX1;ICAM1;IFNG;IGF2;IKBKB;IL10;IL1A;IL1B;IL2;IL6;MAPK1;MMP1;MMP2;MMP3;MMP9;MPO;MYC;NFE2L2;NFKBIA;NOS2;NOS3;NR1I2;NR3C1;ODC1;PLAU;PPARA;PPARG;PTGS1;PTGS2;RB1;RELA;SLC6A4;STAT1;TNF;TP53;VCAM1
生姜,TCMSP exact match,5,56,41,8,8,1,1,0.7321,BAX;BCL2;CASP3;CASP8;PLAU;PTGS1;PTGS2;SLC6A4,BAX;BCL2;CASP3;CASP8;PLAU;PTGS1;PTGS2;SLC6A4
大枣,TCMSP exact match,29,213,176,61,61,4,4,0.8263,ABCG2;AHR;AKT1;ALOX5;BAX;BCL2;BIRC5;CASP3;CASP8;CAT;CCL2;CCND1;CD40LG;CDKN1A;CHEK2;CHUK;CXCL10;CXCL8;CYP1A2;CYP3A4;DUOX2;EGFR;ERBB2;GSTM1;GSTP1;HIF1A;HMOX1;ICAM1;IFNG;IGF2;IL10;IL1A;IL1B;IL2;IL6;KDR;MAPK1;MMP1;MMP2;MMP3;MMP9;MPO;MYC;NFE2L2;NFKBIA;NOS2;NOS3;NR1I2;ODC1;PLAU;PPARA;PPARG;PTGS1;PTGS2;RB1;RELA;SLC6A4;STAT1;TNF;TP53;VCAM1,ABCG2;AHR;AKT1;ALOX5;BAX;BCL2;BIRC5;CASP3;CASP8;CAT;CCL2;CCND1;CD40LG;CDKN1A;CHEK2;CHUK;CXCL10;CXCL8;CYP1A2;CYP3A4;DUOX2;EGFR;ERBB2;GSTM1;GSTP1;HIF1A;HMOX1;ICAM1;IFNG;IGF2;IL10;IL1A;IL1B;IL2;IL6;KDR;MAPK1;MMP1;MMP2;MMP3;MMP9;MPO;MYC;NFE2L2;NFKBIA;NOS2;NOS3;NR1I2;ODC1;PLAU;PPARA;PPARG;PTGS1;PTGS2;RB1;RELA;SLC6A4;STAT1;TNF;TP53;VCAM1
甘草,TCMSP exact match,92,238,204,67,67,4,4,0.8571,ABCG2;ADIPOQ;AHR;AKT1;ALOX5;BAX;BCL2;BIRC5;CASP3;CASP8;CAT;CCL2;CCND1;CD40LG;CDK4;CDKN1A;CHEK2;CHUK;CXCL10;CXCL8;CYP1A2;CYP3A4;DUOX2;EGFR;ERBB2;GSTM1;GSTP1;HIF1A;HMOX1;ICAM1;IFNG;IGF2;IKBKB;IL10;IL1A;IL1B;IL2;IL4;IL6;KDR;MAPK1;MAPK3;MMP1;MMP2;MMP3;MMP9;MPO;MYC;NFE2L2;NFKBIA;NOS2;NOS3;NR1I2;ODC1;PLAU;PPARA;PPARG;PTGS1;PTGS2;RB1;RELA;SLC6A4;STAT1;STAT3;TNF;TP53;VCAM1,ABCG2;ADIPOQ;AHR;AKT1;ALOX5;BAX;BCL2;BIRC5;CASP3;CASP8;CAT;CCL2;CCND1;CD40LG;CDK4;CDKN1A;CHEK2;CHUK;CXCL10;CXCL8;CYP1A2;CYP3A4;DUOX2;EGFR;ERBB2;GSTM1;GSTP1;HIF1A;HMOX1;ICAM1;IFNG;IGF2;IKBKB;IL10;IL1A;IL1B;IL2;IL4;IL6;KDR;MAPK1;MAPK3;MMP1;MMP2;MMP3;MMP9;MPO;MYC;NFE2L2;NFKBIA;NOS2;NOS3;NR1I2;ODC1;PLAU;PPARA;PPARG;PTGS1;PTGS2;RB1;RELA;SLC6A4;STAT1;STAT3;TNF;TP53;VCAM1
槐米,HERB 2.0 exact match HERB002472,46,96,96,96,96,4,3,1.0,ABCB1;AGER;AHR;AKT1;ALB;ALOX5;BAX;BCL2;BRCA1;CASP1;CASP3;CASP8;CAT;CCL11;CCL2;CCND1;CD274;CD44;CD86;CDH1;CDKN2A;CFTR;CHRNA7;CXCL8;CYP1A2;CYP2C19;CYP2C9;CYP2D6;CYP3A4;EGFR;FGFR2;GLS;GSTM1;GSTP1;HIF1A;HMOX1;HNF4A;HSD17B10;ICAM1;IFNG;IKBKB;IL10;IL13;IL17A;IL18;IL1A;IL1B;IL2;IL4;IL5;IL6;JAK2;JUN;KDR;KEAP1;LCN2;MAPK1;MAPK3;MIR21;MMP1;MMP2;MMP9;MYC;NFATC1;NFE2L2;NFKB1;NFKBIA;NLRP3;NOS2;NOS3;NR1I2;NR3C1;PIK3CA;POLD1;PPARA;PPARG;PRKCQ;PTEN;PTGS1;PTGS2;RELA;RORC;SIRT1;SLC6A4;SOD2;SRC;STAT1;STAT3;TERT;TGFB1;TJP1;TNF;TP53;TYK2;VCAM1;VEGFA,ABCB1;AGER;AHR;AKT1;ALB;ALOX5;BAX;BCL2;BRCA1;CASP1;CASP3;CASP8;CAT;CCL11;CCL2;CCND1;CD274;CD44;CD86;CDH1;CDKN2A;CFTR;CHRNA7;CXCL8;CYP1A2;CYP2C19;CYP2C9;CYP2D6;CYP3A4;EGFR;FGFR2;GLS;GSTM1;GSTP1;HIF1A;HMOX1;HNF4A;HSD17B10;ICAM1;IFNG;IKBKB;IL10;IL13;IL17A;IL18;IL1A;IL1B;IL2;IL4;IL5;IL6;JAK2;JUN;KDR;KEAP1;LCN2;MAPK1;MAPK3;MIR21;MMP1;MMP2;MMP9;MYC;NFATC1;NFE2L2;NFKB1;NFKBIA;NLRP3;NOS2;NOS3;NR1I2;NR3C1;PIK3CA;POLD1;PPARA;PPARG;PRKCQ;PTEN;PTGS1;PTGS2;RELA;RORC;SIRT1;SLC6A4;SOD2;SRC;STAT1;STAT3;TERT;TGFB1;TJP1;TNF;TP53;TYK2;VCAM1;VEGFA
蒲公英,HERB 2.0 exact match HERB004401,12,37,37,37,37,2,2,1.0,ALB;BAX;BCL2;CASP1;CASP3;CASP8;CCL2;CHRNA7;GLS;HNF4A;IL13;IL1B;IL4;IL5;IL6;JUN;MAPK1;MAPK3;MMP1;MYC;NFKB1;NFKBIA;NOS2;NR3C1;ODC1;PPARG;PTGS1;PTGS2;RELA;RORC;SIRT1;SLC6A4;TCF7L2;TGFB1;TNF;TP53;XIST,ALB;BAX;BCL2;CASP1;CASP3;CASP8;CCL2;CHRNA7;GLS;HNF4A;IL13;IL1B;IL4;IL5;IL6;JUN;MAPK1;MAPK3;MMP1;MYC;NFKB1;NFKBIA;NOS2;NR3C1;ODC1;PPARG;PTGS1;PTGS2;RELA;RORC;SIRT1;SLC6A4;TCF7L2;TGFB1;TNF;TP53;XIST
莲子,ETCM 2.0 exact match LianZi,22,20,20,20,20,2,3,1.0,ABCG2;AHR;ALOX5;APEX1;CASP3;CHRNA7;CYP2C9;CYP3A4;EGFR;GPR35;HIF1A;KDR;MET;MMP9;MPO;NOD2;PLAU;SIRT1;SLC6A4;VEGFA,ABCG2;AHR;ALOX5;APEX1;CASP3;CHRNA7;CYP2C9;CYP3A4;EGFR;GPR35;HIF1A;KDR;MET;MMP9;MPO;NOD2;PLAU;SIRT1;SLC6A4;VEGFA
藿香,ETCM 2.0 exact match HuoXiang,28,27,27,27,27,0,0,1.0,ABCG2;AHR;ALOX5;APEX1;CHRNA7;CYP2C19;CYP2C9;CYP3A4;EGFR;ELANE;GPBAR1;GPR35;GSTM1;KDR;MET;MMP9;MPO;NLRP3;NOS2;PPARG;PTGS2;PTPN2;PTPRC;SI;TERT;TNF;VDR,ABCG2;AHR;ALOX5;APEX1;CHRNA7;CYP2C19;CYP2C9;CYP3A4;EGFR;ELANE;GPBAR1;GPR35;GSTM1;KDR;MET;MMP9;MPO;NLRP3;NOS2;PPARG;PTGS2;PTPN2;PTPRC;SI;TERT;TNF;VDR
