herb_a,herb_b,targets_a,targets_b,union_targets,shared_targets,unique_targets_a,unique_targets_b,eligible_both_herbs_contribute,target_complementarity_score,barrier_targets,barrier_pathways,pathway_synergy_score,safety_score,pair_evidence_score,provisional_total_score,ppi_edges_within_union,cross_herb_ppi_edges,cross_herb_ppi_mean_score,union_gene_symbols,shared_gene_symbols,scope_note,raw_formula_rank,provisional_rank,pair_key,union_breadth_percentile,nonoverlap_ratio,unique_contribution_balance,weaker_side_contribution_percentile,cross_herb_ppi_density,cross_herb_ppi_density_percentile,target_complementarity_score_adjusted,adjusted_interim_total_score,adjusted_interim_rank,source_a,source_b,heterogeneous_source_pair,target_count_ratio_larger_to_smaller,stages_available,mean_rank_percentile_when_available,stability_supported_in_at_least_2_stages
蒲公英,鱼腥草,37,59,77,19,18,40,True,71.0148,5,4,90.0,60.0,0.0,64.4059,719,127,0.8463,ABCG2;AHR;AKT1;ALB;ALOX5;BAX;BCL2;BIRC5;CASP1;CASP3;CASP8;CCL2;CCND1;CD40LG;CDKN1A;CHEK2;CHRNA7;CHUK;CXCL10;CXCL8;CYP1A2;CYP3A4;DUOX2;EGFR;ERBB2;GLS;GSTM1;GSTP1;HIF1A;HMOX1;HNF4A;ICAM1;IFNG;IGF2;IKBKB;IL10;IL13;IL1A;IL1B;IL2;IL4;IL5;IL6;JUN;MAPK1;MAPK3;MMP1;MMP2;MMP3;MMP9;MPO;MYC;NFE2L2;NFKB1;NFKBIA;NOS2;NOS3;NR1I2;NR3C1;ODC1;PLAU;PPARA;PPARG;PTGS1;PTGS2;RB1;RELA;RORC;SIRT1;SLC6A4;STAT1;TCF7L2;TGFB1;TNF;TP53;VCAM1;XIST,BAX;BCL2;CASP3;CASP8;CCL2;IL1B;IL6;MAPK1;MMP1;MYC;NFKBIA;NOS2;ODC1;PPARG;PTGS1;PTGS2;RELA;TNF;TP53,"Disease targets for Ulcerative Colitis; exact medicinal-material matches from TCMSP, HERB 2.0, and ETCM 2.0; provisional because database screening definitions are heterogeneous and safety/pair evidence remain incomplete",34,26,蒲公英＋鱼腥草,0.792453,0.753247,0.45,0.990566,0.176389,0.688679,69.925508,63.970203,1,HERB 2.0 exact match HERB004401,TCMSP exact match,True,1.594595,1,1.0,False
蒲公英,大枣,37,61,78,20,17,41,True,71.1595,5,4,90.0,60.0,0.0,64.4638,716,126,0.8447,ABCG2;AHR;AKT1;ALB;ALOX5;BAX;BCL2;BIRC5;CASP1;CASP3;CASP8;CAT;CCL2;CCND1;CD40LG;CDKN1A;CHEK2;CHRNA7;CHUK;CXCL10;CXCL8;CYP1A2;CYP3A4;DUOX2;EGFR;ERBB2;GLS;GSTM1;GSTP1;HIF1A;HMOX1;HNF4A;ICAM1;IFNG;IGF2;IL10;IL13;IL1A;IL1B;IL2;IL4;IL5;IL6;JUN;KDR;MAPK1;MAPK3;MMP1;MMP2;MMP3;MMP9;MPO;MYC;NFE2L2;NFKB1;NFKBIA;NOS2;NOS3;NR1I2;NR3C1;ODC1;PLAU;PPARA;PPARG;PTGS1;PTGS2;RB1;RELA;RORC;SIRT1;SLC6A4;STAT1;TCF7L2;TGFB1;TNF;TP53;VCAM1;XIST,BAX;BCL2;CASP3;CASP8;CCL2;IL1B;IL6;MAPK1;MMP1;MYC;NFKBIA;NOS2;ODC1;PPARG;PTGS1;PTGS2;RELA;SLC6A4;TNF;TP53,"Disease targets for Ulcerative Colitis; exact medicinal-material matches from TCMSP, HERB 2.0, and ETCM 2.0; provisional because database screening definitions are heterogeneous and safety/pair evidence remain incomplete",33,25,大枣＋蒲公英,0.820755,0.74359,0.414634,0.962264,0.180775,0.783019,69.708013,63.883205,2,HERB 2.0 exact match HERB004401,TCMSP exact match,True,1.648649,1,0.990476,False
蒲公英,栀子,37,60,77,20,17,40,True,70.4953,5,4,90.0,60.0,0.0,64.1981,719,127,0.8463,ABCG2;AHR;AKT1;ALB;ALOX5;BAX;BCL2;BIRC5;CASP1;CASP3;CASP8;CCL2;CCND1;CD40LG;CDKN1A;CHEK2;CHRNA7;CHUK;CXCL10;CXCL8;CYP1A2;CYP3A4;DUOX2;EGFR;ERBB2;GLS;GSTM1;GSTP1;HIF1A;HMOX1;HNF4A;ICAM1;IFNG;IGF2;IKBKB;IL10;IL13;IL1A;IL1B;IL2;IL4;IL5;IL6;JUN;MAPK1;MAPK3;MMP1;MMP2;MMP3;MMP9;MPO;MYC;NFE2L2;NFKB1;NFKBIA;NOS2;NOS3;NR1I2;NR3C1;ODC1;PLAU;PPARA;PPARG;PTGS1;PTGS2;RB1;RELA;RORC;SIRT1;SLC6A4;STAT1;TCF7L2;TGFB1;TNF;TP53;VCAM1;XIST,BAX;BCL2;CASP3;CASP8;CCL2;IL1B;IL6;MAPK1;MMP1;MYC;NFKBIA;NOS2;ODC1;PPARG;PTGS1;PTGS2;RELA;SLC6A4;TNF;TP53,"Disease targets for Ulcerative Colitis; exact medicinal-material matches from TCMSP, HERB 2.0, and ETCM 2.0; provisional because database screening definitions are heterogeneous and safety/pair evidence remain incomplete",41,29,栀子＋蒲公英,0.792453,0.74026,0.425,0.962264,0.186765,0.801887,69.55838,63.823352,3,HERB 2.0 exact match HERB004401,TCMSP exact match,True,1.621622,1,0.980952,False
蒲公英,乌梅,37,61,77,21,16,40,True,69.9759,5,4,90.0,60.0,0.0,63.9903,719,123,0.8477,ABCG2;AHR;AKT1;ALB;ALOX5;BAX;BCL2;BIRC5;CASP1;CASP3;CASP8;CCL2;CCND1;CD40LG;CDKN1A;CHEK2;CHRNA7;CHUK;CXCL10;CXCL8;CYP1A2;CYP3A4;DUOX2;EGFR;ERBB2;GLS;GSTM1;GSTP1;HIF1A;HMOX1;HNF4A;ICAM1;IFNG;IGF2;IKBKB;IL10;IL13;IL1A;IL1B;IL2;IL4;IL5;IL6;JUN;MAPK1;MAPK3;MMP1;MMP2;MMP3;MMP9;MPO;MYC;NFE2L2;NFKB1;NFKBIA;NOS2;NOS3;NR1I2;NR3C1;ODC1;PLAU;PPARA;PPARG;PTGS1;PTGS2;RB1;RELA;RORC;SIRT1;SLC6A4;STAT1;TCF7L2;TGFB1;TNF;TP53;VCAM1;XIST,BAX;BCL2;CASP3;CASP8;CCL2;IL1B;IL6;MAPK1;MMP1;MYC;NFKBIA;NOS2;NR3C1;ODC1;PPARG;PTGS1;PTGS2;RELA;SLC6A4;TNF;TP53,"Disease targets for Ulcerative Colitis; exact medicinal-material matches from TCMSP, HERB 2.0, and ETCM 2.0; provisional because database screening definitions are heterogeneous and safety/pair evidence remain incomplete",43,30,乌梅＋蒲公英,0.792453,0.727273,0.4,0.915094,0.192188,0.811321,67.870497,63.148199,4,HERB 2.0 exact match HERB004401,TCMSP exact match,True,1.648649,1,0.971429,False
蒲公英,金银花,37,63,79,21,16,42,True,71.314,5,4,90.0,60.0,0.0,64.5256,739,119,0.8364,ABCG2;AHR;AKT1;ALB;ALOX5;BAX;BCL2;BIRC5;CASP1;CASP3;CASP8;CCL2;CCND1;CD40LG;CDK4;CDKN1A;CHEK2;CHRNA7;CHUK;CXCL10;CXCL8;CYP1A2;CYP3A4;DUOX2;EGFR;ERBB2;GLS;GSTM1;GSTP1;HIF1A;HMOX1;HNF4A;ICAM1;IFNG;IGF2;IKBKB;IL10;IL13;IL1A;IL1B;IL2;IL4;IL5;IL6;JUN;MAPK1;MAPK3;MET;MMP1;MMP2;MMP3;MMP9;MPO;MYC;NFE2L2;NFKB1;NFKBIA;NOS2;NOS3;NR1I2;NR3C1;ODC1;PLAU;PPARA;PPARG;PTGS1;PTGS2;RB1;RELA;RORC;SIRT1;SLC6A4;STAT1;TCF7L2;TGFB1;TNF;TP53;VCAM1;XIST,BAX;BCL2;CASP3;CASP8;CCL2;IL1B;IL4;IL6;MAPK1;MMP1;MYC;NFKBIA;NOS2;ODC1;PPARG;PTGS1;PTGS2;RELA;SLC6A4;TNF;TP53,"Disease targets for Ulcerative Colitis; exact medicinal-material matches from TCMSP, HERB 2.0, and ETCM 2.0; provisional because database screening definitions are heterogeneous and safety/pair evidence remain incomplete",30,22,蒲公英＋金银花,0.834906,0.734177,0.380952,0.915094,0.177083,0.70283,67.235832,62.894333,5,HERB 2.0 exact match HERB004401,TCMSP exact match,True,1.702703,1,0.961905,False
马齿苋,蒲公英,63,37,79,21,42,16,True,71.314,5,4,90.0,60.0,0.0,64.5256,739,119,0.8364,ABCG2;AHR;AKT1;ALB;ALOX5;BAX;BCL2;BIRC5;CASP1;CASP3;CASP8;CCL2;CCND1;CD40LG;CDK4;CDKN1A;CHEK2;CHRNA7;CHUK;CXCL10;CXCL8;CYP1A2;CYP3A4;DUOX2;EGFR;ERBB2;GLS;GSTM1;GSTP1;HIF1A;HMOX1;HNF4A;ICAM1;IFNG;IGF2;IKBKB;IL10;IL13;IL1A;IL1B;IL2;IL4;IL5;IL6;JUN;MAPK1;MAPK3;MET;MMP1;MMP2;MMP3;MMP9;MPO;MYC;NFE2L2;NFKB1;NFKBIA;NOS2;NOS3;NR1I2;NR3C1;ODC1;PLAU;PPARA;PPARG;PTGS1;PTGS2;RB1;RELA;RORC;SIRT1;SLC6A4;STAT1;TCF7L2;TGFB1;TNF;TP53;VCAM1;XIST,BAX;BCL2;CASP3;CASP8;CCL2;IL1B;IL4;IL6;MAPK1;MMP1;MYC;NFKBIA;NOS2;ODC1;PPARG;PTGS1;PTGS2;RELA;SLC6A4;TNF;TP53,"Disease targets for Ulcerative Colitis; exact medicinal-material matches from TCMSP, HERB 2.0, and ETCM 2.0; provisional because database screening definitions are heterogeneous and safety/pair evidence remain incomplete",31,23,蒲公英＋马齿苋,0.834906,0.734177,0.380952,0.915094,0.177083,0.70283,67.235832,62.894333,6,TCMSP exact match,HERB 2.0 exact match HERB004401,True,1.702703,1,0.952381,False
蒲公英,甘草,37,67,82,22,15,45,True,72.8081,5,4,90.0,60.0,0.0,65.1232,796,120,0.8412,ABCG2;ADIPOQ;AHR;AKT1;ALB;ALOX5;BAX;BCL2;BIRC5;CASP1;CASP3;CASP8;CAT;CCL2;CCND1;CD40LG;CDK4;CDKN1A;CHEK2;CHRNA7;CHUK;CXCL10;CXCL8;CYP1A2;CYP3A4;DUOX2;EGFR;ERBB2;GLS;GSTM1;GSTP1;HIF1A;HMOX1;HNF4A;ICAM1;IFNG;IGF2;IKBKB;IL10;IL13;IL1A;IL1B;IL2;IL4;IL5;IL6;JUN;KDR;MAPK1;MAPK3;MMP1;MMP2;MMP3;MMP9;MPO;MYC;NFE2L2;NFKB1;NFKBIA;NOS2;NOS3;NR1I2;NR3C1;ODC1;PLAU;PPARA;PPARG;PTGS1;PTGS2;RB1;RELA;RORC;SIRT1;SLC6A4;STAT1;STAT3;TCF7L2;TGFB1;TNF;TP53;VCAM1;XIST,BAX;BCL2;CASP3;CASP8;CCL2;IL1B;IL4;IL6;MAPK1;MAPK3;MMP1;MYC;NFKBIA;NOS2;ODC1;PPARG;PTGS1;PTGS2;RELA;SLC6A4;TNF;TP53,"Disease targets for Ulcerative Colitis; exact medicinal-material matches from TCMSP, HERB 2.0, and ETCM 2.0; provisional because database screening definitions are heterogeneous and safety/pair evidence remain incomplete",22,16,甘草＋蒲公英,0.858491,0.731707,0.333333,0.853774,0.177778,0.716981,65.438909,62.175564,7,HERB 2.0 exact match HERB004401,TCMSP exact match,True,1.810811,1,0.942857,False
莲子,陈皮,20,18,36,2,18,16,True,56.8928,3,4,76.0,60.0,0.0,54.5571,107,34,0.8879,ABCG2;ADIPOQ;AHR;AKT1;ALOX5;APEX1;BAX;BCL2;CASP3;CAT;CHRNA7;CYP2C9;CYP3A4;EGFR;GPR35;GSTP1;HIF1A;KDR;MAPK1;MAPK3;MET;MMP9;MPO;NOD2;NOS2;PLAU;PPARA;PPARG;PTGS1;PTGS2;RELA;SIRT1;SLC6A4;TIMP1;TP53;VEGFA,CASP3;MMP9,"Disease targets for Ulcerative Colitis; exact medicinal-material matches from TCMSP, HERB 2.0, and ETCM 2.0; provisional because database screening definitions are heterogeneous and safety/pair evidence remain incomplete",106,55,莲子＋陈皮,0.301887,0.944444,0.888889,0.915094,0.118056,0.471698,74.75891,61.703564,8,ETCM 2.0 exact match LianZi,TCMSP exact match,True,1.111111,1,0.933333,False
蒲公英,莲子,37,20,53,4,33,16,True,65.1227,4,4,83.0,60.0,0.0,59.9491,318,84,0.8383,ABCG2;AHR;ALB;ALOX5;APEX1;BAX;BCL2;CASP1;CASP3;CASP8;CCL2;CHRNA7;CYP2C9;CYP3A4;EGFR;GLS;GPR35;HIF1A;HNF4A;IL13;IL1B;IL4;IL5;IL6;JUN;KDR;MAPK1;MAPK3;MET;MMP1;MMP9;MPO;MYC;NFKB1;NFKBIA;NOD2;NOS2;NR3C1;ODC1;PLAU;PPARG;PTGS1;PTGS2;RELA;RORC;SIRT1;SLC6A4;TCF7L2;TGFB1;TNF;TP53;VEGFA;XIST,CASP3;CHRNA7;SIRT1;SLC6A4,"Disease targets for Ulcerative Colitis; exact medicinal-material matches from TCMSP, HERB 2.0, and ETCM 2.0; provisional because database screening definitions are heterogeneous and safety/pair evidence remain incomplete",91,40,莲子＋蒲公英,0.40566,0.924528,0.484848,0.915094,0.159091,0.584906,65.347341,60.038937,9,HERB 2.0 exact match HERB004401,ETCM 2.0 exact match LianZi,True,1.85,1,0.92381,False
金银花,槐米,63,96,113,46,17,50,True,83.7168,5,4,85.0,60.0,0.0,67.9867,1213,82,0.8346,ABCB1;ABCG2;AGER;AHR;AKT1;ALB;ALOX5;BAX;BCL2;BIRC5;BRCA1;CASP1;CASP3;CASP8;CAT;CCL11;CCL2;CCND1;CD274;CD40LG;CD44;CD86;CDH1;CDK4;CDKN1A;CDKN2A;CFTR;CHEK2;CHRNA7;CHUK;CXCL10;CXCL8;CYP1A2;CYP2C19;CYP2C9;CYP2D6;CYP3A4;DUOX2;EGFR;ERBB2;FGFR2;GLS;GSTM1;GSTP1;HIF1A;HMOX1;HNF4A;HSD17B10;ICAM1;IFNG;IGF2;IKBKB;IL10;IL13;IL17A;IL18;IL1A;IL1B;IL2;IL4;IL5;IL6;JAK2;JUN;KDR;KEAP1;LCN2;MAPK1;MAPK3;MET;MIR21;MMP1;MMP2;MMP3;MMP9;MPO;MYC;NFATC1;NFE2L2;NFKB1;NFKBIA;NLRP3;NOS2;NOS3;NR1I2;NR3C1;ODC1;PIK3CA;PLAU;POLD1;PPARA;PPARG;PRKCQ;PTEN;PTGS1;PTGS2;RB1;RELA;RORC;SIRT1;SLC6A4;SOD2;SRC;STAT1;STAT3;TERT;TGFB1;TJP1;TNF;TP53;TYK2;VCAM1;VEGFA,AHR;AKT1;ALOX5;BAX;BCL2;CASP3;CASP8;CCL2;CCND1;CXCL8;CYP1A2;CYP3A4;EGFR;GSTM1;GSTP1;HIF1A;HMOX1;ICAM1;IFNG;IKBKB;IL10;IL1A;IL1B;IL2;IL4;IL6;MAPK1;MMP1;MMP2;MMP9;MYC;NFE2L2;NFKBIA;NOS2;NOS3;NR1I2;PPARA;PPARG;PTGS1;PTGS2;RELA;SLC6A4;STAT1;TNF;TP53;VCAM1,"Disease targets for Ulcerative Colitis; exact medicinal-material matches from TCMSP, HERB 2.0, and ETCM 2.0; provisional because database screening definitions are heterogeneous and safety/pair evidence remain incomplete",12,8,槐米＋金银花,0.990566,0.59292,0.34,0.962264,0.096471,0.334906,62.617348,59.546939,10,TCMSP exact match,HERB 2.0 exact match HERB002472,True,1.52381,1,0.914286,False
马齿苋,槐米,63,96,113,46,17,50,True,83.7168,5,4,85.0,60.0,0.0,67.9867,1213,82,0.8346,ABCB1;ABCG2;AGER;AHR;AKT1;ALB;ALOX5;BAX;BCL2;BIRC5;BRCA1;CASP1;CASP3;CASP8;CAT;CCL11;CCL2;CCND1;CD274;CD40LG;CD44;CD86;CDH1;CDK4;CDKN1A;CDKN2A;CFTR;CHEK2;CHRNA7;CHUK;CXCL10;CXCL8;CYP1A2;CYP2C19;CYP2C9;CYP2D6;CYP3A4;DUOX2;EGFR;ERBB2;FGFR2;GLS;GSTM1;GSTP1;HIF1A;HMOX1;HNF4A;HSD17B10;ICAM1;IFNG;IGF2;IKBKB;IL10;IL13;IL17A;IL18;IL1A;IL1B;IL2;IL4;IL5;IL6;JAK2;JUN;KDR;KEAP1;LCN2;MAPK1;MAPK3;MET;MIR21;MMP1;MMP2;MMP3;MMP9;MPO;MYC;NFATC1;NFE2L2;NFKB1;NFKBIA;NLRP3;NOS2;NOS3;NR1I2;NR3C1;ODC1;PIK3CA;PLAU;POLD1;PPARA;PPARG;PRKCQ;PTEN;PTGS1;PTGS2;RB1;RELA;RORC;SIRT1;SLC6A4;SOD2;SRC;STAT1;STAT3;TERT;TGFB1;TJP1;TNF;TP53;TYK2;VCAM1;VEGFA,AHR;AKT1;ALOX5;BAX;BCL2;CASP3;CASP8;CCL2;CCND1;CXCL8;CYP1A2;CYP3A4;EGFR;GSTM1;GSTP1;HIF1A;HMOX1;ICAM1;IFNG;IKBKB;IL10;IL1A;IL1B;IL2;IL4;IL6;MAPK1;MMP1;MMP2;MMP9;MYC;NFE2L2;NFKBIA;NOS2;NOS3;NR1I2;PPARA;PPARG;PTGS1;PTGS2;RELA;SLC6A4;STAT1;TNF;TP53;VCAM1,"Disease targets for Ulcerative Colitis; exact medicinal-material matches from TCMSP, HERB 2.0, and ETCM 2.0; provisional because database screening definitions are heterogeneous and safety/pair evidence remain incomplete",13,9,槐米＋马齿苋,0.990566,0.59292,0.34,0.962264,0.096471,0.334906,62.617348,59.546939,11,TCMSP exact match,HERB 2.0 exact match HERB002472,True,1.52381,1,0.904762,False
藿香,乌梅,27,61,76,12,15,49,True,74.0382,4,4,88.0,60.0,0.0,65.0153,552,49,0.8289,ABCG2;AHR;AKT1;ALOX5;APEX1;BAX;BCL2;BIRC5;CASP3;CASP8;CCL2;CCND1;CD40LG;CDKN1A;CHEK2;CHRNA7;CHUK;CXCL10;CXCL8;CYP1A2;CYP2C19;CYP2C9;CYP3A4;DUOX2;EGFR;ELANE;ERBB2;GPBAR1;GPR35;GSTM1;GSTP1;HIF1A;HMOX1;ICAM1;IFNG;IGF2;IKBKB;IL10;IL1A;IL1B;IL2;IL6;KDR;MAPK1;MET;MMP1;MMP2;MMP3;MMP9;MPO;MYC;NFE2L2;NFKBIA;NLRP3;NOS2;NOS3;NR1I2;NR3C1;ODC1;PLAU;PPARA;PPARG;PTGS1;PTGS2;PTPN2;PTPRC;RB1;RELA;SI;SLC6A4;STAT1;TERT;TNF;TP53;VCAM1;VDR,ABCG2;AHR;ALOX5;CYP3A4;EGFR;GSTM1;MMP9;MPO;NOS2;PPARG;PTGS2;TNF,"Disease targets for Ulcerative Colitis; exact medicinal-material matches from TCMSP, HERB 2.0, and ETCM 2.0; provisional because database screening definitions are heterogeneous and safety/pair evidence remain incomplete",25,19,乌梅＋藿香,0.764151,0.842105,0.306122,0.853774,0.066667,0.160377,59.929701,59.371881,12,ETCM 2.0 exact match HuoXiang,TCMSP exact match,True,2.259259,1,0.895238,False
栀子,藿香,60,27,75,12,48,15,True,73.423,4,4,88.0,60.0,0.0,64.7692,544,49,0.8289,ABCG2;AHR;AKT1;ALOX5;APEX1;BAX;BCL2;BIRC5;CASP3;CASP8;CCL2;CCND1;CD40LG;CDKN1A;CHEK2;CHRNA7;CHUK;CXCL10;CXCL8;CYP1A2;CYP2C19;CYP2C9;CYP3A4;DUOX2;EGFR;ELANE;ERBB2;GPBAR1;GPR35;GSTM1;GSTP1;HIF1A;HMOX1;ICAM1;IFNG;IGF2;IKBKB;IL10;IL1A;IL1B;IL2;IL6;KDR;MAPK1;MET;MMP1;MMP2;MMP3;MMP9;MPO;MYC;NFE2L2;NFKBIA;NLRP3;NOS2;NOS3;NR1I2;ODC1;PLAU;PPARA;PPARG;PTGS1;PTGS2;PTPN2;PTPRC;RB1;RELA;SI;SLC6A4;STAT1;TERT;TNF;TP53;VCAM1;VDR,ABCG2;AHR;ALOX5;CYP3A4;EGFR;GSTM1;MMP9;MPO;NOS2;PPARG;PTGS2;TNF,"Disease targets for Ulcerative Colitis; exact medicinal-material matches from TCMSP, HERB 2.0, and ETCM 2.0; provisional because database screening definitions are heterogeneous and safety/pair evidence remain incomplete",28,20,栀子＋藿香,0.745283,0.84,0.3125,0.853774,0.068056,0.169811,59.785377,59.314151,13,TCMSP exact match,ETCM 2.0 exact match HuoXiang,True,2.222222,1,0.885714,False
鱼腥草,藿香,59,27,74,12,47,15,True,72.8055,4,4,88.0,60.0,0.0,64.5222,544,49,0.8289,ABCG2;AHR;AKT1;ALOX5;APEX1;BAX;BCL2;BIRC5;CASP3;CASP8;CCL2;CCND1;CD40LG;CDKN1A;CHEK2;CHRNA7;CHUK;CXCL10;CXCL8;CYP1A2;CYP2C19;CYP2C9;CYP3A4;DUOX2;EGFR;ELANE;ERBB2;GPBAR1;GPR35;GSTM1;GSTP1;HIF1A;HMOX1;ICAM1;IFNG;IGF2;IKBKB;IL10;IL1A;IL1B;IL2;IL6;KDR;MAPK1;MET;MMP1;MMP2;MMP3;MMP9;MPO;MYC;NFE2L2;NFKBIA;NLRP3;NOS2;NOS3;NR1I2;ODC1;PLAU;PPARA;PPARG;PTGS1;PTGS2;PTPN2;PTPRC;RB1;RELA;SI;STAT1;TERT;TNF;TP53;VCAM1;VDR,ABCG2;AHR;ALOX5;CYP3A4;EGFR;GSTM1;MMP9;MPO;NOS2;PPARG;PTGS2;TNF,"Disease targets for Ulcerative Colitis; exact medicinal-material matches from TCMSP, HERB 2.0, and ETCM 2.0; provisional because database screening definitions are heterogeneous and safety/pair evidence remain incomplete",32,24,藿香＋鱼腥草,0.726415,0.837838,0.319149,0.853774,0.069504,0.179245,59.647773,59.259109,14,TCMSP exact match,ETCM 2.0 exact match HuoXiang,True,2.185185,1,0.87619,False
槐米,甘草,96,67,113,50,46,17,True,82.3009,5,4,85.0,60.0,0.0,67.4204,1204,68,0.8228,ABCB1;ABCG2;ADIPOQ;AGER;AHR;AKT1;ALB;ALOX5;BAX;BCL2;BIRC5;BRCA1;CASP1;CASP3;CASP8;CAT;CCL11;CCL2;CCND1;CD274;CD40LG;CD44;CD86;CDH1;CDK4;CDKN1A;CDKN2A;CFTR;CHEK2;CHRNA7;CHUK;CXCL10;CXCL8;CYP1A2;CYP2C19;CYP2C9;CYP2D6;CYP3A4;DUOX2;EGFR;ERBB2;FGFR2;GLS;GSTM1;GSTP1;HIF1A;HMOX1;HNF4A;HSD17B10;ICAM1;IFNG;IGF2;IKBKB;IL10;IL13;IL17A;IL18;IL1A;IL1B;IL2;IL4;IL5;IL6;JAK2;JUN;KDR;KEAP1;LCN2;MAPK1;MAPK3;MIR21;MMP1;MMP2;MMP3;MMP9;MPO;MYC;NFATC1;NFE2L2;NFKB1;NFKBIA;NLRP3;NOS2;NOS3;NR1I2;NR3C1;ODC1;PIK3CA;PLAU;POLD1;PPARA;PPARG;PRKCQ;PTEN;PTGS1;PTGS2;RB1;RELA;RORC;SIRT1;SLC6A4;SOD2;SRC;STAT1;STAT3;TERT;TGFB1;TJP1;TNF;TP53;TYK2;VCAM1;VEGFA,AHR;AKT1;ALOX5;BAX;BCL2;CASP3;CASP8;CAT;CCL2;CCND1;CXCL8;CYP1A2;CYP3A4;EGFR;GSTM1;GSTP1;HIF1A;HMOX1;ICAM1;IFNG;IKBKB;IL10;IL1A;IL1B;IL2;IL4;IL6;KDR;MAPK1;MAPK3;MMP1;MMP2;MMP9;MYC;NFE2L2;NFKBIA;NOS2;NOS3;NR1I2;PPARA;PPARG;PTGS1;PTGS2;RELA;SLC6A4;STAT1;STAT3;TNF;TP53;VCAM1,"Disease targets for Ulcerative Colitis; exact medicinal-material matches from TCMSP, HERB 2.0, and ETCM 2.0; provisional because database screening definitions are heterogeneous and safety/pair evidence remain incomplete",18,14,槐米＋甘草,0.990566,0.557522,0.369565,0.962264,0.086957,0.226415,61.534444,59.113777,15,HERB 2.0 exact match HERB002472,TCMSP exact match,True,1.432836,1,0.866667,False
藿香,甘草,27,67,81,13,14,54,True,76.5891,4,4,88.0,60.0,0.0,66.0356,641,46,0.844,ABCG2;ADIPOQ;AHR;AKT1;ALOX5;APEX1;BAX;BCL2;BIRC5;CASP3;CASP8;CAT;CCL2;CCND1;CD40LG;CDK4;CDKN1A;CHEK2;CHRNA7;CHUK;CXCL10;CXCL8;CYP1A2;CYP2C19;CYP2C9;CYP3A4;DUOX2;EGFR;ELANE;ERBB2;GPBAR1;GPR35;GSTM1;GSTP1;HIF1A;HMOX1;ICAM1;IFNG;IGF2;IKBKB;IL10;IL1A;IL1B;IL2;IL4;IL6;KDR;MAPK1;MAPK3;MET;MMP1;MMP2;MMP3;MMP9;MPO;MYC;NFE2L2;NFKBIA;NLRP3;NOS2;NOS3;NR1I2;ODC1;PLAU;PPARA;PPARG;PTGS1;PTGS2;PTPN2;PTPRC;RB1;RELA;SI;SLC6A4;STAT1;STAT3;TERT;TNF;TP53;VCAM1;VDR,ABCG2;AHR;ALOX5;CYP3A4;EGFR;GSTM1;KDR;MMP9;MPO;NOS2;PPARG;PTGS2;TNF,"Disease targets for Ulcerative Colitis; exact medicinal-material matches from TCMSP, HERB 2.0, and ETCM 2.0; provisional because database screening definitions are heterogeneous and safety/pair evidence remain incomplete",19,15,甘草＋藿香,0.849057,0.839506,0.259259,0.792453,0.060847,0.103774,58.671092,58.868437,16,ETCM 2.0 exact match HuoXiang,TCMSP exact match,True,2.481481,1,0.857143,False
金银花,藿香,63,27,77,13,50,14,True,74.1317,4,4,88.0,60.0,0.0,65.0527,571,44,0.8338,ABCG2;AHR;AKT1;ALOX5;APEX1;BAX;BCL2;BIRC5;CASP3;CASP8;CCL2;CCND1;CD40LG;CDK4;CDKN1A;CHEK2;CHRNA7;CHUK;CXCL10;CXCL8;CYP1A2;CYP2C19;CYP2C9;CYP3A4;DUOX2;EGFR;ELANE;ERBB2;GPBAR1;GPR35;GSTM1;GSTP1;HIF1A;HMOX1;ICAM1;IFNG;IGF2;IKBKB;IL10;IL1A;IL1B;IL2;IL4;IL6;KDR;MAPK1;MET;MMP1;MMP2;MMP3;MMP9;MPO;MYC;NFE2L2;NFKBIA;NLRP3;NOS2;NOS3;NR1I2;ODC1;PLAU;PPARA;PPARG;PTGS1;PTGS2;PTPN2;PTPRC;RB1;RELA;SI;SLC6A4;STAT1;TERT;TNF;TP53;VCAM1;VDR,ABCG2;AHR;ALOX5;CYP3A4;EGFR;GSTM1;MET;MMP9;MPO;NOS2;PPARG;PTGS2;TNF,"Disease targets for Ulcerative Colitis; exact medicinal-material matches from TCMSP, HERB 2.0, and ETCM 2.0; provisional because database screening definitions are heterogeneous and safety/pair evidence remain incomplete",23,17,藿香＋金银花,0.792453,0.831169,0.28,0.792453,0.062857,0.136792,58.282994,58.713198,17,TCMSP exact match,ETCM 2.0 exact match HuoXiang,True,2.333333,1,0.847619,False
马齿苋,藿香,63,27,77,13,50,14,True,74.1317,4,4,88.0,60.0,0.0,65.0527,571,44,0.8338,ABCG2;AHR;AKT1;ALOX5;APEX1;BAX;BCL2;BIRC5;CASP3;CASP8;CCL2;CCND1;CD40LG;CDK4;CDKN1A;CHEK2;CHRNA7;CHUK;CXCL10;CXCL8;CYP1A2;CYP2C19;CYP2C9;CYP3A4;DUOX2;EGFR;ELANE;ERBB2;GPBAR1;GPR35;GSTM1;GSTP1;HIF1A;HMOX1;ICAM1;IFNG;IGF2;IKBKB;IL10;IL1A;IL1B;IL2;IL4;IL6;KDR;MAPK1;MET;MMP1;MMP2;MMP3;MMP9;MPO;MYC;NFE2L2;NFKBIA;NLRP3;NOS2;NOS3;NR1I2;ODC1;PLAU;PPARA;PPARG;PTGS1;PTGS2;PTPN2;PTPRC;RB1;RELA;SI;SLC6A4;STAT1;TERT;TNF;TP53;VCAM1;VDR,ABCG2;AHR;ALOX5;CYP3A4;EGFR;GSTM1;MET;MMP9;MPO;NOS2;PPARG;PTGS2;TNF,"Disease targets for Ulcerative Colitis; exact medicinal-material matches from TCMSP, HERB 2.0, and ETCM 2.0; provisional because database screening definitions are heterogeneous and safety/pair evidence remain incomplete",24,18,藿香＋马齿苋,0.792453,0.831169,0.28,0.792453,0.062857,0.136792,58.282994,58.713198,18,TCMSP exact match,ETCM 2.0 exact match HuoXiang,True,2.333333,1,0.838095,False
藿香,大枣,27,61,75,13,14,48,True,72.8897,4,4,88.0,60.0,0.0,64.5559,532,41,0.8438,ABCG2;AHR;AKT1;ALOX5;APEX1;BAX;BCL2;BIRC5;CASP3;CASP8;CAT;CCL2;CCND1;CD40LG;CDKN1A;CHEK2;CHRNA7;CHUK;CXCL10;CXCL8;CYP1A2;CYP2C19;CYP2C9;CYP3A4;DUOX2;EGFR;ELANE;ERBB2;GPBAR1;GPR35;GSTM1;GSTP1;HIF1A;HMOX1;ICAM1;IFNG;IGF2;IL10;IL1A;IL1B;IL2;IL6;KDR;MAPK1;MET;MMP1;MMP2;MMP3;MMP9;MPO;MYC;NFE2L2;NFKBIA;NLRP3;NOS2;NOS3;NR1I2;ODC1;PLAU;PPARA;PPARG;PTGS1;PTGS2;PTPN2;PTPRC;RB1;RELA;SI;SLC6A4;STAT1;TERT;TNF;TP53;VCAM1;VDR,ABCG2;AHR;ALOX5;CYP3A4;EGFR;GSTM1;KDR;MMP9;MPO;NOS2;PPARG;PTGS2;TNF,"Disease targets for Ulcerative Colitis; exact medicinal-material matches from TCMSP, HERB 2.0, and ETCM 2.0; provisional because database screening definitions are heterogeneous and safety/pair evidence remain incomplete",29,21,大枣＋藿香,0.745283,0.826667,0.291667,0.792453,0.061012,0.113208,57.341195,58.336478,19,ETCM 2.0 exact match HuoXiang,TCMSP exact match,True,2.259259,1,0.828571,False
槐米,薏苡仁,96,3,97,2,94,1,True,90.6797,5,4,100.0,60.0,0.0,75.2719,1014,9,0.7709,ABCB1;AGER;AHR;AKT1;ALB;ALOX5;BAX;BCL2;BRCA1;CASP1;CASP3;CASP8;CAT;CCL11;CCL2;CCND1;CD274;CD44;CD86;CDH1;CDKN2A;CFTR;CHRNA7;CXCL8;CYP1A2;CYP2C19;CYP2C9;CYP2D6;CYP3A4;EGFR;FGFR2;GLS;GSTM1;GSTP1;HIF1A;HMOX1;HNF4A;HSD17B10;ICAM1;IFNG;IKBKB;IL10;IL13;IL17A;IL18;IL1A;IL1B;IL2;IL4;IL5;IL6;JAK2;JUN;KDR;KEAP1;LCN2;MAPK1;MAPK3;MIR21;MMP1;MMP2;MMP9;MYC;NFATC1;NFE2L2;NFKB1;NFKBIA;NLRP3;NOS2;NOS3;NR1I2;NR3C1;PIK3CA;PLAU;POLD1;PPARA;PPARG;PRKCQ;PTEN;PTGS1;PTGS2;RELA;RORC;SIRT1;SLC6A4;SOD2;SRC;STAT1;STAT3;TERT;TGFB1;TJP1;TNF;TP53;TYK2;VCAM1;VEGFA,PTGS1;PTGS2,"Disease targets for Ulcerative Colitis; exact medicinal-material matches from TCMSP, HERB 2.0, and ETCM 2.0; provisional because database screening definitions are heterogeneous and safety/pair evidence remain incomplete",1,1,槐米＋薏苡仁,0.877358,0.979381,0.010638,0.099057,0.095745,0.292453,46.761232,57.704493,20,HERB 2.0 exact match HERB002472,TCMSP exact match,True,32.0,1,0.819048,False
槐米,乌梅,96,61,111,46,50,15,True,82.3615,5,4,85.0,60.0,0.0,67.4446,1178,66,0.8311,ABCB1;ABCG2;AGER;AHR;AKT1;ALB;ALOX5;BAX;BCL2;BIRC5;BRCA1;CASP1;CASP3;CASP8;CAT;CCL11;CCL2;CCND1;CD274;CD40LG;CD44;CD86;CDH1;CDKN1A;CDKN2A;CFTR;CHEK2;CHRNA7;CHUK;CXCL10;CXCL8;CYP1A2;CYP2C19;CYP2C9;CYP2D6;CYP3A4;DUOX2;EGFR;ERBB2;FGFR2;GLS;GSTM1;GSTP1;HIF1A;HMOX1;HNF4A;HSD17B10;ICAM1;IFNG;IGF2;IKBKB;IL10;IL13;IL17A;IL18;IL1A;IL1B;IL2;IL4;IL5;IL6;JAK2;JUN;KDR;KEAP1;LCN2;MAPK1;MAPK3;MIR21;MMP1;MMP2;MMP3;MMP9;MPO;MYC;NFATC1;NFE2L2;NFKB1;NFKBIA;NLRP3;NOS2;NOS3;NR1I2;NR3C1;ODC1;PIK3CA;PLAU;POLD1;PPARA;PPARG;PRKCQ;PTEN;PTGS1;PTGS2;RB1;RELA;RORC;SIRT1;SLC6A4;SOD2;SRC;STAT1;STAT3;TERT;TGFB1;TJP1;TNF;TP53;TYK2;VCAM1;VEGFA,AHR;AKT1;ALOX5;BAX;BCL2;CASP3;CASP8;CCL2;CCND1;CXCL8;CYP1A2;CYP3A4;EGFR;GSTM1;GSTP1;HIF1A;HMOX1;ICAM1;IFNG;IKBKB;IL10;IL1A;IL1B;IL2;IL6;MAPK1;MMP1;MMP2;MMP9;MYC;NFE2L2;NFKBIA;NOS2;NOS3;NR1I2;NR3C1;PPARA;PPARG;PTGS1;PTGS2;RELA;SLC6A4;STAT1;TNF;TP53;VCAM1,"Disease targets for Ulcerative Colitis; exact medicinal-material matches from TCMSP, HERB 2.0, and ETCM 2.0; provisional because database screening definitions are heterogeneous and safety/pair evidence remain incomplete",16,12,乌梅＋槐米,0.957547,0.585586,0.3,0.853774,0.088,0.240566,58.002847,57.701139,21,HERB 2.0 exact match HERB002472,TCMSP exact match,True,1.57377,1,0.809524,False
槐米,大枣,96,61,111,46,50,15,True,82.3615,5,4,85.0,60.0,0.0,67.4446,1178,66,0.8332,ABCB1;ABCG2;AGER;AHR;AKT1;ALB;ALOX5;BAX;BCL2;BIRC5;BRCA1;CASP1;CASP3;CASP8;CAT;CCL11;CCL2;CCND1;CD274;CD40LG;CD44;CD86;CDH1;CDKN1A;CDKN2A;CFTR;CHEK2;CHRNA7;CHUK;CXCL10;CXCL8;CYP1A2;CYP2C19;CYP2C9;CYP2D6;CYP3A4;DUOX2;EGFR;ERBB2;FGFR2;GLS;GSTM1;GSTP1;HIF1A;HMOX1;HNF4A;HSD17B10;ICAM1;IFNG;IGF2;IKBKB;IL10;IL13;IL17A;IL18;IL1A;IL1B;IL2;IL4;IL5;IL6;JAK2;JUN;KDR;KEAP1;LCN2;MAPK1;MAPK3;MIR21;MMP1;MMP2;MMP3;MMP9;MPO;MYC;NFATC1;NFE2L2;NFKB1;NFKBIA;NLRP3;NOS2;NOS3;NR1I2;NR3C1;ODC1;PIK3CA;PLAU;POLD1;PPARA;PPARG;PRKCQ;PTEN;PTGS1;PTGS2;RB1;RELA;RORC;SIRT1;SLC6A4;SOD2;SRC;STAT1;STAT3;TERT;TGFB1;TJP1;TNF;TP53;TYK2;VCAM1;VEGFA,AHR;AKT1;ALOX5;BAX;BCL2;CASP3;CASP8;CAT;CCL2;CCND1;CXCL8;CYP1A2;CYP3A4;EGFR;GSTM1;GSTP1;HIF1A;HMOX1;ICAM1;IFNG;IL10;IL1A;IL1B;IL2;IL6;KDR;MAPK1;MMP1;MMP2;MMP9;MYC;NFE2L2;NFKBIA;NOS2;NOS3;NR1I2;PPARA;PPARG;PTGS1;PTGS2;RELA;SLC6A4;STAT1;TNF;TP53;VCAM1,"Disease targets for Ulcerative Colitis; exact medicinal-material matches from TCMSP, HERB 2.0, and ETCM 2.0; provisional because database screening definitions are heterogeneous and safety/pair evidence remain incomplete",17,13,大枣＋槐米,0.957547,0.585586,0.3,0.853774,0.088,0.240566,58.002847,57.701139,22,HERB 2.0 exact match HERB002472,TCMSP exact match,True,1.57377,1,0.8,False
槐米,生姜,96,8,97,7,89,1,True,88.6178,5,4,100.0,60.0,0.0,74.4471,1014,9,0.7709,ABCB1;AGER;AHR;AKT1;ALB;ALOX5;BAX;BCL2;BRCA1;CASP1;CASP3;CASP8;CAT;CCL11;CCL2;CCND1;CD274;CD44;CD86;CDH1;CDKN2A;CFTR;CHRNA7;CXCL8;CYP1A2;CYP2C19;CYP2C9;CYP2D6;CYP3A4;EGFR;FGFR2;GLS;GSTM1;GSTP1;HIF1A;HMOX1;HNF4A;HSD17B10;ICAM1;IFNG;IKBKB;IL10;IL13;IL17A;IL18;IL1A;IL1B;IL2;IL4;IL5;IL6;JAK2;JUN;KDR;KEAP1;LCN2;MAPK1;MAPK3;MIR21;MMP1;MMP2;MMP9;MYC;NFATC1;NFE2L2;NFKB1;NFKBIA;NLRP3;NOS2;NOS3;NR1I2;NR3C1;PIK3CA;PLAU;POLD1;PPARA;PPARG;PRKCQ;PTEN;PTGS1;PTGS2;RELA;RORC;SIRT1;SLC6A4;SOD2;SRC;STAT1;STAT3;TERT;TGFB1;TJP1;TNF;TP53;TYK2;VCAM1;VEGFA,BAX;BCL2;CASP3;CASP8;PTGS1;PTGS2;SLC6A4,"Disease targets for Ulcerative Colitis; exact medicinal-material matches from TCMSP, HERB 2.0, and ETCM 2.0; provisional because database screening definitions are heterogeneous and safety/pair evidence remain incomplete",2,2,槐米＋生姜,0.877358,0.927835,0.011236,0.099057,0.101124,0.400943,46.575408,57.630163,23,HERB 2.0 exact match HERB002472,TCMSP exact match,True,12.0,1,0.790476,False
槐米,砂仁,96,8,97,7,89,1,True,88.6178,5,4,100.0,60.0,0.0,74.4471,1014,9,0.7709,ABCB1;AGER;AHR;AKT1;ALB;ALOX5;BAX;BCL2;BRCA1;CASP1;CASP3;CASP8;CAT;CCL11;CCL2;CCND1;CD274;CD44;CD86;CDH1;CDKN2A;CFTR;CHRNA7;CXCL8;CYP1A2;CYP2C19;CYP2C9;CYP2D6;CYP3A4;EGFR;FGFR2;GLS;GSTM1;GSTP1;HIF1A;HMOX1;HNF4A;HSD17B10;ICAM1;IFNG;IKBKB;IL10;IL13;IL17A;IL18;IL1A;IL1B;IL2;IL4;IL5;IL6;JAK2;JUN;KDR;KEAP1;LCN2;MAPK1;MAPK3;MIR21;MMP1;MMP2;MMP9;MYC;NFATC1;NFE2L2;NFKB1;NFKBIA;NLRP3;NOS2;NOS3;NR1I2;NR3C1;PIK3CA;PLAU;POLD1;PPARA;PPARG;PRKCQ;PTEN;PTGS1;PTGS2;RELA;RORC;SIRT1;SLC6A4;SOD2;SRC;STAT1;STAT3;TERT;TGFB1;TJP1;TNF;TP53;TYK2;VCAM1;VEGFA,BAX;BCL2;CASP3;CASP8;PTGS1;PTGS2;SLC6A4,"Disease targets for Ulcerative Colitis; exact medicinal-material matches from TCMSP, HERB 2.0, and ETCM 2.0; provisional because database screening definitions are heterogeneous and safety/pair evidence remain incomplete",3,3,槐米＋砂仁,0.877358,0.927835,0.011236,0.099057,0.101124,0.400943,46.575408,57.630163,24,HERB 2.0 exact match HERB002472,TCMSP exact match,True,12.0,1,0.780952,False
栀子,槐米,60,96,111,45,15,51,True,82.7218,5,4,85.0,60.0,0.0,67.5887,1178,66,0.8311,ABCB1;ABCG2;AGER;AHR;AKT1;ALB;ALOX5;BAX;BCL2;BIRC5;BRCA1;CASP1;CASP3;CASP8;CAT;CCL11;CCL2;CCND1;CD274;CD40LG;CD44;CD86;CDH1;CDKN1A;CDKN2A;CFTR;CHEK2;CHRNA7;CHUK;CXCL10;CXCL8;CYP1A2;CYP2C19;CYP2C9;CYP2D6;CYP3A4;DUOX2;EGFR;ERBB2;FGFR2;GLS;GSTM1;GSTP1;HIF1A;HMOX1;HNF4A;HSD17B10;ICAM1;IFNG;IGF2;IKBKB;IL10;IL13;IL17A;IL18;IL1A;IL1B;IL2;IL4;IL5;IL6;JAK2;JUN;KDR;KEAP1;LCN2;MAPK1;MAPK3;MIR21;MMP1;MMP2;MMP3;MMP9;MPO;MYC;NFATC1;NFE2L2;NFKB1;NFKBIA;NLRP3;NOS2;NOS3;NR1I2;NR3C1;ODC1;PIK3CA;PLAU;POLD1;PPARA;PPARG;PRKCQ;PTEN;PTGS1;PTGS2;RB1;RELA;RORC;SIRT1;SLC6A4;SOD2;SRC;STAT1;STAT3;TERT;TGFB1;TJP1;TNF;TP53;TYK2;VCAM1;VEGFA,AHR;AKT1;ALOX5;BAX;BCL2;CASP3;CASP8;CCL2;CCND1;CXCL8;CYP1A2;CYP3A4;EGFR;GSTM1;GSTP1;HIF1A;HMOX1;ICAM1;IFNG;IKBKB;IL10;IL1A;IL1B;IL2;IL6;MAPK1;MMP1;MMP2;MMP9;MYC;NFE2L2;NFKBIA;NOS2;NOS3;NR1I2;PPARA;PPARG;PTGS1;PTGS2;RELA;SLC6A4;STAT1;TNF;TP53;VCAM1,"Disease targets for Ulcerative Colitis; exact medicinal-material matches from TCMSP, HERB 2.0, and ETCM 2.0; provisional because database screening definitions are heterogeneous and safety/pair evidence remain incomplete",15,11,栀子＋槐米,0.957547,0.594595,0.294118,0.853774,0.086275,0.216981,57.815753,57.626301,25,TCMSP exact match,HERB 2.0 exact match HERB002472,True,1.6,1,0.771429,False
鱼腥草,槐米,59,96,111,44,15,52,True,83.0822,5,4,85.0,60.0,0.0,67.7329,1178,66,0.8311,ABCB1;ABCG2;AGER;AHR;AKT1;ALB;ALOX5;BAX;BCL2;BIRC5;BRCA1;CASP1;CASP3;CASP8;CAT;CCL11;CCL2;CCND1;CD274;CD40LG;CD44;CD86;CDH1;CDKN1A;CDKN2A;CFTR;CHEK2;CHRNA7;CHUK;CXCL10;CXCL8;CYP1A2;CYP2C19;CYP2C9;CYP2D6;CYP3A4;DUOX2;EGFR;ERBB2;FGFR2;GLS;GSTM1;GSTP1;HIF1A;HMOX1;HNF4A;HSD17B10;ICAM1;IFNG;IGF2;IKBKB;IL10;IL13;IL17A;IL18;IL1A;IL1B;IL2;IL4;IL5;IL6;JAK2;JUN;KDR;KEAP1;LCN2;MAPK1;MAPK3;MIR21;MMP1;MMP2;MMP3;MMP9;MPO;MYC;NFATC1;NFE2L2;NFKB1;NFKBIA;NLRP3;NOS2;NOS3;NR1I2;NR3C1;ODC1;PIK3CA;PLAU;POLD1;PPARA;PPARG;PRKCQ;PTEN;PTGS1;PTGS2;RB1;RELA;RORC;SIRT1;SLC6A4;SOD2;SRC;STAT1;STAT3;TERT;TGFB1;TJP1;TNF;TP53;TYK2;VCAM1;VEGFA,AHR;AKT1;ALOX5;BAX;BCL2;CASP3;CASP8;CCL2;CCND1;CXCL8;CYP1A2;CYP3A4;EGFR;GSTM1;GSTP1;HIF1A;HMOX1;ICAM1;IFNG;IKBKB;IL10;IL1A;IL1B;IL2;IL6;MAPK1;MMP1;MMP2;MMP9;MYC;NFE2L2;NFKBIA;NOS2;NOS3;NR1I2;PPARA;PPARG;PTGS1;PTGS2;RELA;STAT1;TNF;TP53;VCAM1,"Disease targets for Ulcerative Colitis; exact medicinal-material matches from TCMSP, HERB 2.0, and ETCM 2.0; provisional because database screening definitions are heterogeneous and safety/pair evidence remain incomplete",14,10,槐米＋鱼腥草,0.957547,0.603604,0.288462,0.853774,0.084615,0.207547,57.776955,57.610782,26,TCMSP exact match,HERB 2.0 exact match HERB002472,True,1.627119,1,0.761905,False
槐米,山药,96,15,100,11,85,4,True,88.6973,5,4,90.0,60.0,0.0,71.4789,1059,47,0.8078,ABCB1;ABCC2;AGER;AHR;AKT1;ALB;ALOX5;BAX;BCL2;BRCA1;CASP1;CASP3;CASP8;CAT;CCL11;CCL2;CCND1;CD274;CD44;CD86;CDH1;CDKN1A;CDKN2A;CFTR;CHRNA7;CXCL8;CYP1A2;CYP2C19;CYP2C9;CYP2D6;CYP3A4;EGFR;FGFR2;GLS;GSTM1;GSTP1;HIF1A;HMOX1;HNF4A;HSD17B10;ICAM1;IFNG;IKBKB;IL10;IL13;IL17A;IL18;IL1A;IL1B;IL2;IL4;IL5;IL6;JAK2;JUN;KDR;KEAP1;LCN2;MAPK1;MAPK3;MIR21;MMP1;MMP2;MMP9;MTOR;MYC;NFATC1;NFE2L2;NFKB1;NFKBIA;NLRP3;NOS2;NOS3;NR1I2;NR3C1;PIK3CA;PLAU;POLD1;PPARA;PPARG;PRKCQ;PTEN;PTGS1;PTGS2;RELA;RORC;SIRT1;SLC6A4;SOD2;SRC;STAT1;STAT3;TERT;TGFB1;TJP1;TNF;TP53;TYK2;VCAM1;VEGFA,AKT1;CAT;HIF1A;NOS2;NR1I2;NR3C1;PTGS1;PTGS2;RELA;SLC6A4;TP53,"Disease targets for Ulcerative Colitis; exact medicinal-material matches from TCMSP, HERB 2.0, and ETCM 2.0; provisional because database screening definitions are heterogeneous and safety/pair evidence remain incomplete",5,5,山药＋槐米,0.915094,0.89,0.047059,0.415094,0.138235,0.518868,53.378746,57.351498,27,HERB 2.0 exact match HERB002472,TCMSP exact match,True,6.4,1,0.752381,False
槐米,莲子,96,20,103,13,83,7,True,89.6417,5,4,90.0,60.0,0.0,71.8567,1061,46,0.8085,ABCB1;ABCG2;AGER;AHR;AKT1;ALB;ALOX5;APEX1;BAX;BCL2;BRCA1;CASP1;CASP3;CASP8;CAT;CCL11;CCL2;CCND1;CD274;CD44;CD86;CDH1;CDKN2A;CFTR;CHRNA7;CXCL8;CYP1A2;CYP2C19;CYP2C9;CYP2D6;CYP3A4;EGFR;FGFR2;GLS;GPR35;GSTM1;GSTP1;HIF1A;HMOX1;HNF4A;HSD17B10;ICAM1;IFNG;IKBKB;IL10;IL13;IL17A;IL18;IL1A;IL1B;IL2;IL4;IL5;IL6;JAK2;JUN;KDR;KEAP1;LCN2;MAPK1;MAPK3;MET;MIR21;MMP1;MMP2;MMP9;MPO;MYC;NFATC1;NFE2L2;NFKB1;NFKBIA;NLRP3;NOD2;NOS2;NOS3;NR1I2;NR3C1;PIK3CA;PLAU;POLD1;PPARA;PPARG;PRKCQ;PTEN;PTGS1;PTGS2;RELA;RORC;SIRT1;SLC6A4;SOD2;SRC;STAT1;STAT3;TERT;TGFB1;TJP1;TNF;TP53;TYK2;VCAM1;VEGFA,AHR;ALOX5;CASP3;CHRNA7;CYP2C9;CYP3A4;EGFR;HIF1A;KDR;MMP9;SIRT1;SLC6A4;VEGFA,"Disease targets for Ulcerative Colitis; exact medicinal-material matches from TCMSP, HERB 2.0, and ETCM 2.0; provisional because database screening definitions are heterogeneous and safety/pair evidence remain incomplete",4,4,槐米＋莲子,0.924528,0.873786,0.084337,0.566038,0.079174,0.198113,53.337045,57.334818,28,HERB 2.0 exact match HERB002472,ETCM 2.0 exact match LianZi,True,4.8,1,0.742857,False
槐米,藿香,96,27,107,16,80,11,True,90.8329,4,3,83.0,60.0,0.0,70.2331,1074,56,0.8201,ABCB1;ABCG2;AGER;AHR;AKT1;ALB;ALOX5;APEX1;BAX;BCL2;BRCA1;CASP1;CASP3;CASP8;CAT;CCL11;CCL2;CCND1;CD274;CD44;CD86;CDH1;CDKN2A;CFTR;CHRNA7;CXCL8;CYP1A2;CYP2C19;CYP2C9;CYP2D6;CYP3A4;EGFR;ELANE;FGFR2;GLS;GPBAR1;GPR35;GSTM1;GSTP1;HIF1A;HMOX1;HNF4A;HSD17B10;ICAM1;IFNG;IKBKB;IL10;IL13;IL17A;IL18;IL1A;IL1B;IL2;IL4;IL5;IL6;JAK2;JUN;KDR;KEAP1;LCN2;MAPK1;MAPK3;MET;MIR21;MMP1;MMP2;MMP9;MPO;MYC;NFATC1;NFE2L2;NFKB1;NFKBIA;NLRP3;NOS2;NOS3;NR1I2;NR3C1;PIK3CA;POLD1;PPARA;PPARG;PRKCQ;PTEN;PTGS1;PTGS2;PTPN2;PTPRC;RELA;RORC;SI;SIRT1;SLC6A4;SOD2;SRC;STAT1;STAT3;TERT;TGFB1;TJP1;TNF;TP53;TYK2;VCAM1;VDR;VEGFA,AHR;ALOX5;CHRNA7;CYP2C19;CYP2C9;CYP3A4;EGFR;GSTM1;KDR;MMP9;NLRP3;NOS2;PPARG;PTGS2;TERT;TNF,"Disease targets for Ulcerative Colitis; exact medicinal-material matches from TCMSP, HERB 2.0, and ETCM 2.0; provisional because database screening definitions are heterogeneous and safety/pair evidence remain incomplete",7,6,槐米＋藿香,0.933962,0.850467,0.1375,0.745283,0.063636,0.150943,56.754607,56.601843,29,HERB 2.0 exact match HERB002472,ETCM 2.0 exact match HuoXiang,True,3.555556,1,0.733333,False
山药,陈皮,15,18,26,7,8,11,True,43.0361,3,4,76.0,60.0,0.0,49.0144,82,16,0.8441,ABCC2;ADIPOQ;AKT1;BAX;BCL2;CASP3;CAT;CDKN1A;GSTP1;HIF1A;MAPK1;MAPK3;MMP9;MTOR;NOS2;NR1I2;NR3C1;PLAU;PPARA;PPARG;PTGS1;PTGS2;RELA;SLC6A4;TIMP1;TP53,AKT1;CAT;NOS2;PTGS1;PTGS2;RELA;TP53,"Disease targets for Ulcerative Colitis; exact medicinal-material matches from TCMSP, HERB 2.0, and ETCM 2.0; provisional because database screening definitions are heterogeneous and safety/pair evidence remain incomplete",113,61,山药＋陈皮,0.207547,0.730769,0.727273,0.627358,0.181818,0.792453,61.573262,56.429305,30,TCMSP exact match,TCMSP exact match,False,1.2,1,0.72381,False
蒲公英,山药,37,15,45,7,30,8,True,57.6716,4,4,83.0,60.0,0.0,56.9686,286,57,0.8401,ABCC2;AKT1;ALB;BAX;BCL2;CASP1;CASP3;CASP8;CAT;CCL2;CDKN1A;CHRNA7;GLS;HIF1A;HNF4A;IL13;IL1B;IL4;IL5;IL6;JUN;MAPK1;MAPK3;MMP1;MTOR;MYC;NFKB1;NFKBIA;NOS2;NR1I2;NR3C1;ODC1;PLAU;PPARG;PTGS1;PTGS2;RELA;RORC;SIRT1;SLC6A4;TCF7L2;TGFB1;TNF;TP53;XIST,NOS2;NR3C1;PTGS1;PTGS2;RELA;SLC6A4;TP53,"Disease targets for Ulcerative Colitis; exact medicinal-material matches from TCMSP, HERB 2.0, and ETCM 2.0; provisional because database screening definitions are heterogeneous and safety/pair evidence remain incomplete",105,54,山药＋蒲公英,0.396226,0.844444,0.266667,0.627358,0.2375,0.943396,55.879979,56.251992,31,HERB 2.0 exact match HERB004401,TCMSP exact match,True,2.466667,1,0.714286,False
金银花,陈皮,63,18,67,14,49,4,True,67.217,5,4,95.0,60.0,0.0,64.3868,548,31,0.8421,ABCG2;ADIPOQ;AHR;AKT1;ALOX5;BAX;BCL2;BIRC5;CASP3;CASP8;CAT;CCL2;CCND1;CD40LG;CDK4;CDKN1A;CHEK2;CHUK;CXCL10;CXCL8;CYP1A2;CYP3A4;DUOX2;EGFR;ERBB2;GSTM1;GSTP1;HIF1A;HMOX1;ICAM1;IFNG;IGF2;IKBKB;IL10;IL1A;IL1B;IL2;IL4;IL6;MAPK1;MAPK3;MET;MMP1;MMP2;MMP3;MMP9;MPO;MYC;NFE2L2;NFKBIA;NOS2;NOS3;NR1I2;ODC1;PLAU;PPARA;PPARG;PTGS1;PTGS2;RB1;RELA;SLC6A4;STAT1;TIMP1;TNF;TP53;VCAM1,AKT1;BAX;BCL2;CASP3;GSTP1;MAPK1;MMP9;NOS2;PPARA;PPARG;PTGS1;PTGS2;RELA;TP53,"Disease targets for Ulcerative Colitis; exact medicinal-material matches from TCMSP, HERB 2.0, and ETCM 2.0; provisional because database screening definitions are heterogeneous and safety/pair evidence remain incomplete",35,27,金银花＋陈皮,0.599057,0.791045,0.081633,0.415094,0.158163,0.570755,46.140193,55.956077,32,TCMSP exact match,TCMSP exact match,False,3.5,1,0.704762,False
马齿苋,陈皮,63,18,67,14,49,4,True,67.217,5,4,95.0,60.0,0.0,64.3868,548,31,0.8421,ABCG2;ADIPOQ;AHR;AKT1;ALOX5;BAX;BCL2;BIRC5;CASP3;CASP8;CAT;CCL2;CCND1;CD40LG;CDK4;CDKN1A;CHEK2;CHUK;CXCL10;CXCL8;CYP1A2;CYP3A4;DUOX2;EGFR;ERBB2;GSTM1;GSTP1;HIF1A;HMOX1;ICAM1;IFNG;IGF2;IKBKB;IL10;IL1A;IL1B;IL2;IL4;IL6;MAPK1;MAPK3;MET;MMP1;MMP2;MMP3;MMP9;MPO;MYC;NFE2L2;NFKBIA;NOS2;NOS3;NR1I2;ODC1;PLAU;PPARA;PPARG;PTGS1;PTGS2;RB1;RELA;SLC6A4;STAT1;TIMP1;TNF;TP53;VCAM1,AKT1;BAX;BCL2;CASP3;GSTP1;MAPK1;MMP9;NOS2;PPARA;PPARG;PTGS1;PTGS2;RELA;TP53,"Disease targets for Ulcerative Colitis; exact medicinal-material matches from TCMSP, HERB 2.0, and ETCM 2.0; provisional because database screening definitions are heterogeneous and safety/pair evidence remain incomplete",36,28,陈皮＋马齿苋,0.599057,0.791045,0.081633,0.415094,0.158163,0.570755,46.140193,55.956077,33,TCMSP exact match,TCMSP exact match,False,3.5,1,0.695238,False
陈皮,乌梅,18,61,65,14,4,47,True,65.8979,5,4,95.0,60.0,0.0,63.8592,521,30,0.8462,ABCG2;ADIPOQ;AHR;AKT1;ALOX5;BAX;BCL2;BIRC5;CASP3;CASP8;CAT;CCL2;CCND1;CD40LG;CDKN1A;CHEK2;CHUK;CXCL10;CXCL8;CYP1A2;CYP3A4;DUOX2;EGFR;ERBB2;GSTM1;GSTP1;HIF1A;HMOX1;ICAM1;IFNG;IGF2;IKBKB;IL10;IL1A;IL1B;IL2;IL6;MAPK1;MAPK3;MMP1;MMP2;MMP3;MMP9;MPO;MYC;NFE2L2;NFKBIA;NOS2;NOS3;NR1I2;NR3C1;ODC1;PLAU;PPARA;PPARG;PTGS1;PTGS2;RB1;RELA;SLC6A4;STAT1;TIMP1;TNF;TP53;VCAM1,AKT1;BAX;BCL2;CASP3;GSTP1;MAPK1;MMP9;NOS2;PPARA;PPARG;PTGS1;PTGS2;RELA;TP53,"Disease targets for Ulcerative Colitis; exact medicinal-material matches from TCMSP, HERB 2.0, and ETCM 2.0; provisional because database screening definitions are heterogeneous and safety/pair evidence remain incomplete",46,32,乌梅＋陈皮,0.566038,0.784615,0.085106,0.415094,0.159574,0.59434,45.659142,55.763657,34,TCMSP exact match,TCMSP exact match,False,3.388889,1,0.685714,False
陈皮,大枣,18,61,64,15,3,46,True,64.6073,5,4,95.0,60.0,0.0,63.3429,511,30,0.8462,ABCG2;ADIPOQ;AHR;AKT1;ALOX5;BAX;BCL2;BIRC5;CASP3;CASP8;CAT;CCL2;CCND1;CD40LG;CDKN1A;CHEK2;CHUK;CXCL10;CXCL8;CYP1A2;CYP3A4;DUOX2;EGFR;ERBB2;GSTM1;GSTP1;HIF1A;HMOX1;ICAM1;IFNG;IGF2;IL10;IL1A;IL1B;IL2;IL6;KDR;MAPK1;MAPK3;MMP1;MMP2;MMP3;MMP9;MPO;MYC;NFE2L2;NFKBIA;NOS2;NOS3;NR1I2;ODC1;PLAU;PPARA;PPARG;PTGS1;PTGS2;RB1;RELA;SLC6A4;STAT1;TIMP1;TNF;TP53;VCAM1,AKT1;BAX;BCL2;CASP3;CAT;GSTP1;MAPK1;MMP9;NOS2;PPARA;PPARG;PTGS1;PTGS2;RELA;TP53,"Disease targets for Ulcerative Colitis; exact medicinal-material matches from TCMSP, HERB 2.0, and ETCM 2.0; provisional because database screening definitions are heterogeneous and safety/pair evidence remain incomplete",53,34,大枣＋陈皮,0.514151,0.765625,0.065217,0.311321,0.217391,0.896226,45.012241,55.504896,35,TCMSP exact match,TCMSP exact match,False,3.388889,1,0.67619,False
栀子,陈皮,60,18,64,14,46,4,True,65.2323,5,4,95.0,60.0,0.0,63.5929,513,30,0.8462,ABCG2;ADIPOQ;AHR;AKT1;ALOX5;BAX;BCL2;BIRC5;CASP3;CASP8;CAT;CCL2;CCND1;CD40LG;CDKN1A;CHEK2;CHUK;CXCL10;CXCL8;CYP1A2;CYP3A4;DUOX2;EGFR;ERBB2;GSTM1;GSTP1;HIF1A;HMOX1;ICAM1;IFNG;IGF2;IKBKB;IL10;IL1A;IL1B;IL2;IL6;MAPK1;MAPK3;MMP1;MMP2;MMP3;MMP9;MPO;MYC;NFE2L2;NFKBIA;NOS2;NOS3;NR1I2;ODC1;PLAU;PPARA;PPARG;PTGS1;PTGS2;RB1;RELA;SLC6A4;STAT1;TIMP1;TNF;TP53;VCAM1,AKT1;BAX;BCL2;CASP3;GSTP1;MAPK1;MMP9;NOS2;PPARA;PPARG;PTGS1;PTGS2;RELA;TP53,"Disease targets for Ulcerative Colitis; exact medicinal-material matches from TCMSP, HERB 2.0, and ETCM 2.0; provisional because database screening definitions are heterogeneous and safety/pair evidence remain incomplete",50,33,栀子＋陈皮,0.514151,0.78125,0.086957,0.415094,0.163043,0.632075,44.970134,55.488054,36,TCMSP exact match,TCMSP exact match,False,3.333333,1,0.666667,False
槐米,陈皮,96,18,98,16,80,2,True,85.5048,5,3,88.3333,60.0,0.0,69.7019,1037,28,0.8222,ABCB1;ADIPOQ;AGER;AHR;AKT1;ALB;ALOX5;BAX;BCL2;BRCA1;CASP1;CASP3;CASP8;CAT;CCL11;CCL2;CCND1;CD274;CD44;CD86;CDH1;CDKN2A;CFTR;CHRNA7;CXCL8;CYP1A2;CYP2C19;CYP2C9;CYP2D6;CYP3A4;EGFR;FGFR2;GLS;GSTM1;GSTP1;HIF1A;HMOX1;HNF4A;HSD17B10;ICAM1;IFNG;IKBKB;IL10;IL13;IL17A;IL18;IL1A;IL1B;IL2;IL4;IL5;IL6;JAK2;JUN;KDR;KEAP1;LCN2;MAPK1;MAPK3;MIR21;MMP1;MMP2;MMP9;MYC;NFATC1;NFE2L2;NFKB1;NFKBIA;NLRP3;NOS2;NOS3;NR1I2;NR3C1;PIK3CA;POLD1;PPARA;PPARG;PRKCQ;PTEN;PTGS1;PTGS2;RELA;RORC;SIRT1;SLC6A4;SOD2;SRC;STAT1;STAT3;TERT;TGFB1;TIMP1;TJP1;TNF;TP53;TYK2;VCAM1;VEGFA,AKT1;BAX;BCL2;CASP3;CAT;GSTP1;MAPK1;MAPK3;MMP9;NOS2;PPARA;PPARG;PTGS1;PTGS2;RELA;TP53,"Disease targets for Ulcerative Colitis; exact medicinal-material matches from TCMSP, HERB 2.0, and ETCM 2.0; provisional because database screening definitions are heterogeneous and safety/pair evidence remain incomplete",9,7,槐米＋陈皮,0.896226,0.836735,0.025,0.235849,0.175,0.679245,49.923084,55.469224,37,HERB 2.0 exact match HERB002472,TCMSP exact match,True,5.333333,1,0.657143,False
鱼腥草,陈皮,59,18,63,14,45,4,True,64.5624,5,4,95.0,60.0,0.0,63.325,513,30,0.8462,ABCG2;ADIPOQ;AHR;AKT1;ALOX5;BAX;BCL2;BIRC5;CASP3;CASP8;CAT;CCL2;CCND1;CD40LG;CDKN1A;CHEK2;CHUK;CXCL10;CXCL8;CYP1A2;CYP3A4;DUOX2;EGFR;ERBB2;GSTM1;GSTP1;HIF1A;HMOX1;ICAM1;IFNG;IGF2;IKBKB;IL10;IL1A;IL1B;IL2;IL6;MAPK1;MAPK3;MMP1;MMP2;MMP3;MMP9;MPO;MYC;NFE2L2;NFKBIA;NOS2;NOS3;NR1I2;ODC1;PLAU;PPARA;PPARG;PTGS1;PTGS2;RB1;RELA;STAT1;TIMP1;TNF;TP53;VCAM1,AKT1;BAX;BCL2;CASP3;GSTP1;MAPK1;MMP9;NOS2;PPARA;PPARG;PTGS1;PTGS2;RELA;TP53,"Disease targets for Ulcerative Colitis; exact medicinal-material matches from TCMSP, HERB 2.0, and ETCM 2.0; provisional because database screening definitions are heterogeneous and safety/pair evidence remain incomplete",54,35,陈皮＋鱼腥草,0.466981,0.777778,0.088889,0.415094,0.166667,0.660377,44.280922,55.212369,38,TCMSP exact match,TCMSP exact match,False,3.277778,1,0.647619,False
陈皮,甘草,18,67,68,17,1,50,True,66.1062,5,4,95.0,60.0,0.0,63.9425,589,14,0.8481,ABCG2;ADIPOQ;AHR;AKT1;ALOX5;BAX;BCL2;BIRC5;CASP3;CASP8;CAT;CCL2;CCND1;CD40LG;CDK4;CDKN1A;CHEK2;CHUK;CXCL10;CXCL8;CYP1A2;CYP3A4;DUOX2;EGFR;ERBB2;GSTM1;GSTP1;HIF1A;HMOX1;ICAM1;IFNG;IGF2;IKBKB;IL10;IL1A;IL1B;IL2;IL4;IL6;KDR;MAPK1;MAPK3;MMP1;MMP2;MMP3;MMP9;MPO;MYC;NFE2L2;NFKBIA;NOS2;NOS3;NR1I2;ODC1;PLAU;PPARA;PPARG;PTGS1;PTGS2;RB1;RELA;SLC6A4;STAT1;STAT3;TIMP1;TNF;TP53;VCAM1,ADIPOQ;AKT1;BAX;BCL2;CASP3;CAT;GSTP1;MAPK1;MAPK3;MMP9;NOS2;PPARA;PPARG;PTGS1;PTGS2;RELA;TP53,"Disease targets for Ulcerative Colitis; exact medicinal-material matches from TCMSP, HERB 2.0, and ETCM 2.0; provisional because database screening definitions are heterogeneous and safety/pair evidence remain incomplete",44,31,甘草＋陈皮,0.636792,0.75,0.02,0.099057,0.28,0.962264,43.19434,54.777736,39,TCMSP exact match,TCMSP exact match,False,3.722222,1,0.638095,False
白扁豆,山药,11,15,24,2,9,13,True,49.41,2,3,59.0,60.0,0.0,46.464,75,26,0.8422,ABCC2;AKT1;BCL2;CASP3;CASP8;CAT;CDKN1A;CYP1A2;CYP3A4;HIF1A;HMOX1;MMP1;MMP2;MTOR;MYC;NOS2;NR1I2;NR3C1;PLAU;PTGS1;PTGS2;RELA;SLC6A4;TP53,AKT1;PTGS2,"Disease targets for Ulcerative Colitis; exact medicinal-material matches from TCMSP, HERB 2.0, and ETCM 2.0; provisional because database screening definitions are heterogeneous and safety/pair evidence remain incomplete",123,69,山药＋白扁豆,0.15566,0.916667,0.692308,0.693396,0.222222,0.929245,66.492501,53.297,40,TCMSP exact match,TCMSP exact match,False,1.363636,1,0.628571,False
山药,芡实,15,11,24,2,13,9,True,49.41,2,3,59.0,60.0,0.0,46.464,75,26,0.8422,ABCC2;AKT1;BCL2;CASP3;CASP8;CAT;CDKN1A;CYP1A2;CYP3A4;HIF1A;HMOX1;MMP1;MMP2;MTOR;MYC;NOS2;NR1I2;NR3C1;PLAU;PTGS1;PTGS2;RELA;SLC6A4;TP53,AKT1;PTGS2,"Disease targets for Ulcerative Colitis; exact medicinal-material matches from TCMSP, HERB 2.0, and ETCM 2.0; provisional because database screening definitions are heterogeneous and safety/pair evidence remain incomplete",122,68,山药＋芡实,0.15566,0.916667,0.692308,0.693396,0.222222,0.929245,66.492501,53.297,41,TCMSP exact match,TCMSP exact match,False,1.363636,1,0.619048,False
蒲公英,藿香,37,27,59,5,32,22,True,67.9376,2,2,54.0,60.0,0.0,52.375,313,66,0.837,ABCG2;AHR;ALB;ALOX5;APEX1;BAX;BCL2;CASP1;CASP3;CASP8;CCL2;CHRNA7;CYP2C19;CYP2C9;CYP3A4;EGFR;ELANE;GLS;GPBAR1;GPR35;GSTM1;HNF4A;IL13;IL1B;IL4;IL5;IL6;JUN;KDR;MAPK1;MAPK3;MET;MMP1;MMP9;MPO;MYC;NFKB1;NFKBIA;NLRP3;NOS2;NR3C1;ODC1;PPARG;PTGS1;PTGS2;PTPN2;PTPRC;RELA;RORC;SI;SIRT1;SLC6A4;TCF7L2;TERT;TGFB1;TNF;TP53;VDR;XIST,CHRNA7;NOS2;PPARG;PTGS2;TNF,"Disease targets for Ulcerative Colitis; exact medicinal-material matches from TCMSP, HERB 2.0, and ETCM 2.0; provisional because database screening definitions are heterogeneous and safety/pair evidence remain incomplete",108,57,蒲公英＋藿香,0.415094,0.915254,0.6875,1.0,0.09375,0.273585,69.544092,53.017637,42,HERB 2.0 exact match HERB004401,ETCM 2.0 exact match HuoXiang,True,1.37037,1,0.609524,False
莲子,乌梅,20,61,70,11,9,50,True,70.8824,4,4,73.0,60.0,0.0,59.253,540,46,0.8178,ABCG2;AHR;AKT1;ALOX5;APEX1;BAX;BCL2;BIRC5;CASP3;CASP8;CCL2;CCND1;CD40LG;CDKN1A;CHEK2;CHRNA7;CHUK;CXCL10;CXCL8;CYP1A2;CYP2C9;CYP3A4;DUOX2;EGFR;ERBB2;GPR35;GSTM1;GSTP1;HIF1A;HMOX1;ICAM1;IFNG;IGF2;IKBKB;IL10;IL1A;IL1B;IL2;IL6;KDR;MAPK1;MET;MMP1;MMP2;MMP3;MMP9;MPO;MYC;NFE2L2;NFKBIA;NOD2;NOS2;NOS3;NR1I2;NR3C1;ODC1;PLAU;PPARA;PPARG;PTGS1;PTGS2;RB1;RELA;SIRT1;SLC6A4;STAT1;TNF;TP53;VCAM1;VEGFA,ABCG2;AHR;ALOX5;CASP3;CYP3A4;EGFR;HIF1A;MMP9;MPO;PLAU;SLC6A4,"Disease targets for Ulcerative Colitis; exact medicinal-material matches from TCMSP, HERB 2.0, and ETCM 2.0; provisional because database screening definitions are heterogeneous and safety/pair evidence remain incomplete",94,43,乌梅＋莲子,0.693396,0.842857,0.18,0.693396,0.102222,0.433962,55.079919,52.931968,43,ETCM 2.0 exact match LianZi,TCMSP exact match,True,3.05,1,0.6,False
鱼腥草,莲子,59,20,69,10,49,10,True,70.8401,4,4,73.0,60.0,0.0,59.236,532,46,0.8178,ABCG2;AHR;AKT1;ALOX5;APEX1;BAX;BCL2;BIRC5;CASP3;CASP8;CCL2;CCND1;CD40LG;CDKN1A;CHEK2;CHRNA7;CHUK;CXCL10;CXCL8;CYP1A2;CYP2C9;CYP3A4;DUOX2;EGFR;ERBB2;GPR35;GSTM1;GSTP1;HIF1A;HMOX1;ICAM1;IFNG;IGF2;IKBKB;IL10;IL1A;IL1B;IL2;IL6;KDR;MAPK1;MET;MMP1;MMP2;MMP3;MMP9;MPO;MYC;NFE2L2;NFKBIA;NOD2;NOS2;NOS3;NR1I2;ODC1;PLAU;PPARA;PPARG;PTGS1;PTGS2;RB1;RELA;SIRT1;SLC6A4;STAT1;TNF;TP53;VCAM1;VEGFA,ABCG2;AHR;ALOX5;CASP3;CYP3A4;EGFR;HIF1A;MMP9;MPO;PLAU,"Disease targets for Ulcerative Colitis; exact medicinal-material matches from TCMSP, HERB 2.0, and ETCM 2.0; provisional because database screening definitions are heterogeneous and safety/pair evidence remain incomplete",95,44,莲子＋鱼腥草,0.669811,0.855072,0.204082,0.735849,0.093878,0.283019,54.763412,52.805365,44,TCMSP exact match,ETCM 2.0 exact match LianZi,True,2.95,1,0.590476,False
栀子,莲子,60,20,69,11,49,9,True,70.2604,4,4,73.0,60.0,0.0,59.0041,532,46,0.8178,ABCG2;AHR;AKT1;ALOX5;APEX1;BAX;BCL2;BIRC5;CASP3;CASP8;CCL2;CCND1;CD40LG;CDKN1A;CHEK2;CHRNA7;CHUK;CXCL10;CXCL8;CYP1A2;CYP2C9;CYP3A4;DUOX2;EGFR;ERBB2;GPR35;GSTM1;GSTP1;HIF1A;HMOX1;ICAM1;IFNG;IGF2;IKBKB;IL10;IL1A;IL1B;IL2;IL6;KDR;MAPK1;MET;MMP1;MMP2;MMP3;MMP9;MPO;MYC;NFE2L2;NFKBIA;NOD2;NOS2;NOS3;NR1I2;ODC1;PLAU;PPARA;PPARG;PTGS1;PTGS2;RB1;RELA;SIRT1;SLC6A4;STAT1;TNF;TP53;VCAM1;VEGFA,ABCG2;AHR;ALOX5;CASP3;CYP3A4;EGFR;HIF1A;MMP9;MPO;PLAU;SLC6A4,"Disease targets for Ulcerative Colitis; exact medicinal-material matches from TCMSP, HERB 2.0, and ETCM 2.0; provisional because database screening definitions are heterogeneous and safety/pair evidence remain incomplete",97,46,栀子＋莲子,0.669811,0.84058,0.183673,0.693396,0.104308,0.443396,54.755829,52.802332,45,TCMSP exact match,ETCM 2.0 exact match LianZi,True,3.0,1,0.580952,False
莲子,甘草,20,67,75,12,8,55,True,73.423,4,4,73.0,60.0,0.0,60.2692,628,43,0.8315,ABCG2;ADIPOQ;AHR;AKT1;ALOX5;APEX1;BAX;BCL2;BIRC5;CASP3;CASP8;CAT;CCL2;CCND1;CD40LG;CDK4;CDKN1A;CHEK2;CHRNA7;CHUK;CXCL10;CXCL8;CYP1A2;CYP2C9;CYP3A4;DUOX2;EGFR;ERBB2;GPR35;GSTM1;GSTP1;HIF1A;HMOX1;ICAM1;IFNG;IGF2;IKBKB;IL10;IL1A;IL1B;IL2;IL4;IL6;KDR;MAPK1;MAPK3;MET;MMP1;MMP2;MMP3;MMP9;MPO;MYC;NFE2L2;NFKBIA;NOD2;NOS2;NOS3;NR1I2;ODC1;PLAU;PPARA;PPARG;PTGS1;PTGS2;RB1;RELA;SIRT1;SLC6A4;STAT1;STAT3;TNF;TP53;VCAM1;VEGFA,ABCG2;AHR;ALOX5;CASP3;CYP3A4;EGFR;HIF1A;KDR;MMP9;MPO;PLAU;SLC6A4,"Disease targets for Ulcerative Colitis; exact medicinal-material matches from TCMSP, HERB 2.0, and ETCM 2.0; provisional because database screening definitions are heterogeneous and safety/pair evidence remain incomplete",90,39,甘草＋莲子,0.745283,0.84,0.145455,0.627358,0.097727,0.367925,53.358919,52.243568,46,ETCM 2.0 exact match LianZi,TCMSP exact match,True,3.35,1,0.571429,False
金银花,莲子,63,20,71,12,51,8,True,70.9386,4,4,73.0,60.0,0.0,59.2754,557,41,0.82,ABCG2;AHR;AKT1;ALOX5;APEX1;BAX;BCL2;BIRC5;CASP3;CASP8;CCL2;CCND1;CD40LG;CDK4;CDKN1A;CHEK2;CHRNA7;CHUK;CXCL10;CXCL8;CYP1A2;CYP2C9;CYP3A4;DUOX2;EGFR;ERBB2;GPR35;GSTM1;GSTP1;HIF1A;HMOX1;ICAM1;IFNG;IGF2;IKBKB;IL10;IL1A;IL1B;IL2;IL4;IL6;KDR;MAPK1;MET;MMP1;MMP2;MMP3;MMP9;MPO;MYC;NFE2L2;NFKBIA;NOD2;NOS2;NOS3;NR1I2;ODC1;PLAU;PPARA;PPARG;PTGS1;PTGS2;RB1;RELA;SIRT1;SLC6A4;STAT1;TNF;TP53;VCAM1;VEGFA,ABCG2;AHR;ALOX5;CASP3;CYP3A4;EGFR;HIF1A;MET;MMP9;MPO;PLAU;SLC6A4,"Disease targets for Ulcerative Colitis; exact medicinal-material matches from TCMSP, HERB 2.0, and ETCM 2.0; provisional because database screening definitions are heterogeneous and safety/pair evidence remain incomplete",92,41,莲子＋金银花,0.712264,0.830986,0.156863,0.627358,0.10049,0.382075,52.956945,52.082778,47,TCMSP exact match,ETCM 2.0 exact match LianZi,True,3.15,1,0.561905,False
马齿苋,莲子,63,20,71,12,51,8,True,70.9386,4,4,73.0,60.0,0.0,59.2754,557,41,0.82,ABCG2;AHR;AKT1;ALOX5;APEX1;BAX;BCL2;BIRC5;CASP3;CASP8;CCL2;CCND1;CD40LG;CDK4;CDKN1A;CHEK2;CHRNA7;CHUK;CXCL10;CXCL8;CYP1A2;CYP2C9;CYP3A4;DUOX2;EGFR;ERBB2;GPR35;GSTM1;GSTP1;HIF1A;HMOX1;ICAM1;IFNG;IGF2;IKBKB;IL10;IL1A;IL1B;IL2;IL4;IL6;KDR;MAPK1;MET;MMP1;MMP2;MMP3;MMP9;MPO;MYC;NFE2L2;NFKBIA;NOD2;NOS2;NOS3;NR1I2;ODC1;PLAU;PPARA;PPARG;PTGS1;PTGS2;RB1;RELA;SIRT1;SLC6A4;STAT1;TNF;TP53;VCAM1;VEGFA,ABCG2;AHR;ALOX5;CASP3;CYP3A4;EGFR;HIF1A;MET;MMP9;MPO;PLAU;SLC6A4,"Disease targets for Ulcerative Colitis; exact medicinal-material matches from TCMSP, HERB 2.0, and ETCM 2.0; provisional because database screening definitions are heterogeneous and safety/pair evidence remain incomplete",93,42,莲子＋马齿苋,0.712264,0.830986,0.156863,0.627358,0.10049,0.382075,52.956945,52.082778,48,TCMSP exact match,ETCM 2.0 exact match LianZi,True,3.15,1,0.552381,False
山药,藿香,15,27,40,2,13,25,True,59.2389,2,3,59.0,60.0,0.0,50.3956,107,44,0.8435,ABCC2;ABCG2;AHR;AKT1;ALOX5;APEX1;CAT;CDKN1A;CHRNA7;CYP2C19;CYP2C9;CYP3A4;EGFR;ELANE;GPBAR1;GPR35;GSTM1;HIF1A;KDR;MET;MMP9;MPO;MTOR;NLRP3;NOS2;NR1I2;NR3C1;PLAU;PPARG;PTGS1;PTGS2;PTPN2;PTPRC;RELA;SI;SLC6A4;TERT;TNF;TP53;VDR,NOS2;PTGS2,"Disease targets for Ulcerative Colitis; exact medicinal-material matches from TCMSP, HERB 2.0, and ETCM 2.0; provisional because database screening definitions are heterogeneous and safety/pair evidence remain incomplete",111,60,山药＋藿香,0.349057,0.95,0.52,0.764151,0.135385,0.509434,62.887736,51.855094,49,TCMSP exact match,ETCM 2.0 exact match HuoXiang,True,1.8,1,0.542857,False
莲子,大枣,20,61,69,12,8,49,True,69.6806,4,4,73.0,60.0,0.0,58.7723,519,38,0.831,ABCG2;AHR;AKT1;ALOX5;APEX1;BAX;BCL2;BIRC5;CASP3;CASP8;CAT;CCL2;CCND1;CD40LG;CDKN1A;CHEK2;CHRNA7;CHUK;CXCL10;CXCL8;CYP1A2;CYP2C9;CYP3A4;DUOX2;EGFR;ERBB2;GPR35;GSTM1;GSTP1;HIF1A;HMOX1;ICAM1;IFNG;IGF2;IL10;IL1A;IL1B;IL2;IL6;KDR;MAPK1;MET;MMP1;MMP2;MMP3;MMP9;MPO;MYC;NFE2L2;NFKBIA;NOD2;NOS2;NOS3;NR1I2;ODC1;PLAU;PPARA;PPARG;PTGS1;PTGS2;RB1;RELA;SIRT1;SLC6A4;STAT1;TNF;TP53;VCAM1;VEGFA,ABCG2;AHR;ALOX5;CASP3;CYP3A4;EGFR;HIF1A;KDR;MMP9;MPO;PLAU;SLC6A4,"Disease targets for Ulcerative Colitis; exact medicinal-material matches from TCMSP, HERB 2.0, and ETCM 2.0; provisional because database screening definitions are heterogeneous and safety/pair evidence remain incomplete",98,47,大枣＋莲子,0.669811,0.826087,0.163265,0.627358,0.096939,0.353774,51.894473,51.657789,50,ETCM 2.0 exact match LianZi,TCMSP exact match,True,3.05,1,0.533333,False
白扁豆,莲子,11,20,29,2,9,18,True,52.6396,2,3,59.0,60.0,0.0,47.7558,81,32,0.8236,ABCG2;AHR;AKT1;ALOX5;APEX1;BCL2;CASP3;CASP8;CHRNA7;CYP1A2;CYP2C9;CYP3A4;EGFR;GPR35;HIF1A;HMOX1;KDR;MET;MMP1;MMP2;MMP9;MPO;MYC;NOD2;PLAU;PTGS2;SIRT1;SLC6A4;VEGFA,CASP3;CYP3A4,"Disease targets for Ulcerative Colitis; exact medicinal-material matches from TCMSP, HERB 2.0, and ETCM 2.0; provisional because database screening definitions are heterogeneous and safety/pair evidence remain incomplete",117,64,白扁豆＋莲子,0.235849,0.931034,0.5,0.693396,0.197531,0.825472,61.648504,51.359401,51,TCMSP exact match,ETCM 2.0 exact match LianZi,True,1.818182,1,0.52381,False
莲子,芡实,20,11,29,2,18,9,True,52.6396,2,3,59.0,60.0,0.0,47.7558,81,32,0.8236,ABCG2;AHR;AKT1;ALOX5;APEX1;BCL2;CASP3;CASP8;CHRNA7;CYP1A2;CYP2C9;CYP3A4;EGFR;GPR35;HIF1A;HMOX1;KDR;MET;MMP1;MMP2;MMP9;MPO;MYC;NOD2;PLAU;PTGS2;SIRT1;SLC6A4;VEGFA,CASP3;CYP3A4,"Disease targets for Ulcerative Colitis; exact medicinal-material matches from TCMSP, HERB 2.0, and ETCM 2.0; provisional because database screening definitions are heterogeneous and safety/pair evidence remain incomplete",118,65,芡实＋莲子,0.235849,0.931034,0.5,0.693396,0.197531,0.825472,61.648504,51.359401,52,ETCM 2.0 exact match LianZi,TCMSP exact match,True,1.818182,1,0.514286,False
山药,甘草,15,67,70,12,3,55,True,70.311,4,4,73.0,60.0,0.0,59.0244,605,23,0.8055,ABCC2;ABCG2;ADIPOQ;AHR;AKT1;ALOX5;BAX;BCL2;BIRC5;CASP3;CASP8;CAT;CCL2;CCND1;CD40LG;CDK4;CDKN1A;CHEK2;CHUK;CXCL10;CXCL8;CYP1A2;CYP3A4;DUOX2;EGFR;ERBB2;GSTM1;GSTP1;HIF1A;HMOX1;ICAM1;IFNG;IGF2;IKBKB;IL10;IL1A;IL1B;IL2;IL4;IL6;KDR;MAPK1;MAPK3;MMP1;MMP2;MMP3;MMP9;MPO;MTOR;MYC;NFE2L2;NFKBIA;NOS2;NOS3;NR1I2;NR3C1;ODC1;PLAU;PPARA;PPARG;PTGS1;PTGS2;RB1;RELA;SLC6A4;STAT1;STAT3;TNF;TP53;VCAM1,AKT1;CAT;CDKN1A;HIF1A;NOS2;NR1I2;PLAU;PTGS1;PTGS2;RELA;SLC6A4;TP53,"Disease targets for Ulcerative Colitis; exact medicinal-material matches from TCMSP, HERB 2.0, and ETCM 2.0; provisional because database screening definitions are heterogeneous and safety/pair evidence remain incomplete",96,45,山药＋甘草,0.693396,0.828571,0.054545,0.311321,0.139394,0.528302,46.171404,49.368562,53,TCMSP exact match,TCMSP exact match,False,4.466667,1,0.504762,False
金银花,山药,63,15,67,11,52,4,True,69.0081,4,4,73.0,60.0,0.0,58.5032,534,20,0.7928,ABCC2;ABCG2;AHR;AKT1;ALOX5;BAX;BCL2;BIRC5;CASP3;CASP8;CAT;CCL2;CCND1;CD40LG;CDK4;CDKN1A;CHEK2;CHUK;CXCL10;CXCL8;CYP1A2;CYP3A4;DUOX2;EGFR;ERBB2;GSTM1;GSTP1;HIF1A;HMOX1;ICAM1;IFNG;IGF2;IKBKB;IL10;IL1A;IL1B;IL2;IL4;IL6;MAPK1;MET;MMP1;MMP2;MMP3;MMP9;MPO;MTOR;MYC;NFE2L2;NFKBIA;NOS2;NOS3;NR1I2;NR3C1;ODC1;PLAU;PPARA;PPARG;PTGS1;PTGS2;RB1;RELA;SLC6A4;STAT1;TNF;TP53;VCAM1,AKT1;CDKN1A;HIF1A;NOS2;NR1I2;PLAU;PTGS1;PTGS2;RELA;SLC6A4;TP53,"Disease targets for Ulcerative Colitis; exact medicinal-material matches from TCMSP, HERB 2.0, and ETCM 2.0; provisional because database screening definitions are heterogeneous and safety/pair evidence remain incomplete",99,48,山药＋金银花,0.599057,0.835821,0.076923,0.415094,0.096154,0.306604,44.4768,48.69072,54,TCMSP exact match,TCMSP exact match,False,4.2,1,0.495238,False
马齿苋,山药,63,15,67,11,52,4,True,69.0081,4,4,73.0,60.0,0.0,58.5032,534,20,0.7928,ABCC2;ABCG2;AHR;AKT1;ALOX5;BAX;BCL2;BIRC5;CASP3;CASP8;CAT;CCL2;CCND1;CD40LG;CDK4;CDKN1A;CHEK2;CHUK;CXCL10;CXCL8;CYP1A2;CYP3A4;DUOX2;EGFR;ERBB2;GSTM1;GSTP1;HIF1A;HMOX1;ICAM1;IFNG;IGF2;IKBKB;IL10;IL1A;IL1B;IL2;IL4;IL6;MAPK1;MET;MMP1;MMP2;MMP3;MMP9;MPO;MTOR;MYC;NFE2L2;NFKBIA;NOS2;NOS3;NR1I2;NR3C1;ODC1;PLAU;PPARA;PPARG;PTGS1;PTGS2;RB1;RELA;SLC6A4;STAT1;TNF;TP53;VCAM1,AKT1;CDKN1A;HIF1A;NOS2;NR1I2;PLAU;PTGS1;PTGS2;RELA;SLC6A4;TP53,"Disease targets for Ulcerative Colitis; exact medicinal-material matches from TCMSP, HERB 2.0, and ETCM 2.0; provisional because database screening definitions are heterogeneous and safety/pair evidence remain incomplete",100,49,山药＋马齿苋,0.599057,0.835821,0.076923,0.415094,0.096154,0.306604,44.4768,48.69072,55,TCMSP exact match,TCMSP exact match,False,4.2,1,0.485714,False
鱼腥草,山药,59,15,64,10,49,5,True,67.7323,4,4,73.0,60.0,0.0,57.9929,499,19,0.7954,ABCC2;ABCG2;AHR;AKT1;ALOX5;BAX;BCL2;BIRC5;CASP3;CASP8;CAT;CCL2;CCND1;CD40LG;CDKN1A;CHEK2;CHUK;CXCL10;CXCL8;CYP1A2;CYP3A4;DUOX2;EGFR;ERBB2;GSTM1;GSTP1;HIF1A;HMOX1;ICAM1;IFNG;IGF2;IKBKB;IL10;IL1A;IL1B;IL2;IL6;MAPK1;MMP1;MMP2;MMP3;MMP9;MPO;MTOR;MYC;NFE2L2;NFKBIA;NOS2;NOS3;NR1I2;NR3C1;ODC1;PLAU;PPARA;PPARG;PTGS1;PTGS2;RB1;RELA;SLC6A4;STAT1;TNF;TP53;VCAM1,AKT1;CDKN1A;HIF1A;NOS2;NR1I2;PLAU;PTGS1;PTGS2;RELA;TP53,"Disease targets for Ulcerative Colitis; exact medicinal-material matches from TCMSP, HERB 2.0, and ETCM 2.0; provisional because database screening definitions are heterogeneous and safety/pair evidence remain incomplete",101,50,山药＋鱼腥草,0.514151,0.84375,0.102041,0.509434,0.077551,0.188679,43.966295,48.486518,56,TCMSP exact match,TCMSP exact match,False,3.933333,1,0.47619,False
栀子,山药,60,15,64,11,49,4,True,67.1073,4,4,73.0,60.0,0.0,57.7429,499,19,0.7954,ABCC2;ABCG2;AHR;AKT1;ALOX5;BAX;BCL2;BIRC5;CASP3;CASP8;CAT;CCL2;CCND1;CD40LG;CDKN1A;CHEK2;CHUK;CXCL10;CXCL8;CYP1A2;CYP3A4;DUOX2;EGFR;ERBB2;GSTM1;GSTP1;HIF1A;HMOX1;ICAM1;IFNG;IGF2;IKBKB;IL10;IL1A;IL1B;IL2;IL6;MAPK1;MMP1;MMP2;MMP3;MMP9;MPO;MTOR;MYC;NFE2L2;NFKBIA;NOS2;NOS3;NR1I2;NR3C1;ODC1;PLAU;PPARA;PPARG;PTGS1;PTGS2;RB1;RELA;SLC6A4;STAT1;TNF;TP53;VCAM1,AKT1;CDKN1A;HIF1A;NOS2;NR1I2;PLAU;PTGS1;PTGS2;RELA;SLC6A4;TP53,"Disease targets for Ulcerative Colitis; exact medicinal-material matches from TCMSP, HERB 2.0, and ETCM 2.0; provisional because database screening definitions are heterogeneous and safety/pair evidence remain incomplete",102,51,山药＋栀子,0.514151,0.828125,0.081633,0.415094,0.096939,0.353774,43.199274,48.17971,57,TCMSP exact match,TCMSP exact match,False,4.0,1,0.466667,False
山药,大枣,15,61,64,12,3,49,True,66.4823,4,4,73.0,60.0,0.0,57.4929,496,18,0.7969,ABCC2;ABCG2;AHR;AKT1;ALOX5;BAX;BCL2;BIRC5;CASP3;CASP8;CAT;CCL2;CCND1;CD40LG;CDKN1A;CHEK2;CHUK;CXCL10;CXCL8;CYP1A2;CYP3A4;DUOX2;EGFR;ERBB2;GSTM1;GSTP1;HIF1A;HMOX1;ICAM1;IFNG;IGF2;IL10;IL1A;IL1B;IL2;IL6;KDR;MAPK1;MMP1;MMP2;MMP3;MMP9;MPO;MTOR;MYC;NFE2L2;NFKBIA;NOS2;NOS3;NR1I2;NR3C1;ODC1;PLAU;PPARA;PPARG;PTGS1;PTGS2;RB1;RELA;SLC6A4;STAT1;TNF;TP53;VCAM1,AKT1;CAT;CDKN1A;HIF1A;NOS2;NR1I2;PLAU;PTGS1;PTGS2;RELA;SLC6A4;TP53,"Disease targets for Ulcerative Colitis; exact medicinal-material matches from TCMSP, HERB 2.0, and ETCM 2.0; provisional because database screening definitions are heterogeneous and safety/pair evidence remain incomplete",104,53,大枣＋山药,0.514151,0.8125,0.061224,0.311321,0.122449,0.481132,41.913386,47.665354,58,TCMSP exact match,TCMSP exact match,False,4.066667,1,0.457143,False
山药,乌梅,15,61,64,12,3,49,True,66.4823,4,4,73.0,60.0,0.0,57.4929,499,15,0.802,ABCC2;ABCG2;AHR;AKT1;ALOX5;BAX;BCL2;BIRC5;CASP3;CASP8;CAT;CCL2;CCND1;CD40LG;CDKN1A;CHEK2;CHUK;CXCL10;CXCL8;CYP1A2;CYP3A4;DUOX2;EGFR;ERBB2;GSTM1;GSTP1;HIF1A;HMOX1;ICAM1;IFNG;IGF2;IKBKB;IL10;IL1A;IL1B;IL2;IL6;MAPK1;MMP1;MMP2;MMP3;MMP9;MPO;MTOR;MYC;NFE2L2;NFKBIA;NOS2;NOS3;NR1I2;NR3C1;ODC1;PLAU;PPARA;PPARG;PTGS1;PTGS2;RB1;RELA;SLC6A4;STAT1;TNF;TP53;VCAM1,AKT1;CDKN1A;HIF1A;NOS2;NR1I2;NR3C1;PLAU;PTGS1;PTGS2;RELA;SLC6A4;TP53,"Disease targets for Ulcerative Colitis; exact medicinal-material matches from TCMSP, HERB 2.0, and ETCM 2.0; provisional because database screening definitions are heterogeneous and safety/pair evidence remain incomplete",103,52,乌梅＋山药,0.514151,0.8125,0.061224,0.311321,0.102041,0.419811,41.300178,47.420071,59,TCMSP exact match,TCMSP exact match,False,4.066667,1,0.447619,False
乌梅,大枣,61,61,63,59,2,2,True,35.991,4,4,68.0,60.0,0.0,43.7964,490,0,0.0,ABCG2;AHR;AKT1;ALOX5;BAX;BCL2;BIRC5;CASP3;CASP8;CAT;CCL2;CCND1;CD40LG;CDKN1A;CHEK2;CHUK;CXCL10;CXCL8;CYP1A2;CYP3A4;DUOX2;EGFR;ERBB2;GSTM1;GSTP1;HIF1A;HMOX1;ICAM1;IFNG;IGF2;IKBKB;IL10;IL1A;IL1B;IL2;IL6;KDR;MAPK1;MMP1;MMP2;MMP3;MMP9;MPO;MYC;NFE2L2;NFKBIA;NOS2;NOS3;NR1I2;NR3C1;ODC1;PLAU;PPARA;PPARG;PTGS1;PTGS2;RB1;RELA;SLC6A4;STAT1;TNF;TP53;VCAM1,ABCG2;AHR;AKT1;ALOX5;BAX;BCL2;BIRC5;CASP3;CASP8;CCL2;CCND1;CD40LG;CDKN1A;CHEK2;CHUK;CXCL10;CXCL8;CYP1A2;CYP3A4;DUOX2;EGFR;ERBB2;GSTM1;GSTP1;HIF1A;HMOX1;ICAM1;IFNG;IGF2;IL10;IL1A;IL1B;IL2;IL6;MAPK1;MMP1;MMP2;MMP3;MMP9;MPO;MYC;NFE2L2;NFKBIA;NOS2;NOS3;NR1I2;ODC1;PLAU;PPARA;PPARG;PTGS1;PTGS2;RB1;RELA;SLC6A4;STAT1;TNF;TP53;VCAM1,"Disease targets for Ulcerative Colitis; exact medicinal-material matches from TCMSP, HERB 2.0, and ETCM 2.0; provisional because database screening definitions are heterogeneous and safety/pair evidence remain incomplete",139,81,乌梅＋大枣,0.466981,0.063492,1.0,0.235849,0.0,0.04717,44.936358,47.374543,60,TCMSP exact match,TCMSP exact match,False,1.0,1,0.438095,False
山药,莲子,15,20,32,3,12,17,True,53.2412,2,3,39.0,60.0,0.0,41.9965,80,33,0.8635,ABCC2;ABCG2;AHR;AKT1;ALOX5;APEX1;CASP3;CAT;CDKN1A;CHRNA7;CYP2C9;CYP3A4;EGFR;GPR35;HIF1A;KDR;MET;MMP9;MPO;MTOR;NOD2;NOS2;NR1I2;NR3C1;PLAU;PTGS1;PTGS2;RELA;SIRT1;SLC6A4;TP53;VEGFA,HIF1A;PLAU;SLC6A4,"Disease targets for Ulcerative Colitis; exact medicinal-material matches from TCMSP, HERB 2.0, and ETCM 2.0; provisional because database screening definitions are heterogeneous and safety/pair evidence remain incomplete",155,88,山药＋莲子,0.254717,0.90625,0.705882,0.754717,0.161765,0.622642,66.47423,47.289692,61,TCMSP exact match,ETCM 2.0 exact match LianZi,True,1.333333,1,0.428571,False
鱼腥草,生姜,59,8,60,7,52,1,True,67.1917,4,4,83.0,60.0,0.0,60.7767,472,0,0.0,ABCG2;AHR;AKT1;ALOX5;BAX;BCL2;BIRC5;CASP3;CASP8;CCL2;CCND1;CD40LG;CDKN1A;CHEK2;CHUK;CXCL10;CXCL8;CYP1A2;CYP3A4;DUOX2;EGFR;ERBB2;GSTM1;GSTP1;HIF1A;HMOX1;ICAM1;IFNG;IGF2;IKBKB;IL10;IL1A;IL1B;IL2;IL6;MAPK1;MMP1;MMP2;MMP3;MMP9;MPO;MYC;NFE2L2;NFKBIA;NOS2;NOS3;NR1I2;ODC1;PLAU;PPARA;PPARG;PTGS1;PTGS2;RB1;RELA;SLC6A4;STAT1;TNF;TP53;VCAM1,BAX;BCL2;CASP3;CASP8;PLAU;PTGS1;PTGS2,"Disease targets for Ulcerative Colitis; exact medicinal-material matches from TCMSP, HERB 2.0, and ETCM 2.0; provisional because database screening definitions are heterogeneous and safety/pair evidence remain incomplete",82,37,生姜＋鱼腥草,0.429245,0.883333,0.019231,0.099057,0.0,0.04717,33.202709,47.181084,62,TCMSP exact match,TCMSP exact match,False,7.375,1,0.419048,False
鱼腥草,砂仁,59,8,60,7,52,1,True,67.1917,4,4,83.0,60.0,0.0,60.7767,472,0,0.0,ABCG2;AHR;AKT1;ALOX5;BAX;BCL2;BIRC5;CASP3;CASP8;CCL2;CCND1;CD40LG;CDKN1A;CHEK2;CHUK;CXCL10;CXCL8;CYP1A2;CYP3A4;DUOX2;EGFR;ERBB2;GSTM1;GSTP1;HIF1A;HMOX1;ICAM1;IFNG;IGF2;IKBKB;IL10;IL1A;IL1B;IL2;IL6;MAPK1;MMP1;MMP2;MMP3;MMP9;MPO;MYC;NFE2L2;NFKBIA;NOS2;NOS3;NR1I2;ODC1;PLAU;PPARA;PPARG;PTGS1;PTGS2;RB1;RELA;SLC6A4;STAT1;TNF;TP53;VCAM1,BAX;BCL2;CASP3;CASP8;PLAU;PTGS1;PTGS2,"Disease targets for Ulcerative Colitis; exact medicinal-material matches from TCMSP, HERB 2.0, and ETCM 2.0; provisional because database screening definitions are heterogeneous and safety/pair evidence remain incomplete",83,38,砂仁＋鱼腥草,0.429245,0.883333,0.019231,0.099057,0.0,0.04717,33.202709,47.181084,63,TCMSP exact match,TCMSP exact match,False,7.375,1,0.409524,False
蒲公英,陈皮,37,18,44,11,26,7,True,53.3628,3,2,56.0,60.0,0.0,47.1451,285,50,0.8337,ADIPOQ;AKT1;ALB;BAX;BCL2;CASP1;CASP3;CASP8;CAT;CCL2;CHRNA7;GLS;GSTP1;HNF4A;IL13;IL1B;IL4;IL5;IL6;JUN;MAPK1;MAPK3;MMP1;MMP9;MYC;NFKB1;NFKBIA;NOS2;NR3C1;ODC1;PPARA;PPARG;PTGS1;PTGS2;RELA;RORC;SIRT1;SLC6A4;TCF7L2;TGFB1;TIMP1;TNF;TP53;XIST,BAX;BCL2;CASP3;MAPK1;MAPK3;NOS2;PPARG;PTGS1;PTGS2;RELA;TP53,"Disease targets for Ulcerative Colitis; exact medicinal-material matches from TCMSP, HERB 2.0, and ETCM 2.0; provisional because database screening definitions are heterogeneous and safety/pair evidence remain incomplete",120,67,蒲公英＋陈皮,0.386792,0.75,0.269231,0.566038,0.274725,0.95283,52.58164,46.832656,64,HERB 2.0 exact match HERB004401,TCMSP exact match,True,2.055556,1,0.4,False
蒲公英,槐米,37,96,99,34,3,62,True,78.829,4,3,69.6667,60.0,0.0,61.4316,1011,3,0.839,ABCB1;AGER;AHR;AKT1;ALB;ALOX5;BAX;BCL2;BRCA1;CASP1;CASP3;CASP8;CAT;CCL11;CCL2;CCND1;CD274;CD44;CD86;CDH1;CDKN2A;CFTR;CHRNA7;CXCL8;CYP1A2;CYP2C19;CYP2C9;CYP2D6;CYP3A4;EGFR;FGFR2;GLS;GSTM1;GSTP1;HIF1A;HMOX1;HNF4A;HSD17B10;ICAM1;IFNG;IKBKB;IL10;IL13;IL17A;IL18;IL1A;IL1B;IL2;IL4;IL5;IL6;JAK2;JUN;KDR;KEAP1;LCN2;MAPK1;MAPK3;MIR21;MMP1;MMP2;MMP9;MYC;NFATC1;NFE2L2;NFKB1;NFKBIA;NLRP3;NOS2;NOS3;NR1I2;NR3C1;ODC1;PIK3CA;POLD1;PPARA;PPARG;PRKCQ;PTEN;PTGS1;PTGS2;RELA;RORC;SIRT1;SLC6A4;SOD2;SRC;STAT1;STAT3;TCF7L2;TERT;TGFB1;TJP1;TNF;TP53;TYK2;VCAM1;VEGFA;XIST,ALB;BAX;BCL2;CASP1;CASP3;CASP8;CCL2;CHRNA7;GLS;HNF4A;IL13;IL1B;IL4;IL5;IL6;JUN;MAPK1;MAPK3;MMP1;MYC;NFKB1;NFKBIA;NOS2;NR3C1;PPARG;PTGS1;PTGS2;RELA;RORC;SIRT1;SLC6A4;TGFB1;TNF;TP53,"Disease targets for Ulcerative Colitis; exact medicinal-material matches from TCMSP, HERB 2.0, and ETCM 2.0; provisional because database screening definitions are heterogeneous and safety/pair evidence remain incomplete",73,36,槐米＋蒲公英,0.90566,0.656566,0.048387,0.311321,0.016129,0.09434,41.592169,46.536878,65,HERB 2.0 exact match HERB004401,HERB 2.0 exact match HERB002472,True,2.594595,1,0.390476,False
莲子,藿香,20,27,34,13,7,14,True,42.759,2,3,59.0,60.0,0.0,43.8036,63,10,0.8316,ABCG2;AHR;ALOX5;APEX1;CASP3;CHRNA7;CYP2C19;CYP2C9;CYP3A4;EGFR;ELANE;GPBAR1;GPR35;GSTM1;HIF1A;KDR;MET;MMP9;MPO;NLRP3;NOD2;NOS2;PLAU;PPARG;PTGS2;PTPN2;PTPRC;SI;SIRT1;SLC6A4;TERT;TNF;VDR;VEGFA,ABCG2;AHR;ALOX5;APEX1;CHRNA7;CYP2C9;CYP3A4;EGFR;GPR35;KDR;MET;MMP9;MPO,"Disease targets for Ulcerative Colitis; exact medicinal-material matches from TCMSP, HERB 2.0, and ETCM 2.0; provisional because database screening definitions are heterogeneous and safety/pair evidence remain incomplete",138,80,莲子＋藿香,0.273585,0.617647,0.5,0.566038,0.102041,0.419811,48.601554,46.140622,66,ETCM 2.0 exact match LianZi,ETCM 2.0 exact match HuoXiang,True,1.35,1,0.380952,False
蒲公英,薏苡仁,37,3,38,2,35,1,True,58.0717,3,3,71.0,60.0,0.0,53.5287,218,6,0.7578,ALB;BAX;BCL2;CASP1;CASP3;CASP8;CCL2;CHRNA7;GLS;HNF4A;IL13;IL1B;IL4;IL5;IL6;JUN;MAPK1;MAPK3;MMP1;MYC;NFKB1;NFKBIA;NOS2;NR3C1;ODC1;PLAU;PPARG;PTGS1;PTGS2;RELA;RORC;SIRT1;SLC6A4;TCF7L2;TGFB1;TNF;TP53;XIST,PTGS1;PTGS2,"Disease targets for Ulcerative Colitis; exact medicinal-material matches from TCMSP, HERB 2.0, and ETCM 2.0; provisional because database screening definitions are heterogeneous and safety/pair evidence remain incomplete",107,56,蒲公英＋薏苡仁,0.330189,0.947368,0.028571,0.099057,0.171429,0.669811,39.329089,46.031636,67,HERB 2.0 exact match HERB004401,TCMSP exact match,True,12.333333,1,0.371429,False
蒲公英,生姜,37,8,38,7,30,1,True,52.8086,3,3,71.0,60.0,0.0,51.4234,218,6,0.7578,ALB;BAX;BCL2;CASP1;CASP3;CASP8;CCL2;CHRNA7;GLS;HNF4A;IL13;IL1B;IL4;IL5;IL6;JUN;MAPK1;MAPK3;MMP1;MYC;NFKB1;NFKBIA;NOS2;NR3C1;ODC1;PLAU;PPARG;PTGS1;PTGS2;RELA;RORC;SIRT1;SLC6A4;TCF7L2;TGFB1;TNF;TP53;XIST,BAX;BCL2;CASP3;CASP8;PTGS1;PTGS2;SLC6A4,"Disease targets for Ulcerative Colitis; exact medicinal-material matches from TCMSP, HERB 2.0, and ETCM 2.0; provisional because database screening definitions are heterogeneous and safety/pair evidence remain incomplete",109,58,生姜＋蒲公英,0.330189,0.815789,0.033333,0.099057,0.2,0.849057,37.974926,45.48997,68,HERB 2.0 exact match HERB004401,TCMSP exact match,True,4.625,1,0.361905,False
蒲公英,砂仁,37,8,38,7,30,1,True,52.8086,3,3,71.0,60.0,0.0,51.4234,218,6,0.7578,ALB;BAX;BCL2;CASP1;CASP3;CASP8;CCL2;CHRNA7;GLS;HNF4A;IL13;IL1B;IL4;IL5;IL6;JUN;MAPK1;MAPK3;MMP1;MYC;NFKB1;NFKBIA;NOS2;NR3C1;ODC1;PLAU;PPARG;PTGS1;PTGS2;RELA;RORC;SIRT1;SLC6A4;TCF7L2;TGFB1;TNF;TP53;XIST,BAX;BCL2;CASP3;CASP8;PTGS1;PTGS2;SLC6A4,"Disease targets for Ulcerative Colitis; exact medicinal-material matches from TCMSP, HERB 2.0, and ETCM 2.0; provisional because database screening definitions are heterogeneous and safety/pair evidence remain incomplete",110,59,砂仁＋蒲公英,0.330189,0.815789,0.033333,0.099057,0.2,0.849057,37.974926,45.48997,69,HERB 2.0 exact match HERB004401,TCMSP exact match,True,4.625,1,0.352381,False
蒲公英,白扁豆,37,11,42,6,31,5,True,56.5866,2,2,54.0,60.0,0.0,47.8346,261,34,0.8328,AKT1;ALB;BAX;BCL2;CASP1;CASP3;CASP8;CCL2;CHRNA7;CYP1A2;CYP3A4;GLS;HMOX1;HNF4A;IL13;IL1B;IL4;IL5;IL6;JUN;MAPK1;MAPK3;MMP1;MMP2;MYC;NFKB1;NFKBIA;NOS2;NR3C1;ODC1;PPARG;PTGS1;PTGS2;RELA;RORC;SIRT1;SLC6A4;TCF7L2;TGFB1;TNF;TP53;XIST,BCL2;CASP3;CASP8;MMP1;MYC;PTGS2,"Disease targets for Ulcerative Colitis; exact medicinal-material matches from TCMSP, HERB 2.0, and ETCM 2.0; provisional because database screening definitions are heterogeneous and safety/pair evidence remain incomplete",115,62,白扁豆＋蒲公英,0.372642,0.857143,0.16129,0.509434,0.219355,0.910377,50.465394,45.386158,70,HERB 2.0 exact match HERB004401,TCMSP exact match,True,3.363636,1,0.342857,False
蒲公英,芡实,37,11,42,6,31,5,True,56.5866,2,2,54.0,60.0,0.0,47.8346,261,34,0.8328,AKT1;ALB;BAX;BCL2;CASP1;CASP3;CASP8;CCL2;CHRNA7;CYP1A2;CYP3A4;GLS;HMOX1;HNF4A;IL13;IL1B;IL4;IL5;IL6;JUN;MAPK1;MAPK3;MMP1;MMP2;MYC;NFKB1;NFKBIA;NOS2;NR3C1;ODC1;PPARG;PTGS1;PTGS2;RELA;RORC;SIRT1;SLC6A4;TCF7L2;TGFB1;TNF;TP53;XIST,BCL2;CASP3;CASP8;MMP1;MYC;PTGS2,"Disease targets for Ulcerative Colitis; exact medicinal-material matches from TCMSP, HERB 2.0, and ETCM 2.0; provisional because database screening definitions are heterogeneous and safety/pair evidence remain incomplete",116,63,芡实＋蒲公英,0.372642,0.857143,0.16129,0.509434,0.219355,0.910377,50.465394,45.386158,71,HERB 2.0 exact match HERB004401,TCMSP exact match,True,3.363636,1,0.333333,False
陈皮,藿香,18,27,41,4,14,23,True,57.8675,1,1,37.0,60.0,0.0,43.247,118,31,0.8533,ABCG2;ADIPOQ;AHR;AKT1;ALOX5;APEX1;BAX;BCL2;CASP3;CAT;CHRNA7;CYP2C19;CYP2C9;CYP3A4;EGFR;ELANE;GPBAR1;GPR35;GSTM1;GSTP1;KDR;MAPK1;MAPK3;MET;MMP9;MPO;NLRP3;NOS2;PPARA;PPARG;PTGS1;PTGS2;PTPN2;PTPRC;RELA;SI;TERT;TIMP1;TNF;TP53;VDR,MMP9;NOS2;PPARG;PTGS2,"Disease targets for Ulcerative Colitis; exact medicinal-material matches from TCMSP, HERB 2.0, and ETCM 2.0; provisional because database screening definitions are heterogeneous and safety/pair evidence remain incomplete",148,85,藿香＋陈皮,0.358491,0.902439,0.608696,0.792453,0.096273,0.320755,63.085996,45.334398,72,TCMSP exact match,ETCM 2.0 exact match HuoXiang,True,1.5,1,0.32381,False
金银花,大枣,63,61,65,59,4,2,True,38.2056,4,4,68.0,60.0,0.0,44.6822,517,1,0.851,ABCG2;AHR;AKT1;ALOX5;BAX;BCL2;BIRC5;CASP3;CASP8;CAT;CCL2;CCND1;CD40LG;CDK4;CDKN1A;CHEK2;CHUK;CXCL10;CXCL8;CYP1A2;CYP3A4;DUOX2;EGFR;ERBB2;GSTM1;GSTP1;HIF1A;HMOX1;ICAM1;IFNG;IGF2;IKBKB;IL10;IL1A;IL1B;IL2;IL4;IL6;KDR;MAPK1;MET;MMP1;MMP2;MMP3;MMP9;MPO;MYC;NFE2L2;NFKBIA;NOS2;NOS3;NR1I2;ODC1;PLAU;PPARA;PPARG;PTGS1;PTGS2;RB1;RELA;SLC6A4;STAT1;TNF;TP53;VCAM1,ABCG2;AHR;AKT1;ALOX5;BAX;BCL2;BIRC5;CASP3;CASP8;CCL2;CCND1;CD40LG;CDKN1A;CHEK2;CHUK;CXCL10;CXCL8;CYP1A2;CYP3A4;DUOX2;EGFR;ERBB2;GSTM1;GSTP1;HIF1A;HMOX1;ICAM1;IFNG;IGF2;IL10;IL1A;IL1B;IL2;IL6;MAPK1;MMP1;MMP2;MMP3;MMP9;MPO;MYC;NFE2L2;NFKBIA;NOS2;NOS3;NR1I2;ODC1;PLAU;PPARA;PPARG;PTGS1;PTGS2;RB1;RELA;SLC6A4;STAT1;TNF;TP53;VCAM1,"Disease targets for Ulcerative Colitis; exact medicinal-material matches from TCMSP, HERB 2.0, and ETCM 2.0; provisional because database screening definitions are heterogeneous and safety/pair evidence remain incomplete",131,73,大枣＋金银花,0.566038,0.092308,0.5,0.235849,0.125,0.495283,37.119013,44.247605,73,TCMSP exact match,TCMSP exact match,False,1.032787,1,0.314286,False
马齿苋,大枣,63,61,65,59,4,2,True,38.2056,4,4,68.0,60.0,0.0,44.6822,517,1,0.851,ABCG2;AHR;AKT1;ALOX5;BAX;BCL2;BIRC5;CASP3;CASP8;CAT;CCL2;CCND1;CD40LG;CDK4;CDKN1A;CHEK2;CHUK;CXCL10;CXCL8;CYP1A2;CYP3A4;DUOX2;EGFR;ERBB2;GSTM1;GSTP1;HIF1A;HMOX1;ICAM1;IFNG;IGF2;IKBKB;IL10;IL1A;IL1B;IL2;IL4;IL6;KDR;MAPK1;MET;MMP1;MMP2;MMP3;MMP9;MPO;MYC;NFE2L2;NFKBIA;NOS2;NOS3;NR1I2;ODC1;PLAU;PPARA;PPARG;PTGS1;PTGS2;RB1;RELA;SLC6A4;STAT1;TNF;TP53;VCAM1,ABCG2;AHR;AKT1;ALOX5;BAX;BCL2;BIRC5;CASP3;CASP8;CCL2;CCND1;CD40LG;CDKN1A;CHEK2;CHUK;CXCL10;CXCL8;CYP1A2;CYP3A4;DUOX2;EGFR;ERBB2;GSTM1;GSTP1;HIF1A;HMOX1;ICAM1;IFNG;IGF2;IL10;IL1A;IL1B;IL2;IL6;MAPK1;MMP1;MMP2;MMP3;MMP9;MPO;MYC;NFE2L2;NFKBIA;NOS2;NOS3;NR1I2;ODC1;PLAU;PPARA;PPARG;PTGS1;PTGS2;RB1;RELA;SLC6A4;STAT1;TNF;TP53;VCAM1,"Disease targets for Ulcerative Colitis; exact medicinal-material matches from TCMSP, HERB 2.0, and ETCM 2.0; provisional because database screening definitions are heterogeneous and safety/pair evidence remain incomplete",132,74,大枣＋马齿苋,0.566038,0.092308,0.5,0.235849,0.125,0.495283,37.119013,44.247605,74,TCMSP exact match,TCMSP exact match,False,1.032787,1,0.304762,False
莲子,生姜,20,8,25,3,17,5,True,48.4743,2,3,52.3333,60.0,0.0,44.0897,47,14,0.8586,ABCG2;AHR;ALOX5;APEX1;BAX;BCL2;CASP3;CASP8;CHRNA7;CYP2C9;CYP3A4;EGFR;GPR35;HIF1A;KDR;MET;MMP9;MPO;NOD2;PLAU;PTGS1;PTGS2;SIRT1;SLC6A4;VEGFA,CASP3;PLAU;SLC6A4,"Disease targets for Ulcerative Colitis; exact medicinal-material matches from TCMSP, HERB 2.0, and ETCM 2.0; provisional because database screening definitions are heterogeneous and safety/pair evidence remain incomplete",134,76,生姜＋莲子,0.183962,0.88,0.294118,0.509434,0.164706,0.646226,48.606548,44.142609,75,ETCM 2.0 exact match LianZi,TCMSP exact match,True,2.5,1,0.295238,False
莲子,砂仁,20,8,25,3,17,5,True,48.4743,2,3,52.3333,60.0,0.0,44.0897,47,14,0.8586,ABCG2;AHR;ALOX5;APEX1;BAX;BCL2;CASP3;CASP8;CHRNA7;CYP2C9;CYP3A4;EGFR;GPR35;HIF1A;KDR;MET;MMP9;MPO;NOD2;PLAU;PTGS1;PTGS2;SIRT1;SLC6A4;VEGFA,CASP3;PLAU;SLC6A4,"Disease targets for Ulcerative Colitis; exact medicinal-material matches from TCMSP, HERB 2.0, and ETCM 2.0; provisional because database screening definitions are heterogeneous and safety/pair evidence remain incomplete",135,77,砂仁＋莲子,0.183962,0.88,0.294118,0.509434,0.164706,0.646226,48.606548,44.142609,76,ETCM 2.0 exact match LianZi,TCMSP exact match,True,2.5,1,0.285714,False
山药,生姜,15,8,19,4,11,4,True,41.6674,2,3,52.3333,60.0,0.0,41.367,50,17,0.8714,ABCC2;AKT1;BAX;BCL2;CASP3;CASP8;CAT;CDKN1A;HIF1A;MTOR;NOS2;NR1I2;NR3C1;PLAU;PTGS1;PTGS2;RELA;SLC6A4;TP53,PLAU;PTGS1;PTGS2;SLC6A4,"Disease targets for Ulcerative Colitis; exact medicinal-material matches from TCMSP, HERB 2.0, and ETCM 2.0; provisional because database screening definitions are heterogeneous and safety/pair evidence remain incomplete",159,92,山药＋生姜,0.09434,0.789474,0.363636,0.415094,0.386364,0.976415,48.523292,44.109307,77,TCMSP exact match,TCMSP exact match,False,1.875,1,0.27619,False
山药,砂仁,15,8,19,4,11,4,True,41.6674,2,3,52.3333,60.0,0.0,41.367,50,17,0.8714,ABCC2;AKT1;BAX;BCL2;CASP3;CASP8;CAT;CDKN1A;HIF1A;MTOR;NOS2;NR1I2;NR3C1;PLAU;PTGS1;PTGS2;RELA;SLC6A4;TP53,PLAU;PTGS1;PTGS2;SLC6A4,"Disease targets for Ulcerative Colitis; exact medicinal-material matches from TCMSP, HERB 2.0, and ETCM 2.0; provisional because database screening definitions are heterogeneous and safety/pair evidence remain incomplete",160,93,山药＋砂仁,0.09434,0.789474,0.363636,0.415094,0.386364,0.976415,48.523292,44.109307,78,TCMSP exact match,TCMSP exact match,False,1.875,1,0.266667,False
茯苓,莲子,2,20,22,0,2,20,True,51.6814,2,3,59.0,60.0,0.0,47.3726,32,8,0.8952,ABCG2;AHR;ALOX5;APEX1;CASP3;CHRNA7;CYP2C9;CYP3A4;EGFR;GPR35;HIF1A;KDR;MET;MMP9;MPO;NOD2;PLAU;PTGS1;PTGS2;SIRT1;SLC6A4;VEGFA,,"Disease targets for Ulcerative Colitis; exact medicinal-material matches from TCMSP, HERB 2.0, and ETCM 2.0; provisional because database screening definitions are heterogeneous and safety/pair evidence remain incomplete",119,66,茯苓＋莲子,0.136792,1.0,0.1,0.235849,0.2,0.849057,42.764151,43.80566,79,TCMSP exact match,ETCM 2.0 exact match LianZi,True,10.0,1,0.257143,False
白扁豆,陈皮,11,18,25,4,7,14,True,46.8743,1,1,37.0,60.0,0.0,38.8497,91,20,0.8691,ADIPOQ;AKT1;BAX;BCL2;CASP3;CASP8;CAT;CYP1A2;CYP3A4;GSTP1;HMOX1;MAPK1;MAPK3;MMP1;MMP2;MMP9;MYC;NOS2;PPARA;PPARG;PTGS1;PTGS2;RELA;TIMP1;TP53,AKT1;BCL2;CASP3;PTGS2,"Disease targets for Ulcerative Colitis; exact medicinal-material matches from TCMSP, HERB 2.0, and ETCM 2.0; provisional because database screening definitions are heterogeneous and safety/pair evidence remain incomplete",163,94,白扁豆＋陈皮,0.183962,0.84,0.5,0.566038,0.204082,0.872642,56.896226,42.858491,80,TCMSP exact match,TCMSP exact match,False,1.636364,1,0.247619,False
芡实,陈皮,11,18,25,4,7,14,True,46.8743,1,1,37.0,60.0,0.0,38.8497,91,20,0.8691,ADIPOQ;AKT1;BAX;BCL2;CASP3;CASP8;CAT;CYP1A2;CYP3A4;GSTP1;HMOX1;MAPK1;MAPK3;MMP1;MMP2;MMP9;MYC;NOS2;PPARA;PPARG;PTGS1;PTGS2;RELA;TIMP1;TP53,AKT1;BCL2;CASP3;PTGS2,"Disease targets for Ulcerative Colitis; exact medicinal-material matches from TCMSP, HERB 2.0, and ETCM 2.0; provisional because database screening definitions are heterogeneous and safety/pair evidence remain incomplete",164,95,芡实＋陈皮,0.183962,0.84,0.5,0.566038,0.204082,0.872642,56.896226,42.858491,81,TCMSP exact match,TCMSP exact match,False,1.636364,1,0.238095,False
金银花,甘草,63,67,68,62,1,5,True,39.6356,4,4,68.0,60.0,0.0,45.2542,585,2,0.916,ABCG2;ADIPOQ;AHR;AKT1;ALOX5;BAX;BCL2;BIRC5;CASP3;CASP8;CAT;CCL2;CCND1;CD40LG;CDK4;CDKN1A;CHEK2;CHUK;CXCL10;CXCL8;CYP1A2;CYP3A4;DUOX2;EGFR;ERBB2;GSTM1;GSTP1;HIF1A;HMOX1;ICAM1;IFNG;IGF2;IKBKB;IL10;IL1A;IL1B;IL2;IL4;IL6;KDR;MAPK1;MAPK3;MET;MMP1;MMP2;MMP3;MMP9;MPO;MYC;NFE2L2;NFKBIA;NOS2;NOS3;NR1I2;ODC1;PLAU;PPARA;PPARG;PTGS1;PTGS2;RB1;RELA;SLC6A4;STAT1;STAT3;TNF;TP53;VCAM1,ABCG2;AHR;AKT1;ALOX5;BAX;BCL2;BIRC5;CASP3;CASP8;CCL2;CCND1;CD40LG;CDK4;CDKN1A;CHEK2;CHUK;CXCL10;CXCL8;CYP1A2;CYP3A4;DUOX2;EGFR;ERBB2;GSTM1;GSTP1;HIF1A;HMOX1;ICAM1;IFNG;IGF2;IKBKB;IL10;IL1A;IL1B;IL2;IL4;IL6;MAPK1;MMP1;MMP2;MMP3;MMP9;MPO;MYC;NFE2L2;NFKBIA;NOS2;NOS3;NR1I2;ODC1;PLAU;PPARA;PPARG;PTGS1;PTGS2;RB1;RELA;SLC6A4;STAT1;TNF;TP53;VCAM1,"Disease targets for Ulcerative Colitis; exact medicinal-material matches from TCMSP, HERB 2.0, and ETCM 2.0; provisional because database screening definitions are heterogeneous and safety/pair evidence remain incomplete",128,71,甘草＋金银花,0.636792,0.088235,0.2,0.099057,0.4,0.995283,32.380411,42.352164,82,TCMSP exact match,TCMSP exact match,False,1.063492,1,0.228571,False
马齿苋,甘草,63,67,68,62,1,5,True,39.6356,4,4,68.0,60.0,0.0,45.2542,585,2,0.916,ABCG2;ADIPOQ;AHR;AKT1;ALOX5;BAX;BCL2;BIRC5;CASP3;CASP8;CAT;CCL2;CCND1;CD40LG;CDK4;CDKN1A;CHEK2;CHUK;CXCL10;CXCL8;CYP1A2;CYP3A4;DUOX2;EGFR;ERBB2;GSTM1;GSTP1;HIF1A;HMOX1;ICAM1;IFNG;IGF2;IKBKB;IL10;IL1A;IL1B;IL2;IL4;IL6;KDR;MAPK1;MAPK3;MET;MMP1;MMP2;MMP3;MMP9;MPO;MYC;NFE2L2;NFKBIA;NOS2;NOS3;NR1I2;ODC1;PLAU;PPARA;PPARG;PTGS1;PTGS2;RB1;RELA;SLC6A4;STAT1;STAT3;TNF;TP53;VCAM1,ABCG2;AHR;AKT1;ALOX5;BAX;BCL2;BIRC5;CASP3;CASP8;CCL2;CCND1;CD40LG;CDK4;CDKN1A;CHEK2;CHUK;CXCL10;CXCL8;CYP1A2;CYP3A4;DUOX2;EGFR;ERBB2;GSTM1;GSTP1;HIF1A;HMOX1;ICAM1;IFNG;IGF2;IKBKB;IL10;IL1A;IL1B;IL2;IL4;IL6;MAPK1;MMP1;MMP2;MMP3;MMP9;MPO;MYC;NFE2L2;NFKBIA;NOS2;NOS3;NR1I2;ODC1;PLAU;PPARA;PPARG;PTGS1;PTGS2;RB1;RELA;SLC6A4;STAT1;TNF;TP53;VCAM1,"Disease targets for Ulcerative Colitis; exact medicinal-material matches from TCMSP, HERB 2.0, and ETCM 2.0; provisional because database screening definitions are heterogeneous and safety/pair evidence remain incomplete",129,72,甘草＋马齿苋,0.636792,0.088235,0.2,0.099057,0.4,0.995283,32.380411,42.352164,83,TCMSP exact match,TCMSP exact match,False,1.063492,1,0.219048,False
薏苡仁,莲子,3,20,22,1,2,19,True,49.8632,2,3,52.3333,60.0,0.0,44.6453,32,8,0.8952,ABCG2;AHR;ALOX5;APEX1;CASP3;CHRNA7;CYP2C9;CYP3A4;EGFR;GPR35;HIF1A;KDR;MET;MMP9;MPO;NOD2;PLAU;PTGS1;PTGS2;SIRT1;SLC6A4;VEGFA,PLAU,"Disease targets for Ulcerative Colitis; exact medicinal-material matches from TCMSP, HERB 2.0, and ETCM 2.0; provisional because database screening definitions are heterogeneous and safety/pair evidence remain incomplete",133,75,莲子＋薏苡仁,0.136792,0.954545,0.105263,0.235849,0.210526,0.886792,42.163041,41.565206,84,TCMSP exact match,ETCM 2.0 exact match LianZi,True,6.666667,1,0.209524,False
陈皮,生姜,18,8,21,5,13,3,True,41.6266,2,2,54.0,60.0,0.0,41.8507,62,7,0.8023,ADIPOQ;AKT1;BAX;BCL2;CASP3;CASP8;CAT;GSTP1;MAPK1;MAPK3;MMP9;NOS2;PLAU;PPARA;PPARG;PTGS1;PTGS2;RELA;SLC6A4;TIMP1;TP53,BAX;BCL2;CASP3;PTGS1;PTGS2,"Disease targets for Ulcerative Colitis; exact medicinal-material matches from TCMSP, HERB 2.0, and ETCM 2.0; provisional because database screening definitions are heterogeneous and safety/pair evidence remain incomplete",156,89,生姜＋陈皮,0.117925,0.761905,0.230769,0.311321,0.179487,0.768868,40.687677,41.475071,85,TCMSP exact match,TCMSP exact match,False,2.25,1,0.2,False
陈皮,砂仁,18,8,21,5,13,3,True,41.6266,2,2,54.0,60.0,0.0,41.8507,62,7,0.8023,ADIPOQ;AKT1;BAX;BCL2;CASP3;CASP8;CAT;GSTP1;MAPK1;MAPK3;MMP9;NOS2;PLAU;PPARA;PPARG;PTGS1;PTGS2;RELA;SLC6A4;TIMP1;TP53,BAX;BCL2;CASP3;PTGS1;PTGS2,"Disease targets for Ulcerative Colitis; exact medicinal-material matches from TCMSP, HERB 2.0, and ETCM 2.0; provisional because database screening definitions are heterogeneous and safety/pair evidence remain incomplete",157,90,砂仁＋陈皮,0.117925,0.761905,0.230769,0.311321,0.179487,0.768868,40.687677,41.475071,86,TCMSP exact match,TCMSP exact match,False,2.25,1,0.190476,False
栀子,大枣,60,61,62,59,1,2,True,34.8558,4,4,68.0,60.0,0.0,43.3423,482,0,0.0,ABCG2;AHR;AKT1;ALOX5;BAX;BCL2;BIRC5;CASP3;CASP8;CAT;CCL2;CCND1;CD40LG;CDKN1A;CHEK2;CHUK;CXCL10;CXCL8;CYP1A2;CYP3A4;DUOX2;EGFR;ERBB2;GSTM1;GSTP1;HIF1A;HMOX1;ICAM1;IFNG;IGF2;IKBKB;IL10;IL1A;IL1B;IL2;IL6;KDR;MAPK1;MMP1;MMP2;MMP3;MMP9;MPO;MYC;NFE2L2;NFKBIA;NOS2;NOS3;NR1I2;ODC1;PLAU;PPARA;PPARG;PTGS1;PTGS2;RB1;RELA;SLC6A4;STAT1;TNF;TP53;VCAM1,ABCG2;AHR;AKT1;ALOX5;BAX;BCL2;BIRC5;CASP3;CASP8;CCL2;CCND1;CD40LG;CDKN1A;CHEK2;CHUK;CXCL10;CXCL8;CYP1A2;CYP3A4;DUOX2;EGFR;ERBB2;GSTM1;GSTP1;HIF1A;HMOX1;ICAM1;IFNG;IGF2;IL10;IL1A;IL1B;IL2;IL6;MAPK1;MMP1;MMP2;MMP3;MMP9;MPO;MYC;NFE2L2;NFKBIA;NOS2;NOS3;NR1I2;ODC1;PLAU;PPARA;PPARG;PTGS1;PTGS2;RB1;RELA;SLC6A4;STAT1;TNF;TP53;VCAM1,"Disease targets for Ulcerative Colitis; exact medicinal-material matches from TCMSP, HERB 2.0, and ETCM 2.0; provisional because database screening definitions are heterogeneous and safety/pair evidence remain incomplete",147,84,大枣＋栀子,0.448113,0.048387,0.5,0.099057,0.0,0.04717,27.129489,40.251795,87,TCMSP exact match,TCMSP exact match,False,1.016667,1,0.180952,False
白扁豆,生姜,11,8,15,4,7,4,True,37.2979,1,1,37.0,60.0,0.0,35.0192,35,5,0.761,AKT1;BAX;BCL2;CASP3;CASP8;CYP1A2;CYP3A4;HMOX1;MMP1;MMP2;MYC;PLAU;PTGS1;PTGS2;SLC6A4,BCL2;CASP3;CASP8;PTGS2,"Disease targets for Ulcerative Colitis; exact medicinal-material matches from TCMSP, HERB 2.0, and ETCM 2.0; provisional because database screening definitions are heterogeneous and safety/pair evidence remain incomplete",171,98,生姜＋白扁豆,0.061321,0.733333,0.571429,0.415094,0.178571,0.740566,50.334681,40.233872,88,TCMSP exact match,TCMSP exact match,False,1.375,1,0.171429,False
芡实,生姜,11,8,15,4,7,4,True,37.2979,1,1,37.0,60.0,0.0,35.0192,35,5,0.761,AKT1;BAX;BCL2;CASP3;CASP8;CYP1A2;CYP3A4;HMOX1;MMP1;MMP2;MYC;PLAU;PTGS1;PTGS2;SLC6A4,BCL2;CASP3;CASP8;PTGS2,"Disease targets for Ulcerative Colitis; exact medicinal-material matches from TCMSP, HERB 2.0, and ETCM 2.0; provisional because database screening definitions are heterogeneous and safety/pair evidence remain incomplete",173,100,生姜＋芡实,0.061321,0.733333,0.571429,0.415094,0.178571,0.740566,50.334681,40.233872,89,TCMSP exact match,TCMSP exact match,False,1.375,1,0.161905,False
白扁豆,砂仁,11,8,15,4,7,4,True,37.2979,1,1,37.0,60.0,0.0,35.0192,35,5,0.761,AKT1;BAX;BCL2;CASP3;CASP8;CYP1A2;CYP3A4;HMOX1;MMP1;MMP2;MYC;PLAU;PTGS1;PTGS2;SLC6A4,BCL2;CASP3;CASP8;PTGS2,"Disease targets for Ulcerative Colitis; exact medicinal-material matches from TCMSP, HERB 2.0, and ETCM 2.0; provisional because database screening definitions are heterogeneous and safety/pair evidence remain incomplete",172,99,白扁豆＋砂仁,0.061321,0.733333,0.571429,0.415094,0.178571,0.740566,50.334681,40.233872,90,TCMSP exact match,TCMSP exact match,False,1.375,1,0.152381,False
芡实,砂仁,11,8,15,4,7,4,True,37.2979,1,1,37.0,60.0,0.0,35.0192,35,5,0.761,AKT1;BAX;BCL2;CASP3;CASP8;CYP1A2;CYP3A4;HMOX1;MMP1;MMP2;MYC;PLAU;PTGS1;PTGS2;SLC6A4,BCL2;CASP3;CASP8;PTGS2,"Disease targets for Ulcerative Colitis; exact medicinal-material matches from TCMSP, HERB 2.0, and ETCM 2.0; provisional because database screening definitions are heterogeneous and safety/pair evidence remain incomplete",174,101,砂仁＋芡实,0.061321,0.733333,0.571429,0.415094,0.178571,0.740566,50.334681,40.233872,91,TCMSP exact match,TCMSP exact match,False,1.375,1,0.142857,False
乌梅,甘草,61,67,68,60,1,7,True,40.8121,4,4,68.0,60.0,0.0,45.7248,583,1,0.981,ABCG2;ADIPOQ;AHR;AKT1;ALOX5;BAX;BCL2;BIRC5;CASP3;CASP8;CAT;CCL2;CCND1;CD40LG;CDK4;CDKN1A;CHEK2;CHUK;CXCL10;CXCL8;CYP1A2;CYP3A4;DUOX2;EGFR;ERBB2;GSTM1;GSTP1;HIF1A;HMOX1;ICAM1;IFNG;IGF2;IKBKB;IL10;IL1A;IL1B;IL2;IL4;IL6;KDR;MAPK1;MAPK3;MMP1;MMP2;MMP3;MMP9;MPO;MYC;NFE2L2;NFKBIA;NOS2;NOS3;NR1I2;NR3C1;ODC1;PLAU;PPARA;PPARG;PTGS1;PTGS2;RB1;RELA;SLC6A4;STAT1;STAT3;TNF;TP53;VCAM1,ABCG2;AHR;AKT1;ALOX5;BAX;BCL2;BIRC5;CASP3;CASP8;CCL2;CCND1;CD40LG;CDKN1A;CHEK2;CHUK;CXCL10;CXCL8;CYP1A2;CYP3A4;DUOX2;EGFR;ERBB2;GSTM1;GSTP1;HIF1A;HMOX1;ICAM1;IFNG;IGF2;IKBKB;IL10;IL1A;IL1B;IL2;IL6;MAPK1;MMP1;MMP2;MMP3;MMP9;MPO;MYC;NFE2L2;NFKBIA;NOS2;NOS3;NR1I2;ODC1;PLAU;PPARA;PPARG;PTGS1;PTGS2;RB1;RELA;SLC6A4;STAT1;TNF;TP53;VCAM1,"Disease targets for Ulcerative Colitis; exact medicinal-material matches from TCMSP, HERB 2.0, and ETCM 2.0; provisional because database screening definitions are heterogeneous and safety/pair evidence remain incomplete",125,70,乌梅＋甘草,0.636792,0.117647,0.142857,0.099057,0.142857,0.537736,26.825947,40.130379,92,TCMSP exact match,TCMSP exact match,False,1.098361,1,0.133333,False
藿香,生姜,27,8,34,1,26,7,True,56.8766,1,1,37.0,60.0,0.0,42.8507,67,17,0.8442,ABCG2;AHR;ALOX5;APEX1;BAX;BCL2;CASP3;CASP8;CHRNA7;CYP2C19;CYP2C9;CYP3A4;EGFR;ELANE;GPBAR1;GPR35;GSTM1;KDR;MET;MMP9;MPO;NLRP3;NOS2;PLAU;PPARG;PTGS1;PTGS2;PTPN2;PTPRC;SI;SLC6A4;TERT;TNF;VDR,PTGS2,"Disease targets for Ulcerative Colitis; exact medicinal-material matches from TCMSP, HERB 2.0, and ETCM 2.0; provisional because database screening definitions are heterogeneous and safety/pair evidence remain incomplete",151,87,生姜＋藿香,0.273585,0.970588,0.269231,0.566038,0.093407,0.259434,48.898233,39.659293,93,ETCM 2.0 exact match HuoXiang,TCMSP exact match,True,3.375,1,0.12381,False
砂仁,藿香,8,27,34,1,7,26,True,56.8766,1,1,37.0,60.0,0.0,42.8507,67,17,0.8442,ABCG2;AHR;ALOX5;APEX1;BAX;BCL2;CASP3;CASP8;CHRNA7;CYP2C19;CYP2C9;CYP3A4;EGFR;ELANE;GPBAR1;GPR35;GSTM1;KDR;MET;MMP9;MPO;NLRP3;NOS2;PLAU;PPARG;PTGS1;PTGS2;PTPN2;PTPRC;SI;SLC6A4;TERT;TNF;VDR,PTGS2,"Disease targets for Ulcerative Colitis; exact medicinal-material matches from TCMSP, HERB 2.0, and ETCM 2.0; provisional because database screening definitions are heterogeneous and safety/pair evidence remain incomplete",150,86,砂仁＋藿香,0.273585,0.970588,0.269231,0.566038,0.093407,0.259434,48.898233,39.659293,94,TCMSP exact match,ETCM 2.0 exact match HuoXiang,True,3.375,1,0.114286,False
金银花,乌梅,63,61,64,60,3,1,True,36.4823,4,4,68.0,60.0,0.0,43.9929,514,0,0.0,ABCG2;AHR;AKT1;ALOX5;BAX;BCL2;BIRC5;CASP3;CASP8;CCL2;CCND1;CD40LG;CDK4;CDKN1A;CHEK2;CHUK;CXCL10;CXCL8;CYP1A2;CYP3A4;DUOX2;EGFR;ERBB2;GSTM1;GSTP1;HIF1A;HMOX1;ICAM1;IFNG;IGF2;IKBKB;IL10;IL1A;IL1B;IL2;IL4;IL6;MAPK1;MET;MMP1;MMP2;MMP3;MMP9;MPO;MYC;NFE2L2;NFKBIA;NOS2;NOS3;NR1I2;NR3C1;ODC1;PLAU;PPARA;PPARG;PTGS1;PTGS2;RB1;RELA;SLC6A4;STAT1;TNF;TP53;VCAM1,ABCG2;AHR;AKT1;ALOX5;BAX;BCL2;BIRC5;CASP3;CASP8;CCL2;CCND1;CD40LG;CDKN1A;CHEK2;CHUK;CXCL10;CXCL8;CYP1A2;CYP3A4;DUOX2;EGFR;ERBB2;GSTM1;GSTP1;HIF1A;HMOX1;ICAM1;IFNG;IGF2;IKBKB;IL10;IL1A;IL1B;IL2;IL6;MAPK1;MMP1;MMP2;MMP3;MMP9;MPO;MYC;NFE2L2;NFKBIA;NOS2;NOS3;NR1I2;ODC1;PLAU;PPARA;PPARG;PTGS1;PTGS2;RB1;RELA;SLC6A4;STAT1;TNF;TP53;VCAM1,"Disease targets for Ulcerative Colitis; exact medicinal-material matches from TCMSP, HERB 2.0, and ETCM 2.0; provisional because database screening definitions are heterogeneous and safety/pair evidence remain incomplete",136,78,乌梅＋金银花,0.514151,0.0625,0.333333,0.099057,0.0,0.04717,23.803066,38.921226,95,TCMSP exact match,TCMSP exact match,False,1.032787,1,0.104762,False
马齿苋,乌梅,63,61,64,60,3,1,True,36.4823,4,4,68.0,60.0,0.0,43.9929,514,0,0.0,ABCG2;AHR;AKT1;ALOX5;BAX;BCL2;BIRC5;CASP3;CASP8;CCL2;CCND1;CD40LG;CDK4;CDKN1A;CHEK2;CHUK;CXCL10;CXCL8;CYP1A2;CYP3A4;DUOX2;EGFR;ERBB2;GSTM1;GSTP1;HIF1A;HMOX1;ICAM1;IFNG;IGF2;IKBKB;IL10;IL1A;IL1B;IL2;IL4;IL6;MAPK1;MET;MMP1;MMP2;MMP3;MMP9;MPO;MYC;NFE2L2;NFKBIA;NOS2;NOS3;NR1I2;NR3C1;ODC1;PLAU;PPARA;PPARG;PTGS1;PTGS2;RB1;RELA;SLC6A4;STAT1;TNF;TP53;VCAM1,ABCG2;AHR;AKT1;ALOX5;BAX;BCL2;BIRC5;CASP3;CASP8;CCL2;CCND1;CD40LG;CDKN1A;CHEK2;CHUK;CXCL10;CXCL8;CYP1A2;CYP3A4;DUOX2;EGFR;ERBB2;GSTM1;GSTP1;HIF1A;HMOX1;ICAM1;IFNG;IGF2;IKBKB;IL10;IL1A;IL1B;IL2;IL6;MAPK1;MMP1;MMP2;MMP3;MMP9;MPO;MYC;NFE2L2;NFKBIA;NOS2;NOS3;NR1I2;ODC1;PLAU;PPARA;PPARG;PTGS1;PTGS2;RB1;RELA;SLC6A4;STAT1;TNF;TP53;VCAM1,"Disease targets for Ulcerative Colitis; exact medicinal-material matches from TCMSP, HERB 2.0, and ETCM 2.0; provisional because database screening definitions are heterogeneous and safety/pair evidence remain incomplete",137,79,乌梅＋马齿苋,0.514151,0.0625,0.333333,0.099057,0.0,0.04717,23.803066,38.921226,96,TCMSP exact match,TCMSP exact match,False,1.032787,1,0.095238,False
鱼腥草,大枣,59,61,62,58,1,3,True,35.501,4,4,68.0,60.0,0.0,43.6004,482,0,0.0,ABCG2;AHR;AKT1;ALOX5;BAX;BCL2;BIRC5;CASP3;CASP8;CAT;CCL2;CCND1;CD40LG;CDKN1A;CHEK2;CHUK;CXCL10;CXCL8;CYP1A2;CYP3A4;DUOX2;EGFR;ERBB2;GSTM1;GSTP1;HIF1A;HMOX1;ICAM1;IFNG;IGF2;IKBKB;IL10;IL1A;IL1B;IL2;IL6;KDR;MAPK1;MMP1;MMP2;MMP3;MMP9;MPO;MYC;NFE2L2;NFKBIA;NOS2;NOS3;NR1I2;ODC1;PLAU;PPARA;PPARG;PTGS1;PTGS2;RB1;RELA;SLC6A4;STAT1;TNF;TP53;VCAM1,ABCG2;AHR;AKT1;ALOX5;BAX;BCL2;BIRC5;CASP3;CASP8;CCL2;CCND1;CD40LG;CDKN1A;CHEK2;CHUK;CXCL10;CXCL8;CYP1A2;CYP3A4;DUOX2;EGFR;ERBB2;GSTM1;GSTP1;HIF1A;HMOX1;ICAM1;IFNG;IGF2;IL10;IL1A;IL1B;IL2;IL6;MAPK1;MMP1;MMP2;MMP3;MMP9;MPO;MYC;NFE2L2;NFKBIA;NOS2;NOS3;NR1I2;ODC1;PLAU;PPARA;PPARG;PTGS1;PTGS2;RB1;RELA;STAT1;TNF;TP53;VCAM1,"Disease targets for Ulcerative Colitis; exact medicinal-material matches from TCMSP, HERB 2.0, and ETCM 2.0; provisional because database screening definitions are heterogeneous and safety/pair evidence remain incomplete",143,82,大枣＋鱼腥草,0.448113,0.064516,0.333333,0.099057,0.0,0.04717,22.532715,38.413086,97,TCMSP exact match,TCMSP exact match,False,1.033898,1,0.085714,False
薏苡仁,陈皮,3,18,19,2,1,16,True,45.878,2,2,54.0,60.0,0.0,43.5512,52,1,0.871,ADIPOQ;AKT1;BAX;BCL2;CASP3;CAT;GSTP1;MAPK1;MAPK3;MMP9;NOS2;PLAU;PPARA;PPARG;PTGS1;PTGS2;RELA;TIMP1;TP53,PTGS1;PTGS2,"Disease targets for Ulcerative Colitis; exact medicinal-material matches from TCMSP, HERB 2.0, and ETCM 2.0; provisional because database screening definitions are heterogeneous and safety/pair evidence remain incomplete",144,83,薏苡仁＋陈皮,0.09434,0.894737,0.0625,0.099057,0.0625,0.122642,28.842478,36.736991,98,TCMSP exact match,TCMSP exact match,False,6.0,1,0.07619,False
薏苡仁,藿香,3,27,29,1,2,26,True,54.0189,1,1,37.0,60.0,0.0,41.7076,47,6,0.8713,ABCG2;AHR;ALOX5;APEX1;CHRNA7;CYP2C19;CYP2C9;CYP3A4;EGFR;ELANE;GPBAR1;GPR35;GSTM1;KDR;MET;MMP9;MPO;NLRP3;NOS2;PLAU;PPARG;PTGS1;PTGS2;PTPN2;PTPRC;SI;TERT;TNF;VDR,PTGS2,"Disease targets for Ulcerative Colitis; exact medicinal-material matches from TCMSP, HERB 2.0, and ETCM 2.0; provisional because database screening definitions are heterogeneous and safety/pair evidence remain incomplete",158,91,薏苡仁＋藿香,0.235849,0.965517,0.076923,0.235849,0.115385,0.457547,39.275812,35.810325,99,TCMSP exact match,ETCM 2.0 exact match HuoXiang,True,9.0,1,0.066667,False
薏苡仁,白扁豆,3,11,13,1,2,10,True,43.8257,1,1,37.0,60.0,0.0,37.6303,30,3,0.7717,AKT1;BCL2;CASP3;CASP8;CYP1A2;CYP3A4;HMOX1;MMP1;MMP2;MYC;PLAU;PTGS1;PTGS2,PTGS2,"Disease targets for Ulcerative Colitis; exact medicinal-material matches from TCMSP, HERB 2.0, and ETCM 2.0; provisional because database screening definitions are heterogeneous and safety/pair evidence remain incomplete",168,96,白扁豆＋薏苡仁,0.033019,0.923077,0.2,0.235849,0.15,0.551887,38.793904,35.617562,100,TCMSP exact match,TCMSP exact match,False,3.666667,1,0.057143,False
薏苡仁,芡实,3,11,13,1,2,10,True,43.8257,1,1,37.0,60.0,0.0,37.6303,30,3,0.7717,AKT1;BCL2;CASP3;CASP8;CYP1A2;CYP3A4;HMOX1;MMP1;MMP2;MYC;PLAU;PTGS1;PTGS2,PTGS2,"Disease targets for Ulcerative Colitis; exact medicinal-material matches from TCMSP, HERB 2.0, and ETCM 2.0; provisional because database screening definitions are heterogeneous and safety/pair evidence remain incomplete",169,97,芡实＋薏苡仁,0.033019,0.923077,0.2,0.235849,0.15,0.551887,38.793904,35.617562,101,TCMSP exact match,TCMSP exact match,False,3.666667,1,0.047619,False
白扁豆,藿香,11,27,36,2,9,25,True,56.8928,0,0,0.0,60.0,0.0,31.7571,102,36,0.8309,ABCG2;AHR;AKT1;ALOX5;APEX1;BCL2;CASP3;CASP8;CHRNA7;CYP1A2;CYP2C19;CYP2C9;CYP3A4;EGFR;ELANE;GPBAR1;GPR35;GSTM1;HMOX1;KDR;MET;MMP1;MMP2;MMP9;MPO;MYC;NLRP3;NOS2;PPARG;PTGS2;PTPN2;PTPRC;SI;TERT;TNF;VDR,CYP3A4;PTGS2,"Disease targets for Ulcerative Colitis; exact medicinal-material matches from TCMSP, HERB 2.0, and ETCM 2.0; provisional because database screening definitions are heterogeneous and safety/pair evidence remain incomplete",177,102,白扁豆＋藿香,0.301887,0.944444,0.36,0.693396,0.16,0.608491,56.934696,31.773878,102,TCMSP exact match,ETCM 2.0 exact match HuoXiang,True,2.454545,1,0.038095,False
芡实,藿香,11,27,36,2,9,25,True,56.8928,0,0,0.0,60.0,0.0,31.7571,102,36,0.8309,ABCG2;AHR;AKT1;ALOX5;APEX1;BCL2;CASP3;CASP8;CHRNA7;CYP1A2;CYP2C19;CYP2C9;CYP3A4;EGFR;ELANE;GPBAR1;GPR35;GSTM1;HMOX1;KDR;MET;MMP1;MMP2;MMP9;MPO;MYC;NLRP3;NOS2;PPARG;PTGS2;PTPN2;PTPRC;SI;TERT;TNF;VDR,CYP3A4;PTGS2,"Disease targets for Ulcerative Colitis; exact medicinal-material matches from TCMSP, HERB 2.0, and ETCM 2.0; provisional because database screening definitions are heterogeneous and safety/pair evidence remain incomplete",178,103,芡实＋藿香,0.301887,0.944444,0.36,0.693396,0.16,0.608491,56.934696,31.773878,103,TCMSP exact match,ETCM 2.0 exact match HuoXiang,True,2.454545,1,0.028571,False
茯苓,藿香,2,27,28,1,1,26,True,53.4387,0,0,0.0,60.0,0.0,30.3755,44,3,0.947,ABCG2;AHR;ALOX5;APEX1;CHRNA7;CYP2C19;CYP2C9;CYP3A4;EGFR;ELANE;GPBAR1;GPR35;GSTM1;KDR;MET;MMP9;MPO;NLRP3;NOS2;PPARG;PTGS1;PTGS2;PTPN2;PTPRC;SI;TERT;TNF;VDR,PTGS2,"Disease targets for Ulcerative Colitis; exact medicinal-material matches from TCMSP, HERB 2.0, and ETCM 2.0; provisional because database screening definitions are heterogeneous and safety/pair evidence remain incomplete",180,104,茯苓＋藿香,0.216981,0.964286,0.038462,0.099057,0.115385,0.457547,35.661932,23.264773,104,TCMSP exact match,ETCM 2.0 exact match HuoXiang,True,13.5,1,0.019048,False
茯苓,白扁豆,2,11,12,1,1,10,True,43.0383,0,0,0.0,60.0,0.0,26.2153,27,0,0.0,AKT1;BCL2;CASP3;CASP8;CYP1A2;CYP3A4;HMOX1;MMP1;MMP2;MYC;PTGS1;PTGS2,PTGS2,"Disease targets for Ulcerative Colitis; exact medicinal-material matches from TCMSP, HERB 2.0, and ETCM 2.0; provisional because database screening definitions are heterogeneous and safety/pair evidence remain incomplete",183,105,白扁豆＋茯苓,0.014151,0.916667,0.1,0.099057,0.0,0.04717,28.157233,20.262893,105,TCMSP exact match,TCMSP exact match,False,5.5,1,0.009524,False
茯苓,芡实,2,11,12,1,1,10,True,43.0383,0,0,0.0,60.0,0.0,26.2153,27,0,0.0,AKT1;BCL2;CASP3;CASP8;CYP1A2;CYP3A4;HMOX1;MMP1;MMP2;MYC;PTGS1;PTGS2,PTGS2,"Disease targets for Ulcerative Colitis; exact medicinal-material matches from TCMSP, HERB 2.0, and ETCM 2.0; provisional because database screening definitions are heterogeneous and safety/pair evidence remain incomplete",184,106,芡实＋茯苓,0.014151,0.916667,0.1,0.099057,0.0,0.04717,28.157233,20.262893,106,TCMSP exact match,TCMSP exact match,False,5.5,1,0.0,False
