pair_key,herb_a,herb_b,STRICT20_rank,STRICT20_rank_percentile,stages_available,mean_rank_percentile_when_available,stability_supported_in_at_least_2_stages
蒲公英＋鱼腥草,蒲公英,鱼腥草,1,1.0,1,1.0,False
大枣＋蒲公英,蒲公英,大枣,2,0.990476,1,0.990476,False
栀子＋蒲公英,蒲公英,栀子,3,0.980952,1,0.980952,False
乌梅＋蒲公英,蒲公英,乌梅,4,0.971429,1,0.971429,False
蒲公英＋金银花,蒲公英,金银花,5,0.961905,1,0.961905,False
蒲公英＋马齿苋,马齿苋,蒲公英,6,0.952381,1,0.952381,False
甘草＋蒲公英,蒲公英,甘草,7,0.942857,1,0.942857,False
莲子＋陈皮,莲子,陈皮,8,0.933333,1,0.933333,False
莲子＋蒲公英,蒲公英,莲子,9,0.92381,1,0.92381,False
槐米＋金银花,金银花,槐米,10,0.914286,1,0.914286,False
槐米＋马齿苋,马齿苋,槐米,11,0.904762,1,0.904762,False
乌梅＋藿香,藿香,乌梅,12,0.895238,1,0.895238,False
栀子＋藿香,栀子,藿香,13,0.885714,1,0.885714,False
藿香＋鱼腥草,鱼腥草,藿香,14,0.87619,1,0.87619,False
槐米＋甘草,槐米,甘草,15,0.866667,1,0.866667,False
甘草＋藿香,藿香,甘草,16,0.857143,1,0.857143,False
藿香＋金银花,金银花,藿香,17,0.847619,1,0.847619,False
藿香＋马齿苋,马齿苋,藿香,18,0.838095,1,0.838095,False
大枣＋藿香,藿香,大枣,19,0.828571,1,0.828571,False
槐米＋薏苡仁,槐米,薏苡仁,20,0.819048,1,0.819048,False
乌梅＋槐米,槐米,乌梅,21,0.809524,1,0.809524,False
大枣＋槐米,槐米,大枣,22,0.8,1,0.8,False
槐米＋生姜,槐米,生姜,23,0.790476,1,0.790476,False
槐米＋砂仁,槐米,砂仁,24,0.780952,1,0.780952,False
栀子＋槐米,栀子,槐米,25,0.771429,1,0.771429,False
槐米＋鱼腥草,鱼腥草,槐米,26,0.761905,1,0.761905,False
山药＋槐米,槐米,山药,27,0.752381,1,0.752381,False
槐米＋莲子,槐米,莲子,28,0.742857,1,0.742857,False
槐米＋藿香,槐米,藿香,29,0.733333,1,0.733333,False
山药＋陈皮,山药,陈皮,30,0.72381,1,0.72381,False
山药＋蒲公英,蒲公英,山药,31,0.714286,1,0.714286,False
金银花＋陈皮,金银花,陈皮,32,0.704762,1,0.704762,False
陈皮＋马齿苋,马齿苋,陈皮,33,0.695238,1,0.695238,False
乌梅＋陈皮,陈皮,乌梅,34,0.685714,1,0.685714,False
大枣＋陈皮,陈皮,大枣,35,0.67619,1,0.67619,False
栀子＋陈皮,栀子,陈皮,36,0.666667,1,0.666667,False
槐米＋陈皮,槐米,陈皮,37,0.657143,1,0.657143,False
陈皮＋鱼腥草,鱼腥草,陈皮,38,0.647619,1,0.647619,False
甘草＋陈皮,陈皮,甘草,39,0.638095,1,0.638095,False
山药＋白扁豆,白扁豆,山药,40,0.628571,1,0.628571,False
山药＋芡实,山药,芡实,41,0.619048,1,0.619048,False
蒲公英＋藿香,蒲公英,藿香,42,0.609524,1,0.609524,False
乌梅＋莲子,莲子,乌梅,43,0.6,1,0.6,False
莲子＋鱼腥草,鱼腥草,莲子,44,0.590476,1,0.590476,False
栀子＋莲子,栀子,莲子,45,0.580952,1,0.580952,False
甘草＋莲子,莲子,甘草,46,0.571429,1,0.571429,False
莲子＋金银花,金银花,莲子,47,0.561905,1,0.561905,False
莲子＋马齿苋,马齿苋,莲子,48,0.552381,1,0.552381,False
山药＋藿香,山药,藿香,49,0.542857,1,0.542857,False
大枣＋莲子,莲子,大枣,50,0.533333,1,0.533333,False
白扁豆＋莲子,白扁豆,莲子,51,0.52381,1,0.52381,False
芡实＋莲子,莲子,芡实,52,0.514286,1,0.514286,False
山药＋甘草,山药,甘草,53,0.504762,1,0.504762,False
山药＋金银花,金银花,山药,54,0.495238,1,0.495238,False
山药＋马齿苋,马齿苋,山药,55,0.485714,1,0.485714,False
山药＋鱼腥草,鱼腥草,山药,56,0.47619,1,0.47619,False
山药＋栀子,栀子,山药,57,0.466667,1,0.466667,False
大枣＋山药,山药,大枣,58,0.457143,1,0.457143,False
乌梅＋山药,山药,乌梅,59,0.447619,1,0.447619,False
乌梅＋大枣,乌梅,大枣,60,0.438095,1,0.438095,False
山药＋莲子,山药,莲子,61,0.428571,1,0.428571,False
生姜＋鱼腥草,鱼腥草,生姜,62,0.419048,1,0.419048,False
砂仁＋鱼腥草,鱼腥草,砂仁,63,0.409524,1,0.409524,False
蒲公英＋陈皮,蒲公英,陈皮,64,0.4,1,0.4,False
槐米＋蒲公英,蒲公英,槐米,65,0.390476,1,0.390476,False
莲子＋藿香,莲子,藿香,66,0.380952,1,0.380952,False
蒲公英＋薏苡仁,蒲公英,薏苡仁,67,0.371429,1,0.371429,False
生姜＋蒲公英,蒲公英,生姜,68,0.361905,1,0.361905,False
砂仁＋蒲公英,蒲公英,砂仁,69,0.352381,1,0.352381,False
白扁豆＋蒲公英,蒲公英,白扁豆,70,0.342857,1,0.342857,False
芡实＋蒲公英,蒲公英,芡实,71,0.333333,1,0.333333,False
藿香＋陈皮,陈皮,藿香,72,0.32381,1,0.32381,False
大枣＋金银花,金银花,大枣,73,0.314286,1,0.314286,False
大枣＋马齿苋,马齿苋,大枣,74,0.304762,1,0.304762,False
生姜＋莲子,莲子,生姜,75,0.295238,1,0.295238,False
砂仁＋莲子,莲子,砂仁,76,0.285714,1,0.285714,False
山药＋生姜,山药,生姜,77,0.27619,1,0.27619,False
山药＋砂仁,山药,砂仁,78,0.266667,1,0.266667,False
茯苓＋莲子,茯苓,莲子,79,0.257143,1,0.257143,False
白扁豆＋陈皮,白扁豆,陈皮,80,0.247619,1,0.247619,False
芡实＋陈皮,芡实,陈皮,81,0.238095,1,0.238095,False
甘草＋金银花,金银花,甘草,82,0.228571,1,0.228571,False
甘草＋马齿苋,马齿苋,甘草,83,0.219048,1,0.219048,False
莲子＋薏苡仁,薏苡仁,莲子,84,0.209524,1,0.209524,False
生姜＋陈皮,陈皮,生姜,85,0.2,1,0.2,False
砂仁＋陈皮,陈皮,砂仁,86,0.190476,1,0.190476,False
大枣＋栀子,栀子,大枣,87,0.180952,1,0.180952,False
生姜＋白扁豆,白扁豆,生姜,88,0.171429,1,0.171429,False
生姜＋芡实,芡实,生姜,89,0.161905,1,0.161905,False
白扁豆＋砂仁,白扁豆,砂仁,90,0.152381,1,0.152381,False
砂仁＋芡实,芡实,砂仁,91,0.142857,1,0.142857,False
乌梅＋甘草,乌梅,甘草,92,0.133333,1,0.133333,False
生姜＋藿香,藿香,生姜,93,0.12381,1,0.12381,False
砂仁＋藿香,砂仁,藿香,94,0.114286,1,0.114286,False
乌梅＋金银花,金银花,乌梅,95,0.104762,1,0.104762,False
乌梅＋马齿苋,马齿苋,乌梅,96,0.095238,1,0.095238,False
大枣＋鱼腥草,鱼腥草,大枣,97,0.085714,1,0.085714,False
薏苡仁＋陈皮,薏苡仁,陈皮,98,0.07619,1,0.07619,False
薏苡仁＋藿香,薏苡仁,藿香,99,0.066667,1,0.066667,False
白扁豆＋薏苡仁,薏苡仁,白扁豆,100,0.057143,1,0.057143,False
芡实＋薏苡仁,薏苡仁,芡实,101,0.047619,1,0.047619,False
白扁豆＋藿香,白扁豆,藿香,102,0.038095,1,0.038095,False
芡实＋藿香,芡实,藿香,103,0.028571,1,0.028571,False
茯苓＋藿香,茯苓,藿香,104,0.019048,1,0.019048,False
白扁豆＋茯苓,茯苓,白扁豆,105,0.009524,1,0.009524,False
芡实＋茯苓,茯苓,芡实,106,0.0,1,0.0,False
