list,list_rank,herb_a,herb_b,score
raw_count_weighted,1,槐米,薏苡仁,75.2719
raw_count_weighted,2,槐米,生姜,74.4471
raw_count_weighted,3,槐米,砂仁,74.4471
raw_count_weighted,4,槐米,莲子,71.8567
raw_count_weighted,5,槐米,山药,71.4789
raw_count_weighted,6,槐米,藿香,70.2331
raw_count_weighted,7,槐米,陈皮,69.7019
raw_count_weighted,8,金银花,槐米,67.9867
raw_count_weighted,9,马齿苋,槐米,67.9867
raw_count_weighted,10,鱼腥草,槐米,67.7329
source_bias_adjusted_interim,1,蒲公英,鱼腥草,63.970203
source_bias_adjusted_interim,2,蒲公英,大枣,63.883205
source_bias_adjusted_interim,3,蒲公英,栀子,63.823352
source_bias_adjusted_interim,4,蒲公英,乌梅,63.148199
source_bias_adjusted_interim,5,蒲公英,金银花,62.894333
source_bias_adjusted_interim,6,马齿苋,蒲公英,62.894333
source_bias_adjusted_interim,7,蒲公英,甘草,62.175564
source_bias_adjusted_interim,8,莲子,陈皮,61.703564
source_bias_adjusted_interim,9,蒲公英,莲子,60.038937
source_bias_adjusted_interim,10,金银花,槐米,59.546939
