herb_a,herb_b,targets_a,targets_b,union_targets,shared_targets,unique_targets_a,unique_targets_b,eligible_both_herbs_contribute,target_complementarity_score,barrier_targets,barrier_pathways,pathway_synergy_score,safety_score,pair_evidence_score,provisional_total_score,ppi_edges_within_union,cross_herb_ppi_edges,cross_herb_ppi_mean_score,union_gene_symbols,shared_gene_symbols,scope_note,raw_formula_rank,provisional_rank
槐米,薏苡仁,96,3,97,2,94,1,True,90.6797,5,4,100.0,60.0,0.0,75.2719,1014,9,0.7709,ABCB1;AGER;AHR;AKT1;ALB;ALOX5;BAX;BCL2;BRCA1;CASP1;CASP3;CASP8;CAT;CCL11;CCL2;CCND1;CD274;CD44;CD86;CDH1;CDKN2A;CFTR;CHRNA7;CXCL8;CYP1A2;CYP2C19;CYP2C9;CYP2D6;CYP3A4;EGFR;FGFR2;GLS;GSTM1;GSTP1;HIF1A;HMOX1;HNF4A;HSD17B10;ICAM1;IFNG;IKBKB;IL10;IL13;IL17A;IL18;IL1A;IL1B;IL2;IL4;IL5;IL6;JAK2;JUN;KDR;KEAP1;LCN2;MAPK1;MAPK3;MIR21;MMP1;MMP2;MMP9;MYC;NFATC1;NFE2L2;NFKB1;NFKBIA;NLRP3;NOS2;NOS3;NR1I2;NR3C1;PIK3CA;PLAU;POLD1;PPARA;PPARG;PRKCQ;PTEN;PTGS1;PTGS2;RELA;RORC;SIRT1;SLC6A4;SOD2;SRC;STAT1;STAT3;TERT;TGFB1;TJP1;TNF;TP53;TYK2;VCAM1;VEGFA,PTGS1;PTGS2,"Disease targets for Ulcerative Colitis; exact medicinal-material matches from TCMSP, HERB 2.0, and ETCM 2.0; provisional because database screening definitions are heterogeneous and safety/pair evidence remain incomplete",1,1
槐米,生姜,96,8,97,7,89,1,True,88.6178,5,4,100.0,60.0,0.0,74.4471,1014,9,0.7709,ABCB1;AGER;AHR;AKT1;ALB;ALOX5;BAX;BCL2;BRCA1;CASP1;CASP3;CASP8;CAT;CCL11;CCL2;CCND1;CD274;CD44;CD86;CDH1;CDKN2A;CFTR;CHRNA7;CXCL8;CYP1A2;CYP2C19;CYP2C9;CYP2D6;CYP3A4;EGFR;FGFR2;GLS;GSTM1;GSTP1;HIF1A;HMOX1;HNF4A;HSD17B10;ICAM1;IFNG;IKBKB;IL10;IL13;IL17A;IL18;IL1A;IL1B;IL2;IL4;IL5;IL6;JAK2;JUN;KDR;KEAP1;LCN2;MAPK1;MAPK3;MIR21;MMP1;MMP2;MMP9;MYC;NFATC1;NFE2L2;NFKB1;NFKBIA;NLRP3;NOS2;NOS3;NR1I2;NR3C1;PIK3CA;PLAU;POLD1;PPARA;PPARG;PRKCQ;PTEN;PTGS1;PTGS2;RELA;RORC;SIRT1;SLC6A4;SOD2;SRC;STAT1;STAT3;TERT;TGFB1;TJP1;TNF;TP53;TYK2;VCAM1;VEGFA,BAX;BCL2;CASP3;CASP8;PTGS1;PTGS2;SLC6A4,"Disease targets for Ulcerative Colitis; exact medicinal-material matches from TCMSP, HERB 2.0, and ETCM 2.0; provisional because database screening definitions are heterogeneous and safety/pair evidence remain incomplete",2,2
槐米,砂仁,96,8,97,7,89,1,True,88.6178,5,4,100.0,60.0,0.0,74.4471,1014,9,0.7709,ABCB1;AGER;AHR;AKT1;ALB;ALOX5;BAX;BCL2;BRCA1;CASP1;CASP3;CASP8;CAT;CCL11;CCL2;CCND1;CD274;CD44;CD86;CDH1;CDKN2A;CFTR;CHRNA7;CXCL8;CYP1A2;CYP2C19;CYP2C9;CYP2D6;CYP3A4;EGFR;FGFR2;GLS;GSTM1;GSTP1;HIF1A;HMOX1;HNF4A;HSD17B10;ICAM1;IFNG;IKBKB;IL10;IL13;IL17A;IL18;IL1A;IL1B;IL2;IL4;IL5;IL6;JAK2;JUN;KDR;KEAP1;LCN2;MAPK1;MAPK3;MIR21;MMP1;MMP2;MMP9;MYC;NFATC1;NFE2L2;NFKB1;NFKBIA;NLRP3;NOS2;NOS3;NR1I2;NR3C1;PIK3CA;PLAU;POLD1;PPARA;PPARG;PRKCQ;PTEN;PTGS1;PTGS2;RELA;RORC;SIRT1;SLC6A4;SOD2;SRC;STAT1;STAT3;TERT;TGFB1;TJP1;TNF;TP53;TYK2;VCAM1;VEGFA,BAX;BCL2;CASP3;CASP8;PTGS1;PTGS2;SLC6A4,"Disease targets for Ulcerative Colitis; exact medicinal-material matches from TCMSP, HERB 2.0, and ETCM 2.0; provisional because database screening definitions are heterogeneous and safety/pair evidence remain incomplete",3,3
槐米,莲子,96,20,103,13,83,7,True,89.6417,5,4,90.0,60.0,0.0,71.8567,1061,46,0.8085,ABCB1;ABCG2;AGER;AHR;AKT1;ALB;ALOX5;APEX1;BAX;BCL2;BRCA1;CASP1;CASP3;CASP8;CAT;CCL11;CCL2;CCND1;CD274;CD44;CD86;CDH1;CDKN2A;CFTR;CHRNA7;CXCL8;CYP1A2;CYP2C19;CYP2C9;CYP2D6;CYP3A4;EGFR;FGFR2;GLS;GPR35;GSTM1;GSTP1;HIF1A;HMOX1;HNF4A;HSD17B10;ICAM1;IFNG;IKBKB;IL10;IL13;IL17A;IL18;IL1A;IL1B;IL2;IL4;IL5;IL6;JAK2;JUN;KDR;KEAP1;LCN2;MAPK1;MAPK3;MET;MIR21;MMP1;MMP2;MMP9;MPO;MYC;NFATC1;NFE2L2;NFKB1;NFKBIA;NLRP3;NOD2;NOS2;NOS3;NR1I2;NR3C1;PIK3CA;PLAU;POLD1;PPARA;PPARG;PRKCQ;PTEN;PTGS1;PTGS2;RELA;RORC;SIRT1;SLC6A4;SOD2;SRC;STAT1;STAT3;TERT;TGFB1;TJP1;TNF;TP53;TYK2;VCAM1;VEGFA,AHR;ALOX5;CASP3;CHRNA7;CYP2C9;CYP3A4;EGFR;HIF1A;KDR;MMP9;SIRT1;SLC6A4;VEGFA,"Disease targets for Ulcerative Colitis; exact medicinal-material matches from TCMSP, HERB 2.0, and ETCM 2.0; provisional because database screening definitions are heterogeneous and safety/pair evidence remain incomplete",4,4
槐米,山药,96,15,100,11,85,4,True,88.6973,5,4,90.0,60.0,0.0,71.4789,1059,47,0.8078,ABCB1;ABCC2;AGER;AHR;AKT1;ALB;ALOX5;BAX;BCL2;BRCA1;CASP1;CASP3;CASP8;CAT;CCL11;CCL2;CCND1;CD274;CD44;CD86;CDH1;CDKN1A;CDKN2A;CFTR;CHRNA7;CXCL8;CYP1A2;CYP2C19;CYP2C9;CYP2D6;CYP3A4;EGFR;FGFR2;GLS;GSTM1;GSTP1;HIF1A;HMOX1;HNF4A;HSD17B10;ICAM1;IFNG;IKBKB;IL10;IL13;IL17A;IL18;IL1A;IL1B;IL2;IL4;IL5;IL6;JAK2;JUN;KDR;KEAP1;LCN2;MAPK1;MAPK3;MIR21;MMP1;MMP2;MMP9;MTOR;MYC;NFATC1;NFE2L2;NFKB1;NFKBIA;NLRP3;NOS2;NOS3;NR1I2;NR3C1;PIK3CA;PLAU;POLD1;PPARA;PPARG;PRKCQ;PTEN;PTGS1;PTGS2;RELA;RORC;SIRT1;SLC6A4;SOD2;SRC;STAT1;STAT3;TERT;TGFB1;TJP1;TNF;TP53;TYK2;VCAM1;VEGFA,AKT1;CAT;HIF1A;NOS2;NR1I2;NR3C1;PTGS1;PTGS2;RELA;SLC6A4;TP53,"Disease targets for Ulcerative Colitis; exact medicinal-material matches from TCMSP, HERB 2.0, and ETCM 2.0; provisional because database screening definitions are heterogeneous and safety/pair evidence remain incomplete",5,5
槐米,藿香,96,27,107,16,80,11,True,90.8329,4,3,83.0,60.0,0.0,70.2331,1074,56,0.8201,ABCB1;ABCG2;AGER;AHR;AKT1;ALB;ALOX5;APEX1;BAX;BCL2;BRCA1;CASP1;CASP3;CASP8;CAT;CCL11;CCL2;CCND1;CD274;CD44;CD86;CDH1;CDKN2A;CFTR;CHRNA7;CXCL8;CYP1A2;CYP2C19;CYP2C9;CYP2D6;CYP3A4;EGFR;ELANE;FGFR2;GLS;GPBAR1;GPR35;GSTM1;GSTP1;HIF1A;HMOX1;HNF4A;HSD17B10;ICAM1;IFNG;IKBKB;IL10;IL13;IL17A;IL18;IL1A;IL1B;IL2;IL4;IL5;IL6;JAK2;JUN;KDR;KEAP1;LCN2;MAPK1;MAPK3;MET;MIR21;MMP1;MMP2;MMP9;MPO;MYC;NFATC1;NFE2L2;NFKB1;NFKBIA;NLRP3;NOS2;NOS3;NR1I2;NR3C1;PIK3CA;POLD1;PPARA;PPARG;PRKCQ;PTEN;PTGS1;PTGS2;PTPN2;PTPRC;RELA;RORC;SI;SIRT1;SLC6A4;SOD2;SRC;STAT1;STAT3;TERT;TGFB1;TJP1;TNF;TP53;TYK2;VCAM1;VDR;VEGFA,AHR;ALOX5;CHRNA7;CYP2C19;CYP2C9;CYP3A4;EGFR;GSTM1;KDR;MMP9;NLRP3;NOS2;PPARG;PTGS2;TERT;TNF,"Disease targets for Ulcerative Colitis; exact medicinal-material matches from TCMSP, HERB 2.0, and ETCM 2.0; provisional because database screening definitions are heterogeneous and safety/pair evidence remain incomplete",7,6
槐米,陈皮,96,18,98,16,80,2,True,85.5048,5,3,88.3333,60.0,0.0,69.7019,1037,28,0.8222,ABCB1;ADIPOQ;AGER;AHR;AKT1;ALB;ALOX5;BAX;BCL2;BRCA1;CASP1;CASP3;CASP8;CAT;CCL11;CCL2;CCND1;CD274;CD44;CD86;CDH1;CDKN2A;CFTR;CHRNA7;CXCL8;CYP1A2;CYP2C19;CYP2C9;CYP2D6;CYP3A4;EGFR;FGFR2;GLS;GSTM1;GSTP1;HIF1A;HMOX1;HNF4A;HSD17B10;ICAM1;IFNG;IKBKB;IL10;IL13;IL17A;IL18;IL1A;IL1B;IL2;IL4;IL5;IL6;JAK2;JUN;KDR;KEAP1;LCN2;MAPK1;MAPK3;MIR21;MMP1;MMP2;MMP9;MYC;NFATC1;NFE2L2;NFKB1;NFKBIA;NLRP3;NOS2;NOS3;NR1I2;NR3C1;PIK3CA;POLD1;PPARA;PPARG;PRKCQ;PTEN;PTGS1;PTGS2;RELA;RORC;SIRT1;SLC6A4;SOD2;SRC;STAT1;STAT3;TERT;TGFB1;TIMP1;TJP1;TNF;TP53;TYK2;VCAM1;VEGFA,AKT1;BAX;BCL2;CASP3;CAT;GSTP1;MAPK1;MAPK3;MMP9;NOS2;PPARA;PPARG;PTGS1;PTGS2;RELA;TP53,"Disease targets for Ulcerative Colitis; exact medicinal-material matches from TCMSP, HERB 2.0, and ETCM 2.0; provisional because database screening definitions are heterogeneous and safety/pair evidence remain incomplete",9,7
金银花,槐米,63,96,113,46,17,50,True,83.7168,5,4,85.0,60.0,0.0,67.9867,1213,82,0.8346,ABCB1;ABCG2;AGER;AHR;AKT1;ALB;ALOX5;BAX;BCL2;BIRC5;BRCA1;CASP1;CASP3;CASP8;CAT;CCL11;CCL2;CCND1;CD274;CD40LG;CD44;CD86;CDH1;CDK4;CDKN1A;CDKN2A;CFTR;CHEK2;CHRNA7;CHUK;CXCL10;CXCL8;CYP1A2;CYP2C19;CYP2C9;CYP2D6;CYP3A4;DUOX2;EGFR;ERBB2;FGFR2;GLS;GSTM1;GSTP1;HIF1A;HMOX1;HNF4A;HSD17B10;ICAM1;IFNG;IGF2;IKBKB;IL10;IL13;IL17A;IL18;IL1A;IL1B;IL2;IL4;IL5;IL6;JAK2;JUN;KDR;KEAP1;LCN2;MAPK1;MAPK3;MET;MIR21;MMP1;MMP2;MMP3;MMP9;MPO;MYC;NFATC1;NFE2L2;NFKB1;NFKBIA;NLRP3;NOS2;NOS3;NR1I2;NR3C1;ODC1;PIK3CA;PLAU;POLD1;PPARA;PPARG;PRKCQ;PTEN;PTGS1;PTGS2;RB1;RELA;RORC;SIRT1;SLC6A4;SOD2;SRC;STAT1;STAT3;TERT;TGFB1;TJP1;TNF;TP53;TYK2;VCAM1;VEGFA,AHR;AKT1;ALOX5;BAX;BCL2;CASP3;CASP8;CCL2;CCND1;CXCL8;CYP1A2;CYP3A4;EGFR;GSTM1;GSTP1;HIF1A;HMOX1;ICAM1;IFNG;IKBKB;IL10;IL1A;IL1B;IL2;IL4;IL6;MAPK1;MMP1;MMP2;MMP9;MYC;NFE2L2;NFKBIA;NOS2;NOS3;NR1I2;PPARA;PPARG;PTGS1;PTGS2;RELA;SLC6A4;STAT1;TNF;TP53;VCAM1,"Disease targets for Ulcerative Colitis; exact medicinal-material matches from TCMSP, HERB 2.0, and ETCM 2.0; provisional because database screening definitions are heterogeneous and safety/pair evidence remain incomplete",12,8
马齿苋,槐米,63,96,113,46,17,50,True,83.7168,5,4,85.0,60.0,0.0,67.9867,1213,82,0.8346,ABCB1;ABCG2;AGER;AHR;AKT1;ALB;ALOX5;BAX;BCL2;BIRC5;BRCA1;CASP1;CASP3;CASP8;CAT;CCL11;CCL2;CCND1;CD274;CD40LG;CD44;CD86;CDH1;CDK4;CDKN1A;CDKN2A;CFTR;CHEK2;CHRNA7;CHUK;CXCL10;CXCL8;CYP1A2;CYP2C19;CYP2C9;CYP2D6;CYP3A4;DUOX2;EGFR;ERBB2;FGFR2;GLS;GSTM1;GSTP1;HIF1A;HMOX1;HNF4A;HSD17B10;ICAM1;IFNG;IGF2;IKBKB;IL10;IL13;IL17A;IL18;IL1A;IL1B;IL2;IL4;IL5;IL6;JAK2;JUN;KDR;KEAP1;LCN2;MAPK1;MAPK3;MET;MIR21;MMP1;MMP2;MMP3;MMP9;MPO;MYC;NFATC1;NFE2L2;NFKB1;NFKBIA;NLRP3;NOS2;NOS3;NR1I2;NR3C1;ODC1;PIK3CA;PLAU;POLD1;PPARA;PPARG;PRKCQ;PTEN;PTGS1;PTGS2;RB1;RELA;RORC;SIRT1;SLC6A4;SOD2;SRC;STAT1;STAT3;TERT;TGFB1;TJP1;TNF;TP53;TYK2;VCAM1;VEGFA,AHR;AKT1;ALOX5;BAX;BCL2;CASP3;CASP8;CCL2;CCND1;CXCL8;CYP1A2;CYP3A4;EGFR;GSTM1;GSTP1;HIF1A;HMOX1;ICAM1;IFNG;IKBKB;IL10;IL1A;IL1B;IL2;IL4;IL6;MAPK1;MMP1;MMP2;MMP9;MYC;NFE2L2;NFKBIA;NOS2;NOS3;NR1I2;PPARA;PPARG;PTGS1;PTGS2;RELA;SLC6A4;STAT1;TNF;TP53;VCAM1,"Disease targets for Ulcerative Colitis; exact medicinal-material matches from TCMSP, HERB 2.0, and ETCM 2.0; provisional because database screening definitions are heterogeneous and safety/pair evidence remain incomplete",13,9
鱼腥草,槐米,59,96,111,44,15,52,True,83.0822,5,4,85.0,60.0,0.0,67.7329,1178,66,0.8311,ABCB1;ABCG2;AGER;AHR;AKT1;ALB;ALOX5;BAX;BCL2;BIRC5;BRCA1;CASP1;CASP3;CASP8;CAT;CCL11;CCL2;CCND1;CD274;CD40LG;CD44;CD86;CDH1;CDKN1A;CDKN2A;CFTR;CHEK2;CHRNA7;CHUK;CXCL10;CXCL8;CYP1A2;CYP2C19;CYP2C9;CYP2D6;CYP3A4;DUOX2;EGFR;ERBB2;FGFR2;GLS;GSTM1;GSTP1;HIF1A;HMOX1;HNF4A;HSD17B10;ICAM1;IFNG;IGF2;IKBKB;IL10;IL13;IL17A;IL18;IL1A;IL1B;IL2;IL4;IL5;IL6;JAK2;JUN;KDR;KEAP1;LCN2;MAPK1;MAPK3;MIR21;MMP1;MMP2;MMP3;MMP9;MPO;MYC;NFATC1;NFE2L2;NFKB1;NFKBIA;NLRP3;NOS2;NOS3;NR1I2;NR3C1;ODC1;PIK3CA;PLAU;POLD1;PPARA;PPARG;PRKCQ;PTEN;PTGS1;PTGS2;RB1;RELA;RORC;SIRT1;SLC6A4;SOD2;SRC;STAT1;STAT3;TERT;TGFB1;TJP1;TNF;TP53;TYK2;VCAM1;VEGFA,AHR;AKT1;ALOX5;BAX;BCL2;CASP3;CASP8;CCL2;CCND1;CXCL8;CYP1A2;CYP3A4;EGFR;GSTM1;GSTP1;HIF1A;HMOX1;ICAM1;IFNG;IKBKB;IL10;IL1A;IL1B;IL2;IL6;MAPK1;MMP1;MMP2;MMP9;MYC;NFE2L2;NFKBIA;NOS2;NOS3;NR1I2;PPARA;PPARG;PTGS1;PTGS2;RELA;STAT1;TNF;TP53;VCAM1,"Disease targets for Ulcerative Colitis; exact medicinal-material matches from TCMSP, HERB 2.0, and ETCM 2.0; provisional because database screening definitions are heterogeneous and safety/pair evidence remain incomplete",14,10
