candidate_order,herb_name,research_role,scope_status,notes
1,黄芩,候选中药,用户指定候选,不限制药食同源
2,甘草,候选中药,用户指定候选,不限制药食同源
3,葛根,候选中药,用户指定候选,不限制药食同源
4,茯苓,候选中药,用户指定候选,不限制药食同源
5,姜黄,候选中药,用户指定候选,不限制药食同源
6,马齿苋,候选中药,用户指定候选,不限制药食同源
7,山药,候选中药,用户指定候选,不限制药食同源
8,芡实,候选中药,用户指定候选,不限制药食同源
9,陈皮,候选中药,用户指定候选,不限制药食同源
10,白扁豆,候选中药,用户指定候选,不限制药食同源
11,蒲公英,候选中药,用户指定候选,不限制药食同源
12,鱼腥草,候选中药,用户指定候选,不限制药食同源
13,槐花,候选中药,用户指定候选,按输入名称独立处理，不自动替换为近似药材
14,栀子,候选中药,用户指定候选,不限制药食同源
15,薏苡仁,候选中药,用户指定候选,不限制药食同源
16,莲子,候选中药,用户指定候选,不限制药食同源
17,党参,候选中药,用户指定候选,不限制药食同源
18,黄芪,候选中药,用户指定候选,不限制药食同源
19,大枣,候选中药,用户指定候选,不限制药食同源
20,石榴皮,候选中药,用户指定候选,不限制药食同源
21,乌梅,候选中药,用户指定候选,不限制药食同源
22,砂仁,候选中药,用户指定候选,不限制药食同源
23,生姜,候选中药,用户指定候选,不限制药食同源
24,肉豆蔻,候选中药,用户指定候选,不限制药食同源
