category,term_id,source,official_name,project_scope_reason
KEGG_PATHWAY,hsa05321,"https://rest.kegg.jp/get/hsa05321+hsa04530+hsa04520+hsa00512+hsa04672+hsa04668+hsa04064+hsa04657+hsa04630+hsa04310; sha256=8543c85fff7dfb252c52499ce62f9ebe0da99b047e462a8224b95c9119108829; KEGG verifies ID/name only; project-defined UC scope, not official UC-core status; definitions=D:/Obsidian/杨存邦ob/04_项目库/进行中/UC药食同源药对筛选平台/data/formal_analysis/uc-24-herbs-v1/image_formula_v1/definitions/operational_policy.json",Inflammatory bowel disease - Homo sapiens (human),IBD disease-context scope
KEGG_PATHWAY,hsa04530,"https://rest.kegg.jp/get/hsa05321+hsa04530+hsa04520+hsa00512+hsa04672+hsa04668+hsa04064+hsa04657+hsa04630+hsa04310; sha256=8543c85fff7dfb252c52499ce62f9ebe0da99b047e462a8224b95c9119108829; KEGG verifies ID/name only; project-defined UC scope, not official UC-core status; definitions=D:/Obsidian/杨存邦ob/04_项目库/进行中/UC药食同源药对筛选平台/data/formal_analysis/uc-24-herbs-v1/image_formula_v1/definitions/operational_policy.json",Tight junction - Homo sapiens (human),intestinal barrier: tight junction
KEGG_PATHWAY,hsa04520,"https://rest.kegg.jp/get/hsa05321+hsa04530+hsa04520+hsa00512+hsa04672+hsa04668+hsa04064+hsa04657+hsa04630+hsa04310; sha256=8543c85fff7dfb252c52499ce62f9ebe0da99b047e462a8224b95c9119108829; KEGG verifies ID/name only; project-defined UC scope, not official UC-core status; definitions=D:/Obsidian/杨存邦ob/04_项目库/进行中/UC药食同源药对筛选平台/data/formal_analysis/uc-24-herbs-v1/image_formula_v1/definitions/operational_policy.json",Adherens junction - Homo sapiens (human),intestinal barrier: adherens junction
KEGG_PATHWAY,hsa00512,"https://rest.kegg.jp/get/hsa05321+hsa04530+hsa04520+hsa00512+hsa04672+hsa04668+hsa04064+hsa04657+hsa04630+hsa04310; sha256=8543c85fff7dfb252c52499ce62f9ebe0da99b047e462a8224b95c9119108829; KEGG verifies ID/name only; project-defined UC scope, not official UC-core status; definitions=D:/Obsidian/杨存邦ob/04_项目库/进行中/UC药食同源药对筛选平台/data/formal_analysis/uc-24-herbs-v1/image_formula_v1/definitions/operational_policy.json",Mucin type O-glycan biosynthesis - Homo sapiens (human),mucus barrier: mucin-type O-glycan biosynthesis
KEGG_PATHWAY,hsa04672,"https://rest.kegg.jp/get/hsa05321+hsa04530+hsa04520+hsa00512+hsa04672+hsa04668+hsa04064+hsa04657+hsa04630+hsa04310; sha256=8543c85fff7dfb252c52499ce62f9ebe0da99b047e462a8224b95c9119108829; KEGG verifies ID/name only; project-defined UC scope, not official UC-core status; definitions=D:/Obsidian/杨存邦ob/04_项目库/进行中/UC药食同源药对筛选平台/data/formal_analysis/uc-24-herbs-v1/image_formula_v1/definitions/operational_policy.json",Intestinal immune network for IgA production - Homo sapiens (human),mucosal immune function: IgA network
KEGG_PATHWAY,hsa04668,"https://rest.kegg.jp/get/hsa05321+hsa04530+hsa04520+hsa00512+hsa04672+hsa04668+hsa04064+hsa04657+hsa04630+hsa04310; sha256=8543c85fff7dfb252c52499ce62f9ebe0da99b047e462a8224b95c9119108829; KEGG verifies ID/name only; project-defined UC scope, not official UC-core status; definitions=D:/Obsidian/杨存邦ob/04_项目库/进行中/UC药食同源药对筛选平台/data/formal_analysis/uc-24-herbs-v1/image_formula_v1/definitions/operational_policy.json",TNF signaling pathway - Homo sapiens (human),inflammatory signaling: TNF
KEGG_PATHWAY,hsa04064,"https://rest.kegg.jp/get/hsa05321+hsa04530+hsa04520+hsa00512+hsa04672+hsa04668+hsa04064+hsa04657+hsa04630+hsa04310; sha256=8543c85fff7dfb252c52499ce62f9ebe0da99b047e462a8224b95c9119108829; KEGG verifies ID/name only; project-defined UC scope, not official UC-core status; definitions=D:/Obsidian/杨存邦ob/04_项目库/进行中/UC药食同源药对筛选平台/data/formal_analysis/uc-24-herbs-v1/image_formula_v1/definitions/operational_policy.json",NF-kappa B signaling pathway - Homo sapiens (human),inflammatory signaling: NF-kappa B
KEGG_PATHWAY,hsa04657,"https://rest.kegg.jp/get/hsa05321+hsa04530+hsa04520+hsa00512+hsa04672+hsa04668+hsa04064+hsa04657+hsa04630+hsa04310; sha256=8543c85fff7dfb252c52499ce62f9ebe0da99b047e462a8224b95c9119108829; KEGG verifies ID/name only; project-defined UC scope, not official UC-core status; definitions=D:/Obsidian/杨存邦ob/04_项目库/进行中/UC药食同源药对筛选平台/data/formal_analysis/uc-24-herbs-v1/image_formula_v1/definitions/operational_policy.json",IL-17 signaling pathway - Homo sapiens (human),inflammatory signaling: IL-17
KEGG_PATHWAY,hsa04630,"https://rest.kegg.jp/get/hsa05321+hsa04530+hsa04520+hsa00512+hsa04672+hsa04668+hsa04064+hsa04657+hsa04630+hsa04310; sha256=8543c85fff7dfb252c52499ce62f9ebe0da99b047e462a8224b95c9119108829; KEGG verifies ID/name only; project-defined UC scope, not official UC-core status; definitions=D:/Obsidian/杨存邦ob/04_项目库/进行中/UC药食同源药对筛选平台/data/formal_analysis/uc-24-herbs-v1/image_formula_v1/definitions/operational_policy.json",JAK-STAT signaling pathway - Homo sapiens (human),immune signaling and epithelial repair: JAK-STAT
KEGG_PATHWAY,hsa04310,"https://rest.kegg.jp/get/hsa05321+hsa04530+hsa04520+hsa00512+hsa04672+hsa04668+hsa04064+hsa04657+hsa04630+hsa04310; sha256=8543c85fff7dfb252c52499ce62f9ebe0da99b047e462a8224b95c9119108829; KEGG verifies ID/name only; project-defined UC scope, not official UC-core status; definitions=D:/Obsidian/杨存邦ob/04_项目库/进行中/UC药食同源药对筛选平台/data/formal_analysis/uc-24-herbs-v1/image_formula_v1/definitions/operational_policy.json",Wnt signaling pathway - Homo sapiens (human),epithelial regeneration: Wnt
