candidate_order,herb_name,research_role,official_scope_status,notes
1,马齿苋,正式候选,现行国家食药物质目录内,2002年附件1精确同名
2,蒲公英,正式候选,现行国家食药物质目录内,2002年附件1精确同名
3,栀子,正式候选,现行国家食药物质目录内,2002年附件1精确同名
4,金银花,正式候选,现行国家食药物质目录内,不得与山银花混同
5,鱼腥草,正式候选,现行国家食药物质目录内,2002年附件1精确同名
6,槐米,正式候选,现行国家食药物质目录内,官方名称精确；HERB条目存在花及花蕾合并警告
7,茯苓,正式候选,现行国家食药物质目录内,2002年附件1精确同名
8,薏苡仁,正式候选,现行国家食药物质目录内,2002年附件1精确同名
9,白扁豆,正式候选,现行国家食药物质目录内,2002年附件1精确同名
10,山药,正式候选,现行国家食药物质目录内,2002年附件1精确同名
11,莲子,正式候选,现行国家食药物质目录内,2002年附件1精确同名
12,芡实,正式候选,现行国家食药物质目录内,2002年附件1精确同名
13,陈皮,正式候选,现行国家食药物质目录内,2002年原文为橘皮；CFSA明确二者为一致物质
14,砂仁,正式候选,现行国家食药物质目录内,正式分析仍需核对具体植物种及药用部位
15,藿香,正式候选,现行国家食药物质目录内,目录精确同名；Pogostemon cablin映射仅有官方征求意见附件辅助
16,莱菔子,正式候选,现行国家食药物质目录内,2002年附件1精确同名
17,乌梅,正式候选,现行国家食药物质目录内,2002年附件1精确同名
18,生姜,正式候选,现行国家食药物质目录内,目录列为姜（生姜、干姜）；不得与干姜混同
19,大枣,正式候选,现行国家食药物质目录内,目录列为枣（大枣、酸枣、黑枣）；不得混入酸枣仁
20,甘草,正式候选,现行国家食药物质目录内,2002年附件1精确同名
