input_rank,herb_a,herb_b,pair_name,strict_count,broad_count,unique_candidate_pmids,unique_candidate_count,retrieval_status
1,蒲公英,鱼腥草,蒲公英＋鱼腥草,0,0,,0,本次检索未检出
2,蒲公英,大枣,蒲公英＋大枣,0,0,,0,本次检索未检出
3,蒲公英,栀子,蒲公英＋栀子,0,0,,0,本次检索未检出
4,蒲公英,乌梅,蒲公英＋乌梅,1,1,40775561,1,检出候选记录，待/已人工核验
5,蒲公英,金银花,蒲公英＋金银花,0,0,,0,本次检索未检出
6,马齿苋,蒲公英,马齿苋＋蒲公英,0,0,,0,本次检索未检出
7,蒲公英,甘草,蒲公英＋甘草,1,1,41693711,1,检出候选记录，待/已人工核验
8,莲子,陈皮,莲子＋陈皮,0,0,,0,本次检索未检出
9,蒲公英,莲子,蒲公英＋莲子,0,0,,0,本次检索未检出
10,金银花,槐米,金银花＋槐米,0,0,,0,本次检索未检出
11,马齿苋,槐米,马齿苋＋槐米,0,0,,0,本次检索未检出
12,藿香,乌梅,藿香＋乌梅,0,0,,0,本次检索未检出
13,栀子,藿香,栀子＋藿香,0,0,,0,本次检索未检出
14,鱼腥草,藿香,鱼腥草＋藿香,0,0,,0,本次检索未检出
15,槐米,甘草,槐米＋甘草,0,0,,0,本次检索未检出
16,藿香,甘草,藿香＋甘草,0,0,,0,本次检索未检出
17,金银花,藿香,金银花＋藿香,0,0,,0,本次检索未检出
18,马齿苋,藿香,马齿苋＋藿香,0,0,,0,本次检索未检出
19,藿香,大枣,藿香＋大枣,0,0,,0,本次检索未检出
20,槐米,薏苡仁,槐米＋薏苡仁,0,0,,0,本次检索未检出
21,槐米,乌梅,槐米＋乌梅,0,0,,0,本次检索未检出
22,槐米,大枣,槐米＋大枣,0,0,,0,本次检索未检出
23,槐米,生姜,槐米＋生姜,0,0,,0,本次检索未检出
24,槐米,砂仁,槐米＋砂仁,0,0,,0,本次检索未检出
25,栀子,槐米,栀子＋槐米,0,0,,0,本次检索未检出
26,鱼腥草,槐米,鱼腥草＋槐米,0,0,,0,本次检索未检出
27,槐米,山药,槐米＋山药,0,0,,0,本次检索未检出
28,槐米,莲子,槐米＋莲子,0,0,,0,本次检索未检出
29,槐米,藿香,槐米＋藿香,0,0,,0,本次检索未检出
30,山药,陈皮,山药＋陈皮,0,0,,0,本次检索未检出
31,蒲公英,山药,蒲公英＋山药,0,0,,0,本次检索未检出
32,金银花,陈皮,金银花＋陈皮,0,0,,0,本次检索未检出
33,马齿苋,陈皮,马齿苋＋陈皮,0,0,,0,本次检索未检出
34,陈皮,乌梅,陈皮＋乌梅,0,0,,0,本次检索未检出
35,陈皮,大枣,陈皮＋大枣,0,0,,0,本次检索未检出
36,栀子,陈皮,栀子＋陈皮,0,0,,0,本次检索未检出
37,槐米,陈皮,槐米＋陈皮,0,0,,0,本次检索未检出
38,鱼腥草,陈皮,鱼腥草＋陈皮,0,0,,0,本次检索未检出
39,陈皮,甘草,陈皮＋甘草,0,0,,0,本次检索未检出
40,白扁豆,山药,白扁豆＋山药,0,0,,0,本次检索未检出
41,山药,芡实,山药＋芡实,0,0,,0,本次检索未检出
42,蒲公英,藿香,蒲公英＋藿香,0,0,,0,本次检索未检出
43,莲子,乌梅,莲子＋乌梅,0,0,,0,本次检索未检出
44,鱼腥草,莲子,鱼腥草＋莲子,0,0,,0,本次检索未检出
45,栀子,莲子,栀子＋莲子,0,0,,0,本次检索未检出
46,莲子,甘草,莲子＋甘草,0,0,,0,本次检索未检出
47,金银花,莲子,金银花＋莲子,0,0,,0,本次检索未检出
48,马齿苋,莲子,马齿苋＋莲子,0,0,,0,本次检索未检出
49,山药,藿香,山药＋藿香,0,0,,0,本次检索未检出
50,莲子,大枣,莲子＋大枣,0,0,,0,本次检索未检出
51,白扁豆,莲子,白扁豆＋莲子,0,0,,0,本次检索未检出
52,莲子,芡实,莲子＋芡实,0,0,,0,本次检索未检出
53,山药,甘草,山药＋甘草,0,0,,0,本次检索未检出
54,金银花,山药,金银花＋山药,0,0,,0,本次检索未检出
55,马齿苋,山药,马齿苋＋山药,0,0,,0,本次检索未检出
56,鱼腥草,山药,鱼腥草＋山药,0,0,,0,本次检索未检出
57,栀子,山药,栀子＋山药,0,0,,0,本次检索未检出
58,山药,大枣,山药＋大枣,0,0,,0,本次检索未检出
59,山药,乌梅,山药＋乌梅,0,0,,0,本次检索未检出
60,乌梅,大枣,乌梅＋大枣,0,0,,0,本次检索未检出
61,山药,莲子,山药＋莲子,0,0,,0,本次检索未检出
62,鱼腥草,生姜,鱼腥草＋生姜,0,0,,0,本次检索未检出
63,鱼腥草,砂仁,鱼腥草＋砂仁,0,0,,0,本次检索未检出
64,蒲公英,陈皮,蒲公英＋陈皮,0,0,,0,本次检索未检出
65,蒲公英,槐米,蒲公英＋槐米,0,0,,0,本次检索未检出
66,莲子,藿香,莲子＋藿香,0,0,,0,本次检索未检出
67,蒲公英,薏苡仁,蒲公英＋薏苡仁,0,0,,0,本次检索未检出
68,蒲公英,生姜,蒲公英＋生姜,0,0,,0,本次检索未检出
69,蒲公英,砂仁,蒲公英＋砂仁,0,0,,0,本次检索未检出
70,蒲公英,白扁豆,蒲公英＋白扁豆,0,0,,0,本次检索未检出
71,蒲公英,芡实,蒲公英＋芡实,0,0,,0,本次检索未检出
72,陈皮,藿香,陈皮＋藿香,0,0,,0,本次检索未检出
73,金银花,大枣,金银花＋大枣,0,0,,0,本次检索未检出
74,马齿苋,大枣,马齿苋＋大枣,0,0,,0,本次检索未检出
75,莲子,生姜,莲子＋生姜,0,0,,0,本次检索未检出
76,莲子,砂仁,莲子＋砂仁,0,0,,0,本次检索未检出
77,山药,生姜,山药＋生姜,0,0,,0,本次检索未检出
78,山药,砂仁,山药＋砂仁,0,0,,0,本次检索未检出
79,茯苓,莲子,茯苓＋莲子,0,0,,0,本次检索未检出
80,白扁豆,陈皮,白扁豆＋陈皮,0,0,,0,本次检索未检出
81,芡实,陈皮,芡实＋陈皮,0,0,,0,本次检索未检出
82,金银花,甘草,金银花＋甘草,0,0,,0,本次检索未检出
83,马齿苋,甘草,马齿苋＋甘草,0,0,,0,本次检索未检出
84,薏苡仁,莲子,薏苡仁＋莲子,0,0,,0,本次检索未检出
85,陈皮,生姜,陈皮＋生姜,0,0,,0,本次检索未检出
86,陈皮,砂仁,陈皮＋砂仁,0,0,,0,本次检索未检出
87,栀子,大枣,栀子＋大枣,0,0,,0,本次检索未检出
88,白扁豆,生姜,白扁豆＋生姜,0,0,,0,本次检索未检出
89,芡实,生姜,芡实＋生姜,0,0,,0,本次检索未检出
90,白扁豆,砂仁,白扁豆＋砂仁,0,0,,0,本次检索未检出
91,芡实,砂仁,芡实＋砂仁,0,0,,0,本次检索未检出
92,乌梅,甘草,乌梅＋甘草,0,0,,0,本次检索未检出
93,藿香,生姜,藿香＋生姜,0,0,,0,本次检索未检出
94,砂仁,藿香,砂仁＋藿香,0,0,,0,本次检索未检出
95,金银花,乌梅,金银花＋乌梅,0,0,,0,本次检索未检出
96,马齿苋,乌梅,马齿苋＋乌梅,0,0,,0,本次检索未检出
97,鱼腥草,大枣,鱼腥草＋大枣,0,0,,0,本次检索未检出
98,薏苡仁,陈皮,薏苡仁＋陈皮,0,0,,0,本次检索未检出
99,薏苡仁,藿香,薏苡仁＋藿香,0,0,,0,本次检索未检出
100,薏苡仁,白扁豆,薏苡仁＋白扁豆,0,0,,0,本次检索未检出
101,薏苡仁,芡实,薏苡仁＋芡实,0,0,,0,本次检索未检出
102,白扁豆,藿香,白扁豆＋藿香,0,0,,0,本次检索未检出
103,芡实,藿香,芡实＋藿香,0,0,,0,本次检索未检出
104,茯苓,藿香,茯苓＋藿香,0,0,,0,本次检索未检出
105,茯苓,白扁豆,茯苓＋白扁豆,0,0,,0,本次检索未检出
106,茯苓,芡实,茯苓＋芡实,0,0,,0,本次检索未检出
