gene_symbol,grade,source,relevance_score_reference,weight
ABCC2,normal,uc_operational_genecards_quantile_kegg_scope_v1; project operational policy (not official GeneCards tiers); GeneCards selected full disease universe sha256=a0916af3c32947bcd8b4ae142e1c4a064dd088abb34889ca7c56c4528c63d671; quantiles=0.8/0.6; definitions=D:/Obsidian/杨存邦ob/04_项目库/进行中/UC药食同源药对筛选平台/data/formal_analysis/uc-24-herbs-v1/image_formula_v1/sensitivity_initial/q80_q60/definitions/operational_policy.json,7.7422695,1
ABCG2,normal,uc_operational_genecards_quantile_kegg_scope_v1; project operational policy (not official GeneCards tiers); GeneCards selected full disease universe sha256=a0916af3c32947bcd8b4ae142e1c4a064dd088abb34889ca7c56c4528c63d671; quantiles=0.8/0.6; definitions=D:/Obsidian/杨存邦ob/04_项目库/进行中/UC药食同源药对筛选平台/data/formal_analysis/uc-24-herbs-v1/image_formula_v1/sensitivity_initial/q80_q60/definitions/operational_policy.json,7.255623,1
ADIPOQ,normal,uc_operational_genecards_quantile_kegg_scope_v1; project operational policy (not official GeneCards tiers); GeneCards selected full disease universe sha256=a0916af3c32947bcd8b4ae142e1c4a064dd088abb34889ca7c56c4528c63d671; quantiles=0.8/0.6; definitions=D:/Obsidian/杨存邦ob/04_项目库/进行中/UC药食同源药对筛选平台/data/formal_analysis/uc-24-herbs-v1/image_formula_v1/sensitivity_initial/q80_q60/definitions/operational_policy.json,6.3742495,1
AHR,normal,uc_operational_genecards_quantile_kegg_scope_v1; project operational policy (not official GeneCards tiers); GeneCards selected full disease universe sha256=a0916af3c32947bcd8b4ae142e1c4a064dd088abb34889ca7c56c4528c63d671; quantiles=0.8/0.6; definitions=D:/Obsidian/杨存邦ob/04_项目库/进行中/UC药食同源药对筛选平台/data/formal_analysis/uc-24-herbs-v1/image_formula_v1/sensitivity_initial/q80_q60/definitions/operational_policy.json,6.6655803,1
AKT1,important,uc_operational_genecards_quantile_kegg_scope_v1; project operational policy (not official GeneCards tiers); GeneCards selected full disease universe sha256=a0916af3c32947bcd8b4ae142e1c4a064dd088abb34889ca7c56c4528c63d671; quantiles=0.8/0.6; definitions=D:/Obsidian/杨存邦ob/04_项目库/进行中/UC药食同源药对筛选平台/data/formal_analysis/uc-24-herbs-v1/image_formula_v1/sensitivity_initial/q80_q60/definitions/operational_policy.json,10.402012,2
ALB,core,uc_operational_genecards_quantile_kegg_scope_v1; project operational policy (not official GeneCards tiers); GeneCards selected full disease universe sha256=a0916af3c32947bcd8b4ae142e1c4a064dd088abb34889ca7c56c4528c63d671; quantiles=0.8/0.6; definitions=D:/Obsidian/杨存邦ob/04_项目库/进行中/UC药食同源药对筛选平台/data/formal_analysis/uc-24-herbs-v1/image_formula_v1/sensitivity_initial/q80_q60/definitions/operational_policy.json,20.902718,5
ALOX5,important,uc_operational_genecards_quantile_kegg_scope_v1; project operational policy (not official GeneCards tiers); GeneCards selected full disease universe sha256=a0916af3c32947bcd8b4ae142e1c4a064dd088abb34889ca7c56c4528c63d671; quantiles=0.8/0.6; definitions=D:/Obsidian/杨存邦ob/04_项目库/进行中/UC药食同源药对筛选平台/data/formal_analysis/uc-24-herbs-v1/image_formula_v1/sensitivity_initial/q80_q60/definitions/operational_policy.json,8.730395,2
APEX1,normal,uc_operational_genecards_quantile_kegg_scope_v1; project operational policy (not official GeneCards tiers); GeneCards selected full disease universe sha256=a0916af3c32947bcd8b4ae142e1c4a064dd088abb34889ca7c56c4528c63d671; quantiles=0.8/0.6; definitions=D:/Obsidian/杨存邦ob/04_项目库/进行中/UC药食同源药对筛选平台/data/formal_analysis/uc-24-herbs-v1/image_formula_v1/sensitivity_initial/q80_q60/definitions/operational_policy.json,6.364012,1
BAX,important,uc_operational_genecards_quantile_kegg_scope_v1; project operational policy (not official GeneCards tiers); GeneCards selected full disease universe sha256=a0916af3c32947bcd8b4ae142e1c4a064dd088abb34889ca7c56c4528c63d671; quantiles=0.8/0.6; definitions=D:/Obsidian/杨存邦ob/04_项目库/进行中/UC药食同源药对筛选平台/data/formal_analysis/uc-24-herbs-v1/image_formula_v1/sensitivity_initial/q80_q60/definitions/operational_policy.json,10.995815,2
BCL2,normal,uc_operational_genecards_quantile_kegg_scope_v1; project operational policy (not official GeneCards tiers); GeneCards selected full disease universe sha256=a0916af3c32947bcd8b4ae142e1c4a064dd088abb34889ca7c56c4528c63d671; quantiles=0.8/0.6; definitions=D:/Obsidian/杨存邦ob/04_项目库/进行中/UC药食同源药对筛选平台/data/formal_analysis/uc-24-herbs-v1/image_formula_v1/sensitivity_initial/q80_q60/definitions/operational_policy.json,7.115574,1
BIRC5,normal,uc_operational_genecards_quantile_kegg_scope_v1; project operational policy (not official GeneCards tiers); GeneCards selected full disease universe sha256=a0916af3c32947bcd8b4ae142e1c4a064dd088abb34889ca7c56c4528c63d671; quantiles=0.8/0.6; definitions=D:/Obsidian/杨存邦ob/04_项目库/进行中/UC药食同源药对筛选平台/data/formal_analysis/uc-24-herbs-v1/image_formula_v1/sensitivity_initial/q80_q60/definitions/operational_policy.json,5.326188,1
CASP1,core,uc_operational_genecards_quantile_kegg_scope_v1; project operational policy (not official GeneCards tiers); GeneCards selected full disease universe sha256=a0916af3c32947bcd8b4ae142e1c4a064dd088abb34889ca7c56c4528c63d671; quantiles=0.8/0.6; definitions=D:/Obsidian/杨存邦ob/04_项目库/进行中/UC药食同源药对筛选平台/data/formal_analysis/uc-24-herbs-v1/image_formula_v1/sensitivity_initial/q80_q60/definitions/operational_policy.json,13.412731,5
CASP3,important,uc_operational_genecards_quantile_kegg_scope_v1; project operational policy (not official GeneCards tiers); GeneCards selected full disease universe sha256=a0916af3c32947bcd8b4ae142e1c4a064dd088abb34889ca7c56c4528c63d671; quantiles=0.8/0.6; definitions=D:/Obsidian/杨存邦ob/04_项目库/进行中/UC药食同源药对筛选平台/data/formal_analysis/uc-24-herbs-v1/image_formula_v1/sensitivity_initial/q80_q60/definitions/operational_policy.json,10.9537945,2
CASP8,important,uc_operational_genecards_quantile_kegg_scope_v1; project operational policy (not official GeneCards tiers); GeneCards selected full disease universe sha256=a0916af3c32947bcd8b4ae142e1c4a064dd088abb34889ca7c56c4528c63d671; quantiles=0.8/0.6; definitions=D:/Obsidian/杨存邦ob/04_项目库/进行中/UC药食同源药对筛选平台/data/formal_analysis/uc-24-herbs-v1/image_formula_v1/sensitivity_initial/q80_q60/definitions/operational_policy.json,9.793213,2
CAT,normal,uc_operational_genecards_quantile_kegg_scope_v1; project operational policy (not official GeneCards tiers); GeneCards selected full disease universe sha256=a0916af3c32947bcd8b4ae142e1c4a064dd088abb34889ca7c56c4528c63d671; quantiles=0.8/0.6; definitions=D:/Obsidian/杨存邦ob/04_项目库/进行中/UC药食同源药对筛选平台/data/formal_analysis/uc-24-herbs-v1/image_formula_v1/sensitivity_initial/q80_q60/definitions/operational_policy.json,5.6694055,1
CCL2,important,uc_operational_genecards_quantile_kegg_scope_v1; project operational policy (not official GeneCards tiers); GeneCards selected full disease universe sha256=a0916af3c32947bcd8b4ae142e1c4a064dd088abb34889ca7c56c4528c63d671; quantiles=0.8/0.6; definitions=D:/Obsidian/杨存邦ob/04_项目库/进行中/UC药食同源药对筛选平台/data/formal_analysis/uc-24-herbs-v1/image_formula_v1/sensitivity_initial/q80_q60/definitions/operational_policy.json,9.292331,2
CCND1,important,uc_operational_genecards_quantile_kegg_scope_v1; project operational policy (not official GeneCards tiers); GeneCards selected full disease universe sha256=a0916af3c32947bcd8b4ae142e1c4a064dd088abb34889ca7c56c4528c63d671; quantiles=0.8/0.6; definitions=D:/Obsidian/杨存邦ob/04_项目库/进行中/UC药食同源药对筛选平台/data/formal_analysis/uc-24-herbs-v1/image_formula_v1/sensitivity_initial/q80_q60/definitions/operational_policy.json,11.78623,2
CD40LG,important,uc_operational_genecards_quantile_kegg_scope_v1; project operational policy (not official GeneCards tiers); GeneCards selected full disease universe sha256=a0916af3c32947bcd8b4ae142e1c4a064dd088abb34889ca7c56c4528c63d671; quantiles=0.8/0.6; definitions=D:/Obsidian/杨存邦ob/04_项目库/进行中/UC药食同源药对筛选平台/data/formal_analysis/uc-24-herbs-v1/image_formula_v1/sensitivity_initial/q80_q60/definitions/operational_policy.json,8.713654,2
CDK4,normal,uc_operational_genecards_quantile_kegg_scope_v1; project operational policy (not official GeneCards tiers); GeneCards selected full disease universe sha256=a0916af3c32947bcd8b4ae142e1c4a064dd088abb34889ca7c56c4528c63d671; quantiles=0.8/0.6; definitions=D:/Obsidian/杨存邦ob/04_项目库/进行中/UC药食同源药对筛选平台/data/formal_analysis/uc-24-herbs-v1/image_formula_v1/sensitivity_initial/q80_q60/definitions/operational_policy.json,6.568448,1
CDKN1A,important,uc_operational_genecards_quantile_kegg_scope_v1; project operational policy (not official GeneCards tiers); GeneCards selected full disease universe sha256=a0916af3c32947bcd8b4ae142e1c4a064dd088abb34889ca7c56c4528c63d671; quantiles=0.8/0.6; definitions=D:/Obsidian/杨存邦ob/04_项目库/进行中/UC药食同源药对筛选平台/data/formal_analysis/uc-24-herbs-v1/image_formula_v1/sensitivity_initial/q80_q60/definitions/operational_policy.json,8.722967,2
CHEK2,normal,uc_operational_genecards_quantile_kegg_scope_v1; project operational policy (not official GeneCards tiers); GeneCards selected full disease universe sha256=a0916af3c32947bcd8b4ae142e1c4a064dd088abb34889ca7c56c4528c63d671; quantiles=0.8/0.6; definitions=D:/Obsidian/杨存邦ob/04_项目库/进行中/UC药食同源药对筛选平台/data/formal_analysis/uc-24-herbs-v1/image_formula_v1/sensitivity_initial/q80_q60/definitions/operational_policy.json,6.4891844,1
CHRNA7,normal,uc_operational_genecards_quantile_kegg_scope_v1; project operational policy (not official GeneCards tiers); GeneCards selected full disease universe sha256=a0916af3c32947bcd8b4ae142e1c4a064dd088abb34889ca7c56c4528c63d671; quantiles=0.8/0.6; definitions=D:/Obsidian/杨存邦ob/04_项目库/进行中/UC药食同源药对筛选平台/data/formal_analysis/uc-24-herbs-v1/image_formula_v1/sensitivity_initial/q80_q60/definitions/operational_policy.json,5.807503,1
CHUK,normal,uc_operational_genecards_quantile_kegg_scope_v1; project operational policy (not official GeneCards tiers); GeneCards selected full disease universe sha256=a0916af3c32947bcd8b4ae142e1c4a064dd088abb34889ca7c56c4528c63d671; quantiles=0.8/0.6; definitions=D:/Obsidian/杨存邦ob/04_项目库/进行中/UC药食同源药对筛选平台/data/formal_analysis/uc-24-herbs-v1/image_formula_v1/sensitivity_initial/q80_q60/definitions/operational_policy.json,7.030803,1
CXCL10,core,uc_operational_genecards_quantile_kegg_scope_v1; project operational policy (not official GeneCards tiers); GeneCards selected full disease universe sha256=a0916af3c32947bcd8b4ae142e1c4a064dd088abb34889ca7c56c4528c63d671; quantiles=0.8/0.6; definitions=D:/Obsidian/杨存邦ob/04_项目库/进行中/UC药食同源药对筛选平台/data/formal_analysis/uc-24-herbs-v1/image_formula_v1/sensitivity_initial/q80_q60/definitions/operational_policy.json,15.561319,5
CXCL8,core,uc_operational_genecards_quantile_kegg_scope_v1; project operational policy (not official GeneCards tiers); GeneCards selected full disease universe sha256=a0916af3c32947bcd8b4ae142e1c4a064dd088abb34889ca7c56c4528c63d671; quantiles=0.8/0.6; definitions=D:/Obsidian/杨存邦ob/04_项目库/进行中/UC药食同源药对筛选平台/data/formal_analysis/uc-24-herbs-v1/image_formula_v1/sensitivity_initial/q80_q60/definitions/operational_policy.json,18.527733,5
CYP1A2,normal,uc_operational_genecards_quantile_kegg_scope_v1; project operational policy (not official GeneCards tiers); GeneCards selected full disease universe sha256=a0916af3c32947bcd8b4ae142e1c4a064dd088abb34889ca7c56c4528c63d671; quantiles=0.8/0.6; definitions=D:/Obsidian/杨存邦ob/04_项目库/进行中/UC药食同源药对筛选平台/data/formal_analysis/uc-24-herbs-v1/image_formula_v1/sensitivity_initial/q80_q60/definitions/operational_policy.json,6.6757183,1
CYP2C9,normal,uc_operational_genecards_quantile_kegg_scope_v1; project operational policy (not official GeneCards tiers); GeneCards selected full disease universe sha256=a0916af3c32947bcd8b4ae142e1c4a064dd088abb34889ca7c56c4528c63d671; quantiles=0.8/0.6; definitions=D:/Obsidian/杨存邦ob/04_项目库/进行中/UC药食同源药对筛选平台/data/formal_analysis/uc-24-herbs-v1/image_formula_v1/sensitivity_initial/q80_q60/definitions/operational_policy.json,6.214278,1
CYP3A4,important,uc_operational_genecards_quantile_kegg_scope_v1; project operational policy (not official GeneCards tiers); GeneCards selected full disease universe sha256=a0916af3c32947bcd8b4ae142e1c4a064dd088abb34889ca7c56c4528c63d671; quantiles=0.8/0.6; definitions=D:/Obsidian/杨存邦ob/04_项目库/进行中/UC药食同源药对筛选平台/data/formal_analysis/uc-24-herbs-v1/image_formula_v1/sensitivity_initial/q80_q60/definitions/operational_policy.json,11.730368,2
DUOX2,normal,uc_operational_genecards_quantile_kegg_scope_v1; project operational policy (not official GeneCards tiers); GeneCards selected full disease universe sha256=a0916af3c32947bcd8b4ae142e1c4a064dd088abb34889ca7c56c4528c63d671; quantiles=0.8/0.6; definitions=D:/Obsidian/杨存邦ob/04_项目库/进行中/UC药食同源药对筛选平台/data/formal_analysis/uc-24-herbs-v1/image_formula_v1/sensitivity_initial/q80_q60/definitions/operational_policy.json,6.714321,1
EGFR,important,uc_operational_genecards_quantile_kegg_scope_v1; project operational policy (not official GeneCards tiers); GeneCards selected full disease universe sha256=a0916af3c32947bcd8b4ae142e1c4a064dd088abb34889ca7c56c4528c63d671; quantiles=0.8/0.6; definitions=D:/Obsidian/杨存邦ob/04_项目库/进行中/UC药食同源药对筛选平台/data/formal_analysis/uc-24-herbs-v1/image_formula_v1/sensitivity_initial/q80_q60/definitions/operational_policy.json,10.948015,2
ERBB2,normal,uc_operational_genecards_quantile_kegg_scope_v1; project operational policy (not official GeneCards tiers); GeneCards selected full disease universe sha256=a0916af3c32947bcd8b4ae142e1c4a064dd088abb34889ca7c56c4528c63d671; quantiles=0.8/0.6; definitions=D:/Obsidian/杨存邦ob/04_项目库/进行中/UC药食同源药对筛选平台/data/formal_analysis/uc-24-herbs-v1/image_formula_v1/sensitivity_initial/q80_q60/definitions/operational_policy.json,6.7584968,1
FASLG,important,uc_operational_genecards_quantile_kegg_scope_v1; project operational policy (not official GeneCards tiers); GeneCards selected full disease universe sha256=a0916af3c32947bcd8b4ae142e1c4a064dd088abb34889ca7c56c4528c63d671; quantiles=0.8/0.6; definitions=D:/Obsidian/杨存邦ob/04_项目库/进行中/UC药食同源药对筛选平台/data/formal_analysis/uc-24-herbs-v1/image_formula_v1/sensitivity_initial/q80_q60/definitions/operational_policy.json,10.281888,2
GLS,normal,uc_operational_genecards_quantile_kegg_scope_v1; project operational policy (not official GeneCards tiers); GeneCards selected full disease universe sha256=a0916af3c32947bcd8b4ae142e1c4a064dd088abb34889ca7c56c4528c63d671; quantiles=0.8/0.6; definitions=D:/Obsidian/杨存邦ob/04_项目库/进行中/UC药食同源药对筛选平台/data/formal_analysis/uc-24-herbs-v1/image_formula_v1/sensitivity_initial/q80_q60/definitions/operational_policy.json,6.5506625,1
GPR35,important,uc_operational_genecards_quantile_kegg_scope_v1; project operational policy (not official GeneCards tiers); GeneCards selected full disease universe sha256=a0916af3c32947bcd8b4ae142e1c4a064dd088abb34889ca7c56c4528c63d671; quantiles=0.8/0.6; definitions=D:/Obsidian/杨存邦ob/04_项目库/进行中/UC药食同源药对筛选平台/data/formal_analysis/uc-24-herbs-v1/image_formula_v1/sensitivity_initial/q80_q60/definitions/operational_policy.json,10.003955,2
GSTM1,normal,uc_operational_genecards_quantile_kegg_scope_v1; project operational policy (not official GeneCards tiers); GeneCards selected full disease universe sha256=a0916af3c32947bcd8b4ae142e1c4a064dd088abb34889ca7c56c4528c63d671; quantiles=0.8/0.6; definitions=D:/Obsidian/杨存邦ob/04_项目库/进行中/UC药食同源药对筛选平台/data/formal_analysis/uc-24-herbs-v1/image_formula_v1/sensitivity_initial/q80_q60/definitions/operational_policy.json,6.444802,1
GSTP1,normal,uc_operational_genecards_quantile_kegg_scope_v1; project operational policy (not official GeneCards tiers); GeneCards selected full disease universe sha256=a0916af3c32947bcd8b4ae142e1c4a064dd088abb34889ca7c56c4528c63d671; quantiles=0.8/0.6; definitions=D:/Obsidian/杨存邦ob/04_项目库/进行中/UC药食同源药对筛选平台/data/formal_analysis/uc-24-herbs-v1/image_formula_v1/sensitivity_initial/q80_q60/definitions/operational_policy.json,6.1815667,1
HIF1A,core,uc_operational_genecards_quantile_kegg_scope_v1; project operational policy (not official GeneCards tiers); GeneCards selected full disease universe sha256=a0916af3c32947bcd8b4ae142e1c4a064dd088abb34889ca7c56c4528c63d671; quantiles=0.8/0.6; definitions=D:/Obsidian/杨存邦ob/04_项目库/进行中/UC药食同源药对筛选平台/data/formal_analysis/uc-24-herbs-v1/image_formula_v1/sensitivity_initial/q80_q60/definitions/operational_policy.json,12.820144,5
HMOX1,normal,uc_operational_genecards_quantile_kegg_scope_v1; project operational policy (not official GeneCards tiers); GeneCards selected full disease universe sha256=a0916af3c32947bcd8b4ae142e1c4a064dd088abb34889ca7c56c4528c63d671; quantiles=0.8/0.6; definitions=D:/Obsidian/杨存邦ob/04_项目库/进行中/UC药食同源药对筛选平台/data/formal_analysis/uc-24-herbs-v1/image_formula_v1/sensitivity_initial/q80_q60/definitions/operational_policy.json,7.447625,1
HNF4A,normal,uc_operational_genecards_quantile_kegg_scope_v1; project operational policy (not official GeneCards tiers); GeneCards selected full disease universe sha256=a0916af3c32947bcd8b4ae142e1c4a064dd088abb34889ca7c56c4528c63d671; quantiles=0.8/0.6; definitions=D:/Obsidian/杨存邦ob/04_项目库/进行中/UC药食同源药对筛选平台/data/formal_analysis/uc-24-herbs-v1/image_formula_v1/sensitivity_initial/q80_q60/definitions/operational_policy.json,7.114401,1
ICAM1,core,uc_operational_genecards_quantile_kegg_scope_v1; project operational policy (not official GeneCards tiers); GeneCards selected full disease universe sha256=a0916af3c32947bcd8b4ae142e1c4a064dd088abb34889ca7c56c4528c63d671; quantiles=0.8/0.6; definitions=D:/Obsidian/杨存邦ob/04_项目库/进行中/UC药食同源药对筛选平台/data/formal_analysis/uc-24-herbs-v1/image_formula_v1/sensitivity_initial/q80_q60/definitions/operational_policy.json,14.479499,5
IFNG,core,uc_operational_genecards_quantile_kegg_scope_v1; project operational policy (not official GeneCards tiers); GeneCards selected full disease universe sha256=a0916af3c32947bcd8b4ae142e1c4a064dd088abb34889ca7c56c4528c63d671; quantiles=0.8/0.6; definitions=D:/Obsidian/杨存邦ob/04_项目库/进行中/UC药食同源药对筛选平台/data/formal_analysis/uc-24-herbs-v1/image_formula_v1/sensitivity_initial/q80_q60/definitions/operational_policy.json,20.790966,5
IGF2,important,uc_operational_genecards_quantile_kegg_scope_v1; project operational policy (not official GeneCards tiers); GeneCards selected full disease universe sha256=a0916af3c32947bcd8b4ae142e1c4a064dd088abb34889ca7c56c4528c63d671; quantiles=0.8/0.6; definitions=D:/Obsidian/杨存邦ob/04_项目库/进行中/UC药食同源药对筛选平台/data/formal_analysis/uc-24-herbs-v1/image_formula_v1/sensitivity_initial/q80_q60/definitions/operational_policy.json,7.875599,2
IKBKB,important,uc_operational_genecards_quantile_kegg_scope_v1; project operational policy (not official GeneCards tiers); GeneCards selected full disease universe sha256=a0916af3c32947bcd8b4ae142e1c4a064dd088abb34889ca7c56c4528c63d671; quantiles=0.8/0.6; definitions=D:/Obsidian/杨存邦ob/04_项目库/进行中/UC药食同源药对筛选平台/data/formal_analysis/uc-24-herbs-v1/image_formula_v1/sensitivity_initial/q80_q60/definitions/operational_policy.json,9.36112,2
IL10,core,uc_operational_genecards_quantile_kegg_scope_v1; project operational policy (not official GeneCards tiers); GeneCards selected full disease universe sha256=a0916af3c32947bcd8b4ae142e1c4a064dd088abb34889ca7c56c4528c63d671; quantiles=0.8/0.6; definitions=D:/Obsidian/杨存邦ob/04_项目库/进行中/UC药食同源药对筛选平台/data/formal_analysis/uc-24-herbs-v1/image_formula_v1/sensitivity_initial/q80_q60/definitions/operational_policy.json,30.193731,5
IL13,core,uc_operational_genecards_quantile_kegg_scope_v1; project operational policy (not official GeneCards tiers); GeneCards selected full disease universe sha256=a0916af3c32947bcd8b4ae142e1c4a064dd088abb34889ca7c56c4528c63d671; quantiles=0.8/0.6; definitions=D:/Obsidian/杨存邦ob/04_项目库/进行中/UC药食同源药对筛选平台/data/formal_analysis/uc-24-herbs-v1/image_formula_v1/sensitivity_initial/q80_q60/definitions/operational_policy.json,15.482692,5
IL1A,normal,uc_operational_genecards_quantile_kegg_scope_v1; project operational policy (not official GeneCards tiers); GeneCards selected full disease universe sha256=a0916af3c32947bcd8b4ae142e1c4a064dd088abb34889ca7c56c4528c63d671; quantiles=0.8/0.6; definitions=D:/Obsidian/杨存邦ob/04_项目库/进行中/UC药食同源药对筛选平台/data/formal_analysis/uc-24-herbs-v1/image_formula_v1/sensitivity_initial/q80_q60/definitions/operational_policy.json,5.2936935,1
IL1B,core,uc_operational_genecards_quantile_kegg_scope_v1; project operational policy (not official GeneCards tiers); GeneCards selected full disease universe sha256=a0916af3c32947bcd8b4ae142e1c4a064dd088abb34889ca7c56c4528c63d671; quantiles=0.8/0.6; definitions=D:/Obsidian/杨存邦ob/04_项目库/进行中/UC药食同源药对筛选平台/data/formal_analysis/uc-24-herbs-v1/image_formula_v1/sensitivity_initial/q80_q60/definitions/operational_policy.json,22.747374,5
IL2,core,uc_operational_genecards_quantile_kegg_scope_v1; project operational policy (not official GeneCards tiers); GeneCards selected full disease universe sha256=a0916af3c32947bcd8b4ae142e1c4a064dd088abb34889ca7c56c4528c63d671; quantiles=0.8/0.6; definitions=D:/Obsidian/杨存邦ob/04_项目库/进行中/UC药食同源药对筛选平台/data/formal_analysis/uc-24-herbs-v1/image_formula_v1/sensitivity_initial/q80_q60/definitions/operational_policy.json,18.314,5
IL4,core,uc_operational_genecards_quantile_kegg_scope_v1; project operational policy (not official GeneCards tiers); GeneCards selected full disease universe sha256=a0916af3c32947bcd8b4ae142e1c4a064dd088abb34889ca7c56c4528c63d671; quantiles=0.8/0.6; definitions=D:/Obsidian/杨存邦ob/04_项目库/进行中/UC药食同源药对筛选平台/data/formal_analysis/uc-24-herbs-v1/image_formula_v1/sensitivity_initial/q80_q60/definitions/operational_policy.json,14.665485,5
IL5,core,uc_operational_genecards_quantile_kegg_scope_v1; project operational policy (not official GeneCards tiers); GeneCards selected full disease universe sha256=a0916af3c32947bcd8b4ae142e1c4a064dd088abb34889ca7c56c4528c63d671; quantiles=0.8/0.6; definitions=D:/Obsidian/杨存邦ob/04_项目库/进行中/UC药食同源药对筛选平台/data/formal_analysis/uc-24-herbs-v1/image_formula_v1/sensitivity_initial/q80_q60/definitions/operational_policy.json,12.599868,5
IL6,core,uc_operational_genecards_quantile_kegg_scope_v1; project operational policy (not official GeneCards tiers); GeneCards selected full disease universe sha256=a0916af3c32947bcd8b4ae142e1c4a064dd088abb34889ca7c56c4528c63d671; quantiles=0.8/0.6; definitions=D:/Obsidian/杨存邦ob/04_项目库/进行中/UC药食同源药对筛选平台/data/formal_analysis/uc-24-herbs-v1/image_formula_v1/sensitivity_initial/q80_q60/definitions/operational_policy.json,32.90013,5
JUN,important,uc_operational_genecards_quantile_kegg_scope_v1; project operational policy (not official GeneCards tiers); GeneCards selected full disease universe sha256=a0916af3c32947bcd8b4ae142e1c4a064dd088abb34889ca7c56c4528c63d671; quantiles=0.8/0.6; definitions=D:/Obsidian/杨存邦ob/04_项目库/进行中/UC药食同源药对筛选平台/data/formal_analysis/uc-24-herbs-v1/image_formula_v1/sensitivity_initial/q80_q60/definitions/operational_policy.json,7.8020153,2
KDR,normal,uc_operational_genecards_quantile_kegg_scope_v1; project operational policy (not official GeneCards tiers); GeneCards selected full disease universe sha256=a0916af3c32947bcd8b4ae142e1c4a064dd088abb34889ca7c56c4528c63d671; quantiles=0.8/0.6; definitions=D:/Obsidian/杨存邦ob/04_项目库/进行中/UC药食同源药对筛选平台/data/formal_analysis/uc-24-herbs-v1/image_formula_v1/sensitivity_initial/q80_q60/definitions/operational_policy.json,5.6745534,1
MAPK1,normal,uc_operational_genecards_quantile_kegg_scope_v1; project operational policy (not official GeneCards tiers); GeneCards selected full disease universe sha256=a0916af3c32947bcd8b4ae142e1c4a064dd088abb34889ca7c56c4528c63d671; quantiles=0.8/0.6; definitions=D:/Obsidian/杨存邦ob/04_项目库/进行中/UC药食同源药对筛选平台/data/formal_analysis/uc-24-herbs-v1/image_formula_v1/sensitivity_initial/q80_q60/definitions/operational_policy.json,5.054938,1
MAPK3,normal,uc_operational_genecards_quantile_kegg_scope_v1; project operational policy (not official GeneCards tiers); GeneCards selected full disease universe sha256=a0916af3c32947bcd8b4ae142e1c4a064dd088abb34889ca7c56c4528c63d671; quantiles=0.8/0.6; definitions=D:/Obsidian/杨存邦ob/04_项目库/进行中/UC药食同源药对筛选平台/data/formal_analysis/uc-24-herbs-v1/image_formula_v1/sensitivity_initial/q80_q60/definitions/operational_policy.json,6.0068083,1
MET,normal,uc_operational_genecards_quantile_kegg_scope_v1; project operational policy (not official GeneCards tiers); GeneCards selected full disease universe sha256=a0916af3c32947bcd8b4ae142e1c4a064dd088abb34889ca7c56c4528c63d671; quantiles=0.8/0.6; definitions=D:/Obsidian/杨存邦ob/04_项目库/进行中/UC药食同源药对筛选平台/data/formal_analysis/uc-24-herbs-v1/image_formula_v1/sensitivity_initial/q80_q60/definitions/operational_policy.json,7.1275077,1
MMP1,important,uc_operational_genecards_quantile_kegg_scope_v1; project operational policy (not official GeneCards tiers); GeneCards selected full disease universe sha256=a0916af3c32947bcd8b4ae142e1c4a064dd088abb34889ca7c56c4528c63d671; quantiles=0.8/0.6; definitions=D:/Obsidian/杨存邦ob/04_项目库/进行中/UC药食同源药对筛选平台/data/formal_analysis/uc-24-herbs-v1/image_formula_v1/sensitivity_initial/q80_q60/definitions/operational_policy.json,8.185386,2
MMP2,normal,uc_operational_genecards_quantile_kegg_scope_v1; project operational policy (not official GeneCards tiers); GeneCards selected full disease universe sha256=a0916af3c32947bcd8b4ae142e1c4a064dd088abb34889ca7c56c4528c63d671; quantiles=0.8/0.6; definitions=D:/Obsidian/杨存邦ob/04_项目库/进行中/UC药食同源药对筛选平台/data/formal_analysis/uc-24-herbs-v1/image_formula_v1/sensitivity_initial/q80_q60/definitions/operational_policy.json,6.8027625,1
MMP3,normal,uc_operational_genecards_quantile_kegg_scope_v1; project operational policy (not official GeneCards tiers); GeneCards selected full disease universe sha256=a0916af3c32947bcd8b4ae142e1c4a064dd088abb34889ca7c56c4528c63d671; quantiles=0.8/0.6; definitions=D:/Obsidian/杨存邦ob/04_项目库/进行中/UC药食同源药对筛选平台/data/formal_analysis/uc-24-herbs-v1/image_formula_v1/sensitivity_initial/q80_q60/definitions/operational_policy.json,5.585543,1
MMP8,normal,uc_operational_genecards_quantile_kegg_scope_v1; project operational policy (not official GeneCards tiers); GeneCards selected full disease universe sha256=a0916af3c32947bcd8b4ae142e1c4a064dd088abb34889ca7c56c4528c63d671; quantiles=0.8/0.6; definitions=D:/Obsidian/杨存邦ob/04_项目库/进行中/UC药食同源药对筛选平台/data/formal_analysis/uc-24-herbs-v1/image_formula_v1/sensitivity_initial/q80_q60/definitions/operational_policy.json,5.2813253,1
MMP9,core,uc_operational_genecards_quantile_kegg_scope_v1; project operational policy (not official GeneCards tiers); GeneCards selected full disease universe sha256=a0916af3c32947bcd8b4ae142e1c4a064dd088abb34889ca7c56c4528c63d671; quantiles=0.8/0.6; definitions=D:/Obsidian/杨存邦ob/04_项目库/进行中/UC药食同源药对筛选平台/data/formal_analysis/uc-24-herbs-v1/image_formula_v1/sensitivity_initial/q80_q60/definitions/operational_policy.json,12.384607,5
MPO,core,uc_operational_genecards_quantile_kegg_scope_v1; project operational policy (not official GeneCards tiers); GeneCards selected full disease universe sha256=a0916af3c32947bcd8b4ae142e1c4a064dd088abb34889ca7c56c4528c63d671; quantiles=0.8/0.6; definitions=D:/Obsidian/杨存邦ob/04_项目库/进行中/UC药食同源药对筛选平台/data/formal_analysis/uc-24-herbs-v1/image_formula_v1/sensitivity_initial/q80_q60/definitions/operational_policy.json,14.316359,5
MTOR,important,uc_operational_genecards_quantile_kegg_scope_v1; project operational policy (not official GeneCards tiers); GeneCards selected full disease universe sha256=a0916af3c32947bcd8b4ae142e1c4a064dd088abb34889ca7c56c4528c63d671; quantiles=0.8/0.6; definitions=D:/Obsidian/杨存邦ob/04_项目库/进行中/UC药食同源药对筛选平台/data/formal_analysis/uc-24-herbs-v1/image_formula_v1/sensitivity_initial/q80_q60/definitions/operational_policy.json,9.614263,2
MYC,important,uc_operational_genecards_quantile_kegg_scope_v1; project operational policy (not official GeneCards tiers); GeneCards selected full disease universe sha256=a0916af3c32947bcd8b4ae142e1c4a064dd088abb34889ca7c56c4528c63d671; quantiles=0.8/0.6; definitions=D:/Obsidian/杨存邦ob/04_项目库/进行中/UC药食同源药对筛选平台/data/formal_analysis/uc-24-herbs-v1/image_formula_v1/sensitivity_initial/q80_q60/definitions/operational_policy.json,11.032124,2
NFE2L2,core,uc_operational_genecards_quantile_kegg_scope_v1; project operational policy (not official GeneCards tiers); GeneCards selected full disease universe sha256=a0916af3c32947bcd8b4ae142e1c4a064dd088abb34889ca7c56c4528c63d671; quantiles=0.8/0.6; definitions=D:/Obsidian/杨存邦ob/04_项目库/进行中/UC药食同源药对筛选平台/data/formal_analysis/uc-24-herbs-v1/image_formula_v1/sensitivity_initial/q80_q60/definitions/operational_policy.json,19.130266,5
NFKB1,core,uc_operational_genecards_quantile_kegg_scope_v1; project operational policy (not official GeneCards tiers); GeneCards selected full disease universe sha256=a0916af3c32947bcd8b4ae142e1c4a064dd088abb34889ca7c56c4528c63d671; quantiles=0.8/0.6; definitions=D:/Obsidian/杨存邦ob/04_项目库/进行中/UC药食同源药对筛选平台/data/formal_analysis/uc-24-herbs-v1/image_formula_v1/sensitivity_initial/q80_q60/definitions/operational_policy.json,49.370636,5
NFKBIA,core,uc_operational_genecards_quantile_kegg_scope_v1; project operational policy (not official GeneCards tiers); GeneCards selected full disease universe sha256=a0916af3c32947bcd8b4ae142e1c4a064dd088abb34889ca7c56c4528c63d671; quantiles=0.8/0.6; definitions=D:/Obsidian/杨存邦ob/04_项目库/进行中/UC药食同源药对筛选平台/data/formal_analysis/uc-24-herbs-v1/image_formula_v1/sensitivity_initial/q80_q60/definitions/operational_policy.json,12.875323,5
NOD2,core,uc_operational_genecards_quantile_kegg_scope_v1; project operational policy (not official GeneCards tiers); GeneCards selected full disease universe sha256=a0916af3c32947bcd8b4ae142e1c4a064dd088abb34889ca7c56c4528c63d671; quantiles=0.8/0.6; definitions=D:/Obsidian/杨存邦ob/04_项目库/进行中/UC药食同源药对筛选平台/data/formal_analysis/uc-24-herbs-v1/image_formula_v1/sensitivity_initial/q80_q60/definitions/operational_policy.json,49.27924,5
NOS2,core,uc_operational_genecards_quantile_kegg_scope_v1; project operational policy (not official GeneCards tiers); GeneCards selected full disease universe sha256=a0916af3c32947bcd8b4ae142e1c4a064dd088abb34889ca7c56c4528c63d671; quantiles=0.8/0.6; definitions=D:/Obsidian/杨存邦ob/04_项目库/进行中/UC药食同源药对筛选平台/data/formal_analysis/uc-24-herbs-v1/image_formula_v1/sensitivity_initial/q80_q60/definitions/operational_policy.json,20.921286,5
NOS3,normal,uc_operational_genecards_quantile_kegg_scope_v1; project operational policy (not official GeneCards tiers); GeneCards selected full disease universe sha256=a0916af3c32947bcd8b4ae142e1c4a064dd088abb34889ca7c56c4528c63d671; quantiles=0.8/0.6; definitions=D:/Obsidian/杨存邦ob/04_项目库/进行中/UC药食同源药对筛选平台/data/formal_analysis/uc-24-herbs-v1/image_formula_v1/sensitivity_initial/q80_q60/definitions/operational_policy.json,5.722323,1
NR1I2,important,uc_operational_genecards_quantile_kegg_scope_v1; project operational policy (not official GeneCards tiers); GeneCards selected full disease universe sha256=a0916af3c32947bcd8b4ae142e1c4a064dd088abb34889ca7c56c4528c63d671; quantiles=0.8/0.6; definitions=D:/Obsidian/杨存邦ob/04_项目库/进行中/UC药食同源药对筛选平台/data/formal_analysis/uc-24-herbs-v1/image_formula_v1/sensitivity_initial/q80_q60/definitions/operational_policy.json,9.593672,2
NR3C1,normal,uc_operational_genecards_quantile_kegg_scope_v1; project operational policy (not official GeneCards tiers); GeneCards selected full disease universe sha256=a0916af3c32947bcd8b4ae142e1c4a064dd088abb34889ca7c56c4528c63d671; quantiles=0.8/0.6; definitions=D:/Obsidian/杨存邦ob/04_项目库/进行中/UC药食同源药对筛选平台/data/formal_analysis/uc-24-herbs-v1/image_formula_v1/sensitivity_initial/q80_q60/definitions/operational_policy.json,7.4143515,1
ODC1,normal,uc_operational_genecards_quantile_kegg_scope_v1; project operational policy (not official GeneCards tiers); GeneCards selected full disease universe sha256=a0916af3c32947bcd8b4ae142e1c4a064dd088abb34889ca7c56c4528c63d671; quantiles=0.8/0.6; definitions=D:/Obsidian/杨存邦ob/04_项目库/进行中/UC药食同源药对筛选平台/data/formal_analysis/uc-24-herbs-v1/image_formula_v1/sensitivity_initial/q80_q60/definitions/operational_policy.json,6.987645,1
PLAU,normal,uc_operational_genecards_quantile_kegg_scope_v1; project operational policy (not official GeneCards tiers); GeneCards selected full disease universe sha256=a0916af3c32947bcd8b4ae142e1c4a064dd088abb34889ca7c56c4528c63d671; quantiles=0.8/0.6; definitions=D:/Obsidian/杨存邦ob/04_项目库/进行中/UC药食同源药对筛选平台/data/formal_analysis/uc-24-herbs-v1/image_formula_v1/sensitivity_initial/q80_q60/definitions/operational_policy.json,7.595819,1
PPARA,normal,uc_operational_genecards_quantile_kegg_scope_v1; project operational policy (not official GeneCards tiers); GeneCards selected full disease universe sha256=a0916af3c32947bcd8b4ae142e1c4a064dd088abb34889ca7c56c4528c63d671; quantiles=0.8/0.6; definitions=D:/Obsidian/杨存邦ob/04_项目库/进行中/UC药食同源药对筛选平台/data/formal_analysis/uc-24-herbs-v1/image_formula_v1/sensitivity_initial/q80_q60/definitions/operational_policy.json,5.664101,1
PPARG,core,uc_operational_genecards_quantile_kegg_scope_v1; project operational policy (not official GeneCards tiers); GeneCards selected full disease universe sha256=a0916af3c32947bcd8b4ae142e1c4a064dd088abb34889ca7c56c4528c63d671; quantiles=0.8/0.6; definitions=D:/Obsidian/杨存邦ob/04_项目库/进行中/UC药食同源药对筛选平台/data/formal_analysis/uc-24-herbs-v1/image_formula_v1/sensitivity_initial/q80_q60/definitions/operational_policy.json,30.192875,5
PTGS1,important,uc_operational_genecards_quantile_kegg_scope_v1; project operational policy (not official GeneCards tiers); GeneCards selected full disease universe sha256=a0916af3c32947bcd8b4ae142e1c4a064dd088abb34889ca7c56c4528c63d671; quantiles=0.8/0.6; definitions=D:/Obsidian/杨存邦ob/04_项目库/进行中/UC药食同源药对筛选平台/data/formal_analysis/uc-24-herbs-v1/image_formula_v1/sensitivity_initial/q80_q60/definitions/operational_policy.json,9.88881,2
PTGS2,core,uc_operational_genecards_quantile_kegg_scope_v1; project operational policy (not official GeneCards tiers); GeneCards selected full disease universe sha256=a0916af3c32947bcd8b4ae142e1c4a064dd088abb34889ca7c56c4528c63d671; quantiles=0.8/0.6; definitions=D:/Obsidian/杨存邦ob/04_项目库/进行中/UC药食同源药对筛选平台/data/formal_analysis/uc-24-herbs-v1/image_formula_v1/sensitivity_initial/q80_q60/definitions/operational_policy.json,20.948187,5
RB1,normal,uc_operational_genecards_quantile_kegg_scope_v1; project operational policy (not official GeneCards tiers); GeneCards selected full disease universe sha256=a0916af3c32947bcd8b4ae142e1c4a064dd088abb34889ca7c56c4528c63d671; quantiles=0.8/0.6; definitions=D:/Obsidian/杨存邦ob/04_项目库/进行中/UC药食同源药对筛选平台/data/formal_analysis/uc-24-herbs-v1/image_formula_v1/sensitivity_initial/q80_q60/definitions/operational_policy.json,6.567481,1
RELA,important,uc_operational_genecards_quantile_kegg_scope_v1; project operational policy (not official GeneCards tiers); GeneCards selected full disease universe sha256=a0916af3c32947bcd8b4ae142e1c4a064dd088abb34889ca7c56c4528c63d671; quantiles=0.8/0.6; definitions=D:/Obsidian/杨存邦ob/04_项目库/进行中/UC药食同源药对筛选平台/data/formal_analysis/uc-24-herbs-v1/image_formula_v1/sensitivity_initial/q80_q60/definitions/operational_policy.json,9.375695,2
RORC,normal,uc_operational_genecards_quantile_kegg_scope_v1; project operational policy (not official GeneCards tiers); GeneCards selected full disease universe sha256=a0916af3c32947bcd8b4ae142e1c4a064dd088abb34889ca7c56c4528c63d671; quantiles=0.8/0.6; definitions=D:/Obsidian/杨存邦ob/04_项目库/进行中/UC药食同源药对筛选平台/data/formal_analysis/uc-24-herbs-v1/image_formula_v1/sensitivity_initial/q80_q60/definitions/operational_policy.json,7.6614394,1
SIRT1,normal,uc_operational_genecards_quantile_kegg_scope_v1; project operational policy (not official GeneCards tiers); GeneCards selected full disease universe sha256=a0916af3c32947bcd8b4ae142e1c4a064dd088abb34889ca7c56c4528c63d671; quantiles=0.8/0.6; definitions=D:/Obsidian/杨存邦ob/04_项目库/进行中/UC药食同源药对筛选平台/data/formal_analysis/uc-24-herbs-v1/image_formula_v1/sensitivity_initial/q80_q60/definitions/operational_policy.json,7.571711,1
SLC6A4,normal,uc_operational_genecards_quantile_kegg_scope_v1; project operational policy (not official GeneCards tiers); GeneCards selected full disease universe sha256=a0916af3c32947bcd8b4ae142e1c4a064dd088abb34889ca7c56c4528c63d671; quantiles=0.8/0.6; definitions=D:/Obsidian/杨存邦ob/04_项目库/进行中/UC药食同源药对筛选平台/data/formal_analysis/uc-24-herbs-v1/image_formula_v1/sensitivity_initial/q80_q60/definitions/operational_policy.json,5.2827463,1
STAT1,important,uc_operational_genecards_quantile_kegg_scope_v1; project operational policy (not official GeneCards tiers); GeneCards selected full disease universe sha256=a0916af3c32947bcd8b4ae142e1c4a064dd088abb34889ca7c56c4528c63d671; quantiles=0.8/0.6; definitions=D:/Obsidian/杨存邦ob/04_项目库/进行中/UC药食同源药对筛选平台/data/formal_analysis/uc-24-herbs-v1/image_formula_v1/sensitivity_initial/q80_q60/definitions/operational_policy.json,9.361784,2
STAT3,core,uc_operational_genecards_quantile_kegg_scope_v1; project operational policy (not official GeneCards tiers); GeneCards selected full disease universe sha256=a0916af3c32947bcd8b4ae142e1c4a064dd088abb34889ca7c56c4528c63d671; quantiles=0.8/0.6; definitions=D:/Obsidian/杨存邦ob/04_项目库/进行中/UC药食同源药对筛选平台/data/formal_analysis/uc-24-herbs-v1/image_formula_v1/sensitivity_initial/q80_q60/definitions/operational_policy.json,34.99863,5
TCF7L2,normal,uc_operational_genecards_quantile_kegg_scope_v1; project operational policy (not official GeneCards tiers); GeneCards selected full disease universe sha256=a0916af3c32947bcd8b4ae142e1c4a064dd088abb34889ca7c56c4528c63d671; quantiles=0.8/0.6; definitions=D:/Obsidian/杨存邦ob/04_项目库/进行中/UC药食同源药对筛选平台/data/formal_analysis/uc-24-herbs-v1/image_formula_v1/sensitivity_initial/q80_q60/definitions/operational_policy.json,7.2740707,1
TGFB1,core,uc_operational_genecards_quantile_kegg_scope_v1; project operational policy (not official GeneCards tiers); GeneCards selected full disease universe sha256=a0916af3c32947bcd8b4ae142e1c4a064dd088abb34889ca7c56c4528c63d671; quantiles=0.8/0.6; definitions=D:/Obsidian/杨存邦ob/04_项目库/进行中/UC药食同源药对筛选平台/data/formal_analysis/uc-24-herbs-v1/image_formula_v1/sensitivity_initial/q80_q60/definitions/operational_policy.json,25.385891,5
TIMP1,normal,uc_operational_genecards_quantile_kegg_scope_v1; project operational policy (not official GeneCards tiers); GeneCards selected full disease universe sha256=a0916af3c32947bcd8b4ae142e1c4a064dd088abb34889ca7c56c4528c63d671; quantiles=0.8/0.6; definitions=D:/Obsidian/杨存邦ob/04_项目库/进行中/UC药食同源药对筛选平台/data/formal_analysis/uc-24-herbs-v1/image_formula_v1/sensitivity_initial/q80_q60/definitions/operational_policy.json,6.9506526,1
TNF,core,uc_operational_genecards_quantile_kegg_scope_v1; project operational policy (not official GeneCards tiers); GeneCards selected full disease universe sha256=a0916af3c32947bcd8b4ae142e1c4a064dd088abb34889ca7c56c4528c63d671; quantiles=0.8/0.6; definitions=D:/Obsidian/杨存邦ob/04_项目库/进行中/UC药食同源药对筛选平台/data/formal_analysis/uc-24-herbs-v1/image_formula_v1/sensitivity_initial/q80_q60/definitions/operational_policy.json,33.195614,5
TP53,core,uc_operational_genecards_quantile_kegg_scope_v1; project operational policy (not official GeneCards tiers); GeneCards selected full disease universe sha256=a0916af3c32947bcd8b4ae142e1c4a064dd088abb34889ca7c56c4528c63d671; quantiles=0.8/0.6; definitions=D:/Obsidian/杨存邦ob/04_项目库/进行中/UC药食同源药对筛选平台/data/formal_analysis/uc-24-herbs-v1/image_formula_v1/sensitivity_initial/q80_q60/definitions/operational_policy.json,21.27651,5
VCAM1,normal,uc_operational_genecards_quantile_kegg_scope_v1; project operational policy (not official GeneCards tiers); GeneCards selected full disease universe sha256=a0916af3c32947bcd8b4ae142e1c4a064dd088abb34889ca7c56c4528c63d671; quantiles=0.8/0.6; definitions=D:/Obsidian/杨存邦ob/04_项目库/进行中/UC药食同源药对筛选平台/data/formal_analysis/uc-24-herbs-v1/image_formula_v1/sensitivity_initial/q80_q60/definitions/operational_policy.json,5.4428854,1
VEGFA,important,uc_operational_genecards_quantile_kegg_scope_v1; project operational policy (not official GeneCards tiers); GeneCards selected full disease universe sha256=a0916af3c32947bcd8b4ae142e1c4a064dd088abb34889ca7c56c4528c63d671; quantiles=0.8/0.6; definitions=D:/Obsidian/杨存邦ob/04_项目库/进行中/UC药食同源药对筛选平台/data/formal_analysis/uc-24-herbs-v1/image_formula_v1/sensitivity_initial/q80_q60/definitions/operational_policy.json,8.369354,2
XIST,normal,uc_operational_genecards_quantile_kegg_scope_v1; project operational policy (not official GeneCards tiers); GeneCards selected full disease universe sha256=a0916af3c32947bcd8b4ae142e1c4a064dd088abb34889ca7c56c4528c63d671; quantiles=0.8/0.6; definitions=D:/Obsidian/杨存邦ob/04_项目库/进行中/UC药食同源药对筛选平台/data/formal_analysis/uc-24-herbs-v1/image_formula_v1/sensitivity_initial/q80_q60/definitions/operational_policy.json,6.416805,1
