pair_rank,pair_key,herb_a,herb_b,target_gene,target_priority,structure_source,ingredient_evidence_score
1,党参＋蒲公英,党参,蒲公英,PTGS2,1,validated_registry,1202.478
1,党参＋蒲公英,党参,蒲公英,IL6,1002,automatic_rcsb_discovery,1202.478
1,党参＋蒲公英,党参,蒲公英,TNF,1003,automatic_rcsb_discovery,1202.478
1,党参＋蒲公英,党参,蒲公英,TP53,1004,automatic_rcsb_discovery,1202.478
1,党参＋蒲公英,党参,蒲公英,CASP3,1005,automatic_rcsb_discovery,1202.478
1,党参＋蒲公英,党参,蒲公英,NFKBIA,1007,automatic_rcsb_discovery,1202.478
1,党参＋蒲公英,党参,蒲公英,IL4,1008,automatic_rcsb_discovery,1202.478
1,党参＋蒲公英,党参,蒲公英,RELA,1006,automatic_rcsb_discovery,850.157
2,蒲公英＋鱼腥草,蒲公英,鱼腥草,PTGS2,1,validated_registry,1598.75
2,蒲公英＋鱼腥草,蒲公英,鱼腥草,IL6,1002,automatic_rcsb_discovery,1598.75
2,蒲公英＋鱼腥草,蒲公英,鱼腥草,IL1B,1003,automatic_rcsb_discovery,1598.75
2,蒲公英＋鱼腥草,蒲公英,鱼腥草,TNF,1004,automatic_rcsb_discovery,1598.75
2,蒲公英＋鱼腥草,蒲公英,鱼腥草,TP53,1005,automatic_rcsb_discovery,1598.75
2,蒲公英＋鱼腥草,蒲公英,鱼腥草,CASP3,1007,automatic_rcsb_discovery,1598.75
2,蒲公英＋鱼腥草,蒲公英,鱼腥草,BCL2,1008,automatic_rcsb_discovery,1598.75
2,蒲公英＋鱼腥草,蒲公英,鱼腥草,MYC,1006,automatic_rcsb_discovery,1246.429
3,栀子＋蒲公英,栀子,蒲公英,PTGS2,1,validated_registry,1598.75
3,栀子＋蒲公英,栀子,蒲公英,IL6,1002,automatic_rcsb_discovery,1598.75
3,栀子＋蒲公英,栀子,蒲公英,IL1B,1003,automatic_rcsb_discovery,1598.75
3,栀子＋蒲公英,栀子,蒲公英,TNF,1004,automatic_rcsb_discovery,1598.75
3,栀子＋蒲公英,栀子,蒲公英,TP53,1005,automatic_rcsb_discovery,1598.75
3,栀子＋蒲公英,栀子,蒲公英,CASP3,1007,automatic_rcsb_discovery,1598.75
3,栀子＋蒲公英,栀子,蒲公英,BCL2,1008,automatic_rcsb_discovery,1598.75
3,栀子＋蒲公英,栀子,蒲公英,MYC,1006,automatic_rcsb_discovery,1246.429
4,槐花＋蒲公英,槐花,蒲公英,PTGS2,1,validated_registry,1598.75
4,槐花＋蒲公英,槐花,蒲公英,IL6,1002,automatic_rcsb_discovery,1598.75
4,槐花＋蒲公英,槐花,蒲公英,IL1B,1003,automatic_rcsb_discovery,1598.75
4,槐花＋蒲公英,槐花,蒲公英,TNF,1004,automatic_rcsb_discovery,1598.75
4,槐花＋蒲公英,槐花,蒲公英,TP53,1005,automatic_rcsb_discovery,1598.75
4,槐花＋蒲公英,槐花,蒲公英,CASP3,1007,automatic_rcsb_discovery,1598.75
4,槐花＋蒲公英,槐花,蒲公英,BCL2,1008,automatic_rcsb_discovery,1598.75
4,槐花＋蒲公英,槐花,蒲公英,MYC,1006,automatic_rcsb_discovery,1246.429
5,乌梅＋蒲公英,乌梅,蒲公英,PTGS2,1,validated_registry,1598.75
5,乌梅＋蒲公英,乌梅,蒲公英,IL6,1002,automatic_rcsb_discovery,1598.75
5,乌梅＋蒲公英,乌梅,蒲公英,IL1B,1003,automatic_rcsb_discovery,1598.75
5,乌梅＋蒲公英,乌梅,蒲公英,TNF,1004,automatic_rcsb_discovery,1598.75
5,乌梅＋蒲公英,乌梅,蒲公英,TP53,1005,automatic_rcsb_discovery,1598.75
5,乌梅＋蒲公英,乌梅,蒲公英,CASP3,1007,automatic_rcsb_discovery,1598.75
5,乌梅＋蒲公英,乌梅,蒲公英,BCL2,1008,automatic_rcsb_discovery,1598.75
5,乌梅＋蒲公英,乌梅,蒲公英,MYC,1006,automatic_rcsb_discovery,1246.429
6,大枣＋蒲公英,大枣,蒲公英,PTGS2,1,validated_registry,1598.75
6,大枣＋蒲公英,大枣,蒲公英,IL6,1002,automatic_rcsb_discovery,1598.75
6,大枣＋蒲公英,大枣,蒲公英,IL1B,1003,automatic_rcsb_discovery,1598.75
6,大枣＋蒲公英,大枣,蒲公英,TNF,1004,automatic_rcsb_discovery,1598.75
6,大枣＋蒲公英,大枣,蒲公英,TP53,1005,automatic_rcsb_discovery,1598.75
6,大枣＋蒲公英,大枣,蒲公英,CASP3,1007,automatic_rcsb_discovery,1598.75
6,大枣＋蒲公英,大枣,蒲公英,BCL2,1008,automatic_rcsb_discovery,1598.75
6,大枣＋蒲公英,大枣,蒲公英,MYC,1006,automatic_rcsb_discovery,1246.429
7,蒲公英＋黄芪,蒲公英,黄芪,PTGS2,1,validated_registry,1598.75
7,蒲公英＋黄芪,蒲公英,黄芪,IL6,1002,automatic_rcsb_discovery,1598.75
7,蒲公英＋黄芪,蒲公英,黄芪,IL1B,1003,automatic_rcsb_discovery,1598.75
7,蒲公英＋黄芪,蒲公英,黄芪,TNF,1004,automatic_rcsb_discovery,1598.75
7,蒲公英＋黄芪,蒲公英,黄芪,TP53,1005,automatic_rcsb_discovery,1598.75
7,蒲公英＋黄芪,蒲公英,黄芪,CASP3,1007,automatic_rcsb_discovery,1598.75
7,蒲公英＋黄芪,蒲公英,黄芪,BCL2,1008,automatic_rcsb_discovery,1598.75
7,蒲公英＋黄芪,蒲公英,黄芪,MYC,1006,automatic_rcsb_discovery,1246.429
8,蒲公英＋马齿苋,蒲公英,马齿苋,PTGS2,1,validated_registry,1598.75
8,蒲公英＋马齿苋,蒲公英,马齿苋,IL6,1002,automatic_rcsb_discovery,1598.75
8,蒲公英＋马齿苋,蒲公英,马齿苋,IL1B,1003,automatic_rcsb_discovery,1598.75
8,蒲公英＋马齿苋,蒲公英,马齿苋,TNF,1004,automatic_rcsb_discovery,1598.75
8,蒲公英＋马齿苋,蒲公英,马齿苋,TP53,1005,automatic_rcsb_discovery,1598.75
8,蒲公英＋马齿苋,蒲公英,马齿苋,CASP3,1007,automatic_rcsb_discovery,1598.75
8,蒲公英＋马齿苋,蒲公英,马齿苋,BCL2,1008,automatic_rcsb_discovery,1598.75
8,蒲公英＋马齿苋,蒲公英,马齿苋,MYC,1006,automatic_rcsb_discovery,1246.429
9,石榴皮＋蒲公英,石榴皮,蒲公英,PTGS2,1,validated_registry,1598.75
9,石榴皮＋蒲公英,石榴皮,蒲公英,IL6,1002,automatic_rcsb_discovery,1598.75
9,石榴皮＋蒲公英,石榴皮,蒲公英,IL1B,1003,automatic_rcsb_discovery,1598.75
9,石榴皮＋蒲公英,石榴皮,蒲公英,TNF,1004,automatic_rcsb_discovery,1598.75
9,石榴皮＋蒲公英,石榴皮,蒲公英,TP53,1005,automatic_rcsb_discovery,1598.75
9,石榴皮＋蒲公英,石榴皮,蒲公英,CASP3,1007,automatic_rcsb_discovery,1598.75
9,石榴皮＋蒲公英,石榴皮,蒲公英,BCL2,1008,automatic_rcsb_discovery,1598.75
9,石榴皮＋蒲公英,石榴皮,蒲公英,MYC,1006,automatic_rcsb_discovery,1246.429
10,甘草＋蒲公英,甘草,蒲公英,PTGS2,1,validated_registry,1598.75
10,甘草＋蒲公英,甘草,蒲公英,IL6,1002,automatic_rcsb_discovery,1598.75
10,甘草＋蒲公英,甘草,蒲公英,IL1B,1003,automatic_rcsb_discovery,1598.75
10,甘草＋蒲公英,甘草,蒲公英,TNF,1004,automatic_rcsb_discovery,1598.75
10,甘草＋蒲公英,甘草,蒲公英,TP53,1005,automatic_rcsb_discovery,1598.75
10,甘草＋蒲公英,甘草,蒲公英,CASP3,1007,automatic_rcsb_discovery,1598.75
10,甘草＋蒲公英,甘草,蒲公英,BCL2,1008,automatic_rcsb_discovery,1598.75
10,甘草＋蒲公英,甘草,蒲公英,MYC,1006,automatic_rcsb_discovery,1246.429
11,蒲公英＋黄芩,蒲公英,黄芩,PTGS2,1,validated_registry,955.406
11,蒲公英＋黄芩,蒲公英,黄芩,IL6,1002,automatic_rcsb_discovery,955.406
11,蒲公英＋黄芩,蒲公英,黄芩,TNF,1003,automatic_rcsb_discovery,955.406
11,蒲公英＋黄芩,蒲公英,黄芩,TP53,1004,automatic_rcsb_discovery,955.406
11,蒲公英＋黄芩,蒲公英,黄芩,CASP3,1005,automatic_rcsb_discovery,955.406
11,蒲公英＋黄芩,蒲公英,黄芩,BCL2,1006,automatic_rcsb_discovery,955.406
11,蒲公英＋黄芩,蒲公英,黄芩,CCL2,1007,automatic_rcsb_discovery,955.406
11,蒲公英＋黄芩,蒲公英,黄芩,RELA,1008,automatic_rcsb_discovery,603.085
12,甘草＋莲子,甘草,莲子,MMP9,2,validated_registry,1230.581
12,甘草＋莲子,甘草,莲子,EGFR,1003,automatic_rcsb_discovery,1230.581
12,甘草＋莲子,甘草,莲子,MPO,1007,automatic_rcsb_discovery,1230.581
12,甘草＋莲子,甘草,莲子,CYP3A4,1008,automatic_rcsb_discovery,1230.581
12,甘草＋莲子,甘草,莲子,PLAU,3,validated_registry,1137.15
12,甘草＋莲子,甘草,莲子,CASP3,1004,automatic_rcsb_discovery,1126.883
12,甘草＋莲子,甘草,莲子,HIF1A,1005,automatic_rcsb_discovery,1123.334
12,甘草＋莲子,甘草,莲子,KDR,1006,automatic_rcsb_discovery,191.258
13,山药＋白扁豆,山药,白扁豆,PTGS2,1,validated_registry,456.838
13,山药＋白扁豆,山药,白扁豆,AKT1,1002,automatic_rcsb_discovery,456.838
14,山药＋芡实,山药,芡实,PTGS2,1,validated_registry,456.838
14,山药＋芡实,山药,芡实,AKT1,1002,automatic_rcsb_discovery,456.838
15,莲子＋陈皮,莲子,陈皮,MMP9,2,validated_registry,335.169
15,莲子＋陈皮,莲子,陈皮,CASP3,1002,automatic_rcsb_discovery,277.664
16,莲子＋蒲公英,莲子,蒲公英,SIRT1,1002,automatic_rcsb_discovery,640.199
16,莲子＋蒲公英,莲子,蒲公英,CASP3,1001,automatic_rcsb_discovery,536.501
16,莲子＋蒲公英,莲子,蒲公英,CHRNA7,1003,automatic_rcsb_discovery,532.952
16,莲子＋蒲公英,莲子,蒲公英,SLC6A4,1004,automatic_rcsb_discovery,258.865
17,山药＋莲子,山药,莲子,HIF1A,1002,automatic_rcsb_discovery,240.149
17,山药＋莲子,山药,莲子,PLAU,3,validated_registry,87.095
17,山药＋莲子,山药,莲子,SLC6A4,1003,automatic_rcsb_discovery,32.317
18,陈皮＋黄芩,陈皮,黄芩,PTGS2,1,validated_registry,696.569
18,陈皮＋黄芩,陈皮,黄芩,AKT1,1004,automatic_rcsb_discovery,696.569
18,陈皮＋黄芩,陈皮,黄芩,CASP3,1005,automatic_rcsb_discovery,696.569
18,陈皮＋黄芩,陈皮,黄芩,BCL2,1006,automatic_rcsb_discovery,696.569
18,陈皮＋黄芩,陈皮,黄芩,RELA,1007,automatic_rcsb_discovery,696.569
18,陈皮＋黄芩,陈皮,黄芩,TP53,1003,automatic_rcsb_discovery,650.376
18,陈皮＋黄芩,陈皮,黄芩,NOS2,1008,automatic_rcsb_discovery,650.376
18,陈皮＋黄芩,陈皮,黄芩,MMP9,2,validated_registry,496.003
19,党参＋陈皮,党参,陈皮,PTGS2,1,validated_registry,943.641
19,党参＋陈皮,党参,陈皮,AKT1,1004,automatic_rcsb_discovery,943.641
19,党参＋陈皮,党参,陈皮,CASP3,1005,automatic_rcsb_discovery,943.641
19,党参＋陈皮,党参,陈皮,RELA,1006,automatic_rcsb_discovery,943.641
19,党参＋陈皮,党参,陈皮,PPARG,1007,automatic_rcsb_discovery,943.641
19,党参＋陈皮,党参,陈皮,MAPK1,1008,automatic_rcsb_discovery,943.641
19,党参＋陈皮,党参,陈皮,MMP9,2,validated_registry,897.448
19,党参＋陈皮,党参,陈皮,TP53,1003,automatic_rcsb_discovery,897.448
20,陈皮＋黄芪,陈皮,黄芪,PTGS2,1,validated_registry,1339.913
20,陈皮＋黄芪,陈皮,黄芪,AKT1,1004,automatic_rcsb_discovery,1339.913
20,陈皮＋黄芪,陈皮,黄芪,CASP3,1005,automatic_rcsb_discovery,1339.913
20,陈皮＋黄芪,陈皮,黄芪,BCL2,1006,automatic_rcsb_discovery,1339.913
20,陈皮＋黄芪,陈皮,黄芪,RELA,1007,automatic_rcsb_discovery,1339.913
20,陈皮＋黄芪,陈皮,黄芪,PPARG,1008,automatic_rcsb_discovery,1339.913
20,陈皮＋黄芪,陈皮,黄芪,MMP9,2,validated_registry,1293.72
20,陈皮＋黄芪,陈皮,黄芪,TP53,1003,automatic_rcsb_discovery,1293.72
21,党参＋黄芩,党参,黄芩,PTGS2,1,validated_registry,1149.516
21,党参＋黄芩,党参,黄芩,IL6,1004,automatic_rcsb_discovery,1149.516
21,党参＋黄芩,党参,黄芩,TNF,1005,automatic_rcsb_discovery,1149.516
21,党参＋黄芩,党参,黄芩,TP53,1006,automatic_rcsb_discovery,1149.516
21,党参＋黄芩,党参,黄芩,AKT1,1007,automatic_rcsb_discovery,1149.516
21,党参＋黄芩,党参,黄芩,CASP3,1008,automatic_rcsb_discovery,1149.516
21,党参＋黄芩,党参,黄芩,MMP9,2,validated_registry,995.143
21,党参＋黄芩,党参,黄芩,PLAU,3,validated_registry,89.022
22,栀子＋莲子,栀子,莲子,MMP9,2,validated_registry,1230.581
22,栀子＋莲子,栀子,莲子,EGFR,1003,automatic_rcsb_discovery,1230.581
22,栀子＋莲子,栀子,莲子,MPO,1006,automatic_rcsb_discovery,1230.581
22,栀子＋莲子,栀子,莲子,CYP3A4,1007,automatic_rcsb_discovery,1230.581
22,栀子＋莲子,栀子,莲子,ABCG2,1008,automatic_rcsb_discovery,1230.581
22,栀子＋莲子,栀子,莲子,PLAU,3,validated_registry,1137.15
22,栀子＋莲子,栀子,莲子,CASP3,1004,automatic_rcsb_discovery,1126.883
22,栀子＋莲子,栀子,莲子,HIF1A,1005,automatic_rcsb_discovery,1123.334
23,槐花＋莲子,槐花,莲子,MMP9,2,validated_registry,1230.581
23,槐花＋莲子,槐花,莲子,EGFR,1003,automatic_rcsb_discovery,1230.581
23,槐花＋莲子,槐花,莲子,MPO,1006,automatic_rcsb_discovery,1230.581
23,槐花＋莲子,槐花,莲子,CYP3A4,1007,automatic_rcsb_discovery,1230.581
23,槐花＋莲子,槐花,莲子,ABCG2,1008,automatic_rcsb_discovery,1230.581
23,槐花＋莲子,槐花,莲子,PLAU,3,validated_registry,1137.15
23,槐花＋莲子,槐花,莲子,CASP3,1004,automatic_rcsb_discovery,1126.883
23,槐花＋莲子,槐花,莲子,HIF1A,1005,automatic_rcsb_discovery,1123.334
24,石榴皮＋陈皮,石榴皮,陈皮,PTGS2,1,validated_registry,1339.913
24,石榴皮＋陈皮,石榴皮,陈皮,AKT1,1004,automatic_rcsb_discovery,1339.913
24,石榴皮＋陈皮,石榴皮,陈皮,CASP3,1005,automatic_rcsb_discovery,1339.913
24,石榴皮＋陈皮,石榴皮,陈皮,BCL2,1006,automatic_rcsb_discovery,1339.913
24,石榴皮＋陈皮,石榴皮,陈皮,RELA,1007,automatic_rcsb_discovery,1339.913
24,石榴皮＋陈皮,石榴皮,陈皮,PPARG,1008,automatic_rcsb_discovery,1339.913
24,石榴皮＋陈皮,石榴皮,陈皮,MMP9,2,validated_registry,1293.72
24,石榴皮＋陈皮,石榴皮,陈皮,TP53,1003,automatic_rcsb_discovery,1293.72
25,陈皮＋马齿苋,陈皮,马齿苋,PTGS2,1,validated_registry,1339.913
25,陈皮＋马齿苋,陈皮,马齿苋,AKT1,1004,automatic_rcsb_discovery,1339.913
25,陈皮＋马齿苋,陈皮,马齿苋,CASP3,1005,automatic_rcsb_discovery,1339.913
25,陈皮＋马齿苋,陈皮,马齿苋,BCL2,1006,automatic_rcsb_discovery,1339.913
25,陈皮＋马齿苋,陈皮,马齿苋,RELA,1007,automatic_rcsb_discovery,1339.913
25,陈皮＋马齿苋,陈皮,马齿苋,PPARG,1008,automatic_rcsb_discovery,1339.913
25,陈皮＋马齿苋,陈皮,马齿苋,MMP9,2,validated_registry,1293.72
25,陈皮＋马齿苋,陈皮,马齿苋,TP53,1003,automatic_rcsb_discovery,1293.72
26,山药＋甘草,山药,甘草,PTGS2,1,validated_registry,1305.947
26,山药＋甘草,山药,甘草,TP53,1003,automatic_rcsb_discovery,1305.947
26,山药＋甘草,山药,甘草,AKT1,1004,automatic_rcsb_discovery,1305.947
26,山药＋甘草,山药,甘草,HIF1A,1005,automatic_rcsb_discovery,1305.947
26,山药＋甘草,山药,甘草,RELA,1006,automatic_rcsb_discovery,1305.947
26,山药＋甘草,山药,甘草,CDKN1A,1007,automatic_rcsb_discovery,1305.947
26,山药＋甘草,山药,甘草,PLAU,3,validated_registry,1139.077
26,山药＋甘草,山药,甘草,NOS2,1008,automatic_rcsb_discovery,439.055
27,山药＋蒲公英,山药,蒲公英,PTGS2,1,validated_registry,715.565
27,山药＋蒲公英,山药,蒲公英,TP53,1002,automatic_rcsb_discovery,715.565
27,山药＋蒲公英,山药,蒲公英,NOS2,1005,automatic_rcsb_discovery,544.941
27,山药＋蒲公英,山药,蒲公英,RELA,1003,automatic_rcsb_discovery,363.244
27,山药＋蒲公英,山药,蒲公英,PTGS1,1006,automatic_rcsb_discovery,271.059
27,山药＋蒲公英,山药,蒲公英,NR3C1,1004,automatic_rcsb_discovery,235.88
27,山药＋蒲公英,山药,蒲公英,SLC6A4,1007,automatic_rcsb_discovery,226.548
28,莲子＋鱼腥草,莲子,鱼腥草,MMP9,2,validated_registry,1230.581
28,莲子＋鱼腥草,莲子,鱼腥草,EGFR,1003,automatic_rcsb_discovery,1230.581
28,莲子＋鱼腥草,莲子,鱼腥草,MPO,1006,automatic_rcsb_discovery,1230.581
28,莲子＋鱼腥草,莲子,鱼腥草,CYP3A4,1007,automatic_rcsb_discovery,1230.581
28,莲子＋鱼腥草,莲子,鱼腥草,ABCG2,1008,automatic_rcsb_discovery,1230.581
28,莲子＋鱼腥草,莲子,鱼腥草,PLAU,3,validated_registry,1137.15
28,莲子＋鱼腥草,莲子,鱼腥草,CASP3,1004,automatic_rcsb_discovery,1126.883
28,莲子＋鱼腥草,莲子,鱼腥草,HIF1A,1005,automatic_rcsb_discovery,1123.334
29,山药＋葛根,山药,葛根,PTGS2,1,validated_registry,334.568
29,山药＋葛根,山药,葛根,PTGS1,1003,automatic_rcsb_discovery,167.698
29,山药＋葛根,山药,葛根,NOS2,1002,automatic_rcsb_discovery,127.638
29,山药＋葛根,山药,葛根,SLC6A4,1004,automatic_rcsb_discovery,123.187
30,白扁豆＋葛根,白扁豆,葛根,PTGS2,1,validated_registry,368.644
30,白扁豆＋葛根,白扁豆,葛根,CASP3,1002,automatic_rcsb_discovery,368.644
30,白扁豆＋葛根,白扁豆,葛根,BCL2,1003,automatic_rcsb_discovery,368.644
30,白扁豆＋葛根,白扁豆,葛根,CASP8,1004,automatic_rcsb_discovery,368.644
31,芡实＋葛根,芡实,葛根,PTGS2,1,validated_registry,368.644
31,芡实＋葛根,芡实,葛根,CASP3,1002,automatic_rcsb_discovery,368.644
31,芡实＋葛根,芡实,葛根,BCL2,1003,automatic_rcsb_discovery,368.644
31,芡实＋葛根,芡实,葛根,CASP8,1004,automatic_rcsb_discovery,368.644
32,莲子＋马齿苋,莲子,马齿苋,MMP9,2,validated_registry,1230.581
32,莲子＋马齿苋,莲子,马齿苋,EGFR,1003,automatic_rcsb_discovery,1230.581
32,莲子＋马齿苋,莲子,马齿苋,MPO,1007,automatic_rcsb_discovery,1230.581
32,莲子＋马齿苋,莲子,马齿苋,CYP3A4,1008,automatic_rcsb_discovery,1230.581
32,莲子＋马齿苋,莲子,马齿苋,PLAU,3,validated_registry,1137.15
32,莲子＋马齿苋,莲子,马齿苋,CASP3,1004,automatic_rcsb_discovery,1126.883
32,莲子＋马齿苋,莲子,马齿苋,HIF1A,1005,automatic_rcsb_discovery,1123.334
32,莲子＋马齿苋,莲子,马齿苋,MET,1006,automatic_rcsb_discovery,834.309
33,白扁豆＋莲子,白扁豆,莲子,CYP3A4,1002,automatic_rcsb_discovery,381.472
33,白扁豆＋莲子,白扁豆,莲子,CASP3,1001,automatic_rcsb_discovery,277.774
34,芡实＋莲子,芡实,莲子,CYP3A4,1002,automatic_rcsb_discovery,381.472
34,芡实＋莲子,芡实,莲子,CASP3,1001,automatic_rcsb_discovery,277.774
35,石榴皮＋莲子,石榴皮,莲子,MMP9,2,validated_registry,1230.581
35,石榴皮＋莲子,石榴皮,莲子,EGFR,1003,automatic_rcsb_discovery,1230.581
35,石榴皮＋莲子,石榴皮,莲子,MPO,1007,automatic_rcsb_discovery,1230.581
35,石榴皮＋莲子,石榴皮,莲子,CYP3A4,1008,automatic_rcsb_discovery,1230.581
35,石榴皮＋莲子,石榴皮,莲子,PLAU,3,validated_registry,1137.15
35,石榴皮＋莲子,石榴皮,莲子,CASP3,1004,automatic_rcsb_discovery,1126.883
35,石榴皮＋莲子,石榴皮,莲子,HIF1A,1005,automatic_rcsb_discovery,1123.334
35,石榴皮＋莲子,石榴皮,莲子,MET,1006,automatic_rcsb_discovery,834.309
36,山药＋陈皮,山药,陈皮,PTGS2,1,validated_registry,456.728
36,山药＋陈皮,山药,陈皮,AKT1,1003,automatic_rcsb_discovery,456.728
36,山药＋陈皮,山药,陈皮,RELA,1004,automatic_rcsb_discovery,456.728
36,山药＋陈皮,山药,陈皮,CAT,1007,automatic_rcsb_discovery,456.728
36,山药＋陈皮,山药,陈皮,TP53,1002,automatic_rcsb_discovery,410.535
36,山药＋陈皮,山药,陈皮,PTGS1,1006,automatic_rcsb_discovery,289.858
36,山药＋陈皮,山药,陈皮,NOS2,1005,automatic_rcsb_discovery,239.911
37,山药＋黄芪,山药,黄芪,PTGS2,1,validated_registry,1305.947
37,山药＋黄芪,山药,黄芪,TP53,1003,automatic_rcsb_discovery,1305.947
37,山药＋黄芪,山药,黄芪,AKT1,1004,automatic_rcsb_discovery,1305.947
37,山药＋黄芪,山药,黄芪,HIF1A,1005,automatic_rcsb_discovery,1305.947
37,山药＋黄芪,山药,黄芪,RELA,1006,automatic_rcsb_discovery,1305.947
37,山药＋黄芪,山药,黄芪,CDKN1A,1007,automatic_rcsb_discovery,1305.947
37,山药＋黄芪,山药,黄芪,PLAU,3,validated_registry,1139.077
37,山药＋黄芪,山药,黄芪,NOS2,1008,automatic_rcsb_discovery,439.055
38,莲子＋黄芪,莲子,黄芪,MMP9,2,validated_registry,1230.581
38,莲子＋黄芪,莲子,黄芪,EGFR,1003,automatic_rcsb_discovery,1230.581
38,莲子＋黄芪,莲子,黄芪,MPO,1008,automatic_rcsb_discovery,1230.581
38,莲子＋黄芪,莲子,黄芪,PLAU,3,validated_registry,1137.15
38,莲子＋黄芪,莲子,黄芪,CASP3,1004,automatic_rcsb_discovery,1126.883
38,莲子＋黄芪,莲子,黄芪,HIF1A,1005,automatic_rcsb_discovery,1123.334
38,莲子＋黄芪,莲子,黄芪,KDR,1006,automatic_rcsb_discovery,192.021
38,莲子＋黄芪,莲子,黄芪,MET,1007,automatic_rcsb_discovery,192.021
39,乌梅＋莲子,乌梅,莲子,MMP9,2,validated_registry,1230.581
39,乌梅＋莲子,乌梅,莲子,EGFR,1003,automatic_rcsb_discovery,1230.581
39,乌梅＋莲子,乌梅,莲子,MPO,1006,automatic_rcsb_discovery,1230.581
39,乌梅＋莲子,乌梅,莲子,CYP3A4,1007,automatic_rcsb_discovery,1230.581
39,乌梅＋莲子,乌梅,莲子,ABCG2,1008,automatic_rcsb_discovery,1230.581
39,乌梅＋莲子,乌梅,莲子,PLAU,3,validated_registry,1137.15
39,乌梅＋莲子,乌梅,莲子,CASP3,1004,automatic_rcsb_discovery,1126.883
39,乌梅＋莲子,乌梅,莲子,HIF1A,1005,automatic_rcsb_discovery,1123.334
40,莲子＋黄芩,莲子,黄芩,KDR,1005,automatic_rcsb_discovery,587.237
40,莲子＋黄芩,莲子,黄芩,CASP3,1003,automatic_rcsb_discovery,483.539
40,莲子＋黄芩,莲子,黄芩,MMP9,2,validated_registry,432.864
40,莲子＋黄芩,莲子,黄芩,MPO,1006,automatic_rcsb_discovery,432.864
40,莲子＋黄芩,莲子,黄芩,AHR,1007,automatic_rcsb_discovery,420.164
40,莲子＋黄芩,莲子,黄芩,HIF1A,1004,automatic_rcsb_discovery,325.617
40,莲子＋黄芩,莲子,黄芩,SLC6A4,1008,automatic_rcsb_discovery,155.504
40,莲子＋黄芩,莲子,黄芩,PLAU,3,validated_registry,87.095
41,山药＋马齿苋,山药,马齿苋,PTGS2,1,validated_registry,1305.947
41,山药＋马齿苋,山药,马齿苋,TP53,1003,automatic_rcsb_discovery,1305.947
41,山药＋马齿苋,山药,马齿苋,AKT1,1004,automatic_rcsb_discovery,1305.947
41,山药＋马齿苋,山药,马齿苋,HIF1A,1005,automatic_rcsb_discovery,1305.947
41,山药＋马齿苋,山药,马齿苋,RELA,1006,automatic_rcsb_discovery,1305.947
41,山药＋马齿苋,山药,马齿苋,CDKN1A,1007,automatic_rcsb_discovery,1305.947
41,山药＋马齿苋,山药,马齿苋,PLAU,3,validated_registry,1139.077
41,山药＋马齿苋,山药,马齿苋,NOS2,1008,automatic_rcsb_discovery,439.055
42,山药＋石榴皮,山药,石榴皮,PTGS2,1,validated_registry,1305.947
42,山药＋石榴皮,山药,石榴皮,TP53,1003,automatic_rcsb_discovery,1305.947
42,山药＋石榴皮,山药,石榴皮,AKT1,1004,automatic_rcsb_discovery,1305.947
42,山药＋石榴皮,山药,石榴皮,HIF1A,1005,automatic_rcsb_discovery,1305.947
42,山药＋石榴皮,山药,石榴皮,RELA,1006,automatic_rcsb_discovery,1305.947
42,山药＋石榴皮,山药,石榴皮,CDKN1A,1007,automatic_rcsb_discovery,1305.947
42,山药＋石榴皮,山药,石榴皮,PLAU,3,validated_registry,1139.077
42,山药＋石榴皮,山药,石榴皮,NOS2,1008,automatic_rcsb_discovery,439.055
43,党参＋莲子,党参,莲子,MMP9,2,validated_registry,834.309
43,党参＋莲子,党参,莲子,EGFR,1003,automatic_rcsb_discovery,834.309
43,党参＋莲子,党参,莲子,MET,1005,automatic_rcsb_discovery,834.309
43,党参＋莲子,党参,莲子,CASP3,1004,automatic_rcsb_discovery,730.611
43,党参＋莲子,党参,莲子,PLAU,3,validated_registry,87.095
43,党参＋莲子,党参,莲子,SLC6A4,1006,automatic_rcsb_discovery,77.382
44,大枣＋莲子,大枣,莲子,MMP9,2,validated_registry,1230.581
44,大枣＋莲子,大枣,莲子,EGFR,1003,automatic_rcsb_discovery,1230.581
44,大枣＋莲子,大枣,莲子,MPO,1007,automatic_rcsb_discovery,1230.581
44,大枣＋莲子,大枣,莲子,CYP3A4,1008,automatic_rcsb_discovery,1230.581
44,大枣＋莲子,大枣,莲子,PLAU,3,validated_registry,1137.15
44,大枣＋莲子,大枣,莲子,CASP3,1004,automatic_rcsb_discovery,1126.883
44,大枣＋莲子,大枣,莲子,HIF1A,1005,automatic_rcsb_discovery,1123.334
44,大枣＋莲子,大枣,莲子,KDR,1006,automatic_rcsb_discovery,182.237
45,莲子＋葛根,莲子,葛根,CASP3,1001,automatic_rcsb_discovery,155.504
45,莲子＋葛根,莲子,葛根,SLC6A4,1002,automatic_rcsb_discovery,155.504
46,乌梅＋陈皮,乌梅,陈皮,PTGS2,1,validated_registry,1339.913
46,乌梅＋陈皮,乌梅,陈皮,AKT1,1004,automatic_rcsb_discovery,1339.913
46,乌梅＋陈皮,乌梅,陈皮,CASP3,1005,automatic_rcsb_discovery,1339.913
46,乌梅＋陈皮,乌梅,陈皮,BCL2,1006,automatic_rcsb_discovery,1339.913
46,乌梅＋陈皮,乌梅,陈皮,RELA,1007,automatic_rcsb_discovery,1339.913
46,乌梅＋陈皮,乌梅,陈皮,PPARG,1008,automatic_rcsb_discovery,1339.913
46,乌梅＋陈皮,乌梅,陈皮,MMP9,2,validated_registry,1293.72
46,乌梅＋陈皮,乌梅,陈皮,TP53,1003,automatic_rcsb_discovery,1293.72
47,栀子＋陈皮,栀子,陈皮,PTGS2,1,validated_registry,1339.913
47,栀子＋陈皮,栀子,陈皮,AKT1,1004,automatic_rcsb_discovery,1339.913
47,栀子＋陈皮,栀子,陈皮,CASP3,1005,automatic_rcsb_discovery,1339.913
47,栀子＋陈皮,栀子,陈皮,BCL2,1006,automatic_rcsb_discovery,1339.913
47,栀子＋陈皮,栀子,陈皮,RELA,1007,automatic_rcsb_discovery,1339.913
47,栀子＋陈皮,栀子,陈皮,PPARG,1008,automatic_rcsb_discovery,1339.913
47,栀子＋陈皮,栀子,陈皮,MMP9,2,validated_registry,1293.72
47,栀子＋陈皮,栀子,陈皮,TP53,1003,automatic_rcsb_discovery,1293.72
48,槐花＋陈皮,槐花,陈皮,PTGS2,1,validated_registry,1339.913
48,槐花＋陈皮,槐花,陈皮,AKT1,1004,automatic_rcsb_discovery,1339.913
48,槐花＋陈皮,槐花,陈皮,CASP3,1005,automatic_rcsb_discovery,1339.913
48,槐花＋陈皮,槐花,陈皮,BCL2,1006,automatic_rcsb_discovery,1339.913
48,槐花＋陈皮,槐花,陈皮,RELA,1007,automatic_rcsb_discovery,1339.913
48,槐花＋陈皮,槐花,陈皮,PPARG,1008,automatic_rcsb_discovery,1339.913
48,槐花＋陈皮,槐花,陈皮,MMP9,2,validated_registry,1293.72
48,槐花＋陈皮,槐花,陈皮,TP53,1003,automatic_rcsb_discovery,1293.72
49,陈皮＋鱼腥草,陈皮,鱼腥草,PTGS2,1,validated_registry,1339.913
49,陈皮＋鱼腥草,陈皮,鱼腥草,AKT1,1004,automatic_rcsb_discovery,1339.913
49,陈皮＋鱼腥草,陈皮,鱼腥草,CASP3,1005,automatic_rcsb_discovery,1339.913
49,陈皮＋鱼腥草,陈皮,鱼腥草,BCL2,1006,automatic_rcsb_discovery,1339.913
49,陈皮＋鱼腥草,陈皮,鱼腥草,RELA,1007,automatic_rcsb_discovery,1339.913
49,陈皮＋鱼腥草,陈皮,鱼腥草,PPARG,1008,automatic_rcsb_discovery,1339.913
49,陈皮＋鱼腥草,陈皮,鱼腥草,MMP9,2,validated_registry,1293.72
49,陈皮＋鱼腥草,陈皮,鱼腥草,TP53,1003,automatic_rcsb_discovery,1293.72
50,山药＋生姜,山药,生姜,PTGS2,1,validated_registry,334.568
50,山药＋生姜,山药,生姜,PTGS1,1003,automatic_rcsb_discovery,167.698
50,山药＋生姜,山药,生姜,SLC6A4,1004,automatic_rcsb_discovery,123.187
50,山药＋生姜,山药,生姜,PLAU,3,validated_registry,89.022
51,山药＋砂仁,山药,砂仁,PTGS2,1,validated_registry,334.568
51,山药＋砂仁,山药,砂仁,PTGS1,1003,automatic_rcsb_discovery,167.698
51,山药＋砂仁,山药,砂仁,SLC6A4,1004,automatic_rcsb_discovery,123.187
51,山药＋砂仁,山药,砂仁,PLAU,3,validated_registry,89.022
52,山药＋肉豆蔻,山药,肉豆蔻,PTGS2,1,validated_registry,334.568
52,山药＋肉豆蔻,山药,肉豆蔻,PTGS1,1003,automatic_rcsb_discovery,167.698
52,山药＋肉豆蔻,山药,肉豆蔻,SLC6A4,1004,automatic_rcsb_discovery,123.187
52,山药＋肉豆蔻,山药,肉豆蔻,NOS2,1002,automatic_rcsb_discovery,85.822
53,肉豆蔻＋莲子,肉豆蔻,莲子,CASP3,1001,automatic_rcsb_discovery,155.504
53,肉豆蔻＋莲子,肉豆蔻,莲子,SLC6A4,1002,automatic_rcsb_discovery,155.504
54,生姜＋白扁豆,生姜,白扁豆,PTGS2,1,validated_registry,368.644
54,生姜＋白扁豆,生姜,白扁豆,CASP3,1002,automatic_rcsb_discovery,368.644
54,生姜＋白扁豆,生姜,白扁豆,BCL2,1003,automatic_rcsb_discovery,368.644
54,生姜＋白扁豆,生姜,白扁豆,CASP8,1004,automatic_rcsb_discovery,368.644
55,生姜＋芡实,生姜,芡实,PTGS2,1,validated_registry,368.644
55,生姜＋芡实,生姜,芡实,CASP3,1002,automatic_rcsb_discovery,368.644
55,生姜＋芡实,生姜,芡实,BCL2,1003,automatic_rcsb_discovery,368.644
55,生姜＋芡实,生姜,芡实,CASP8,1004,automatic_rcsb_discovery,368.644
56,白扁豆＋砂仁,白扁豆,砂仁,PTGS2,1,validated_registry,368.644
56,白扁豆＋砂仁,白扁豆,砂仁,CASP3,1002,automatic_rcsb_discovery,368.644
56,白扁豆＋砂仁,白扁豆,砂仁,BCL2,1003,automatic_rcsb_discovery,368.644
56,白扁豆＋砂仁,白扁豆,砂仁,CASP8,1004,automatic_rcsb_discovery,368.644
57,砂仁＋芡实,砂仁,芡实,PTGS2,1,validated_registry,368.644
57,砂仁＋芡实,砂仁,芡实,CASP3,1002,automatic_rcsb_discovery,368.644
57,砂仁＋芡实,砂仁,芡实,BCL2,1003,automatic_rcsb_discovery,368.644
57,砂仁＋芡实,砂仁,芡实,CASP8,1004,automatic_rcsb_discovery,368.644
58,白扁豆＋陈皮,白扁豆,陈皮,PTGS2,1,validated_registry,490.804
58,白扁豆＋陈皮,白扁豆,陈皮,AKT1,1002,automatic_rcsb_discovery,490.804
58,白扁豆＋陈皮,白扁豆,陈皮,CASP3,1003,automatic_rcsb_discovery,490.804
58,白扁豆＋陈皮,白扁豆,陈皮,BCL2,1004,automatic_rcsb_discovery,490.804
59,芡实＋陈皮,芡实,陈皮,PTGS2,1,validated_registry,490.804
59,芡实＋陈皮,芡实,陈皮,AKT1,1002,automatic_rcsb_discovery,490.804
59,芡实＋陈皮,芡实,陈皮,CASP3,1003,automatic_rcsb_discovery,490.804
59,芡实＋陈皮,芡实,陈皮,BCL2,1004,automatic_rcsb_discovery,490.804
60,大枣＋陈皮,大枣,陈皮,PTGS2,1,validated_registry,1339.913
60,大枣＋陈皮,大枣,陈皮,AKT1,1004,automatic_rcsb_discovery,1339.913
60,大枣＋陈皮,大枣,陈皮,CASP3,1005,automatic_rcsb_discovery,1339.913
60,大枣＋陈皮,大枣,陈皮,BCL2,1006,automatic_rcsb_discovery,1339.913
60,大枣＋陈皮,大枣,陈皮,RELA,1007,automatic_rcsb_discovery,1339.913
60,大枣＋陈皮,大枣,陈皮,PPARG,1008,automatic_rcsb_discovery,1339.913
60,大枣＋陈皮,大枣,陈皮,MMP9,2,validated_registry,1293.72
60,大枣＋陈皮,大枣,陈皮,TP53,1003,automatic_rcsb_discovery,1293.72
61,生姜＋莲子,生姜,莲子,CASP3,1002,automatic_rcsb_discovery,155.504
61,生姜＋莲子,生姜,莲子,SLC6A4,1003,automatic_rcsb_discovery,155.504
61,生姜＋莲子,生姜,莲子,PLAU,3,validated_registry,87.095
62,砂仁＋莲子,砂仁,莲子,CASP3,1002,automatic_rcsb_discovery,155.504
62,砂仁＋莲子,砂仁,莲子,SLC6A4,1003,automatic_rcsb_discovery,155.504
62,砂仁＋莲子,砂仁,莲子,PLAU,3,validated_registry,87.095
63,山药＋鱼腥草,山药,鱼腥草,PTGS2,1,validated_registry,1305.947
63,山药＋鱼腥草,山药,鱼腥草,TP53,1003,automatic_rcsb_discovery,1305.947
63,山药＋鱼腥草,山药,鱼腥草,AKT1,1004,automatic_rcsb_discovery,1305.947
63,山药＋鱼腥草,山药,鱼腥草,HIF1A,1005,automatic_rcsb_discovery,1305.947
63,山药＋鱼腥草,山药,鱼腥草,RELA,1006,automatic_rcsb_discovery,1305.947
63,山药＋鱼腥草,山药,鱼腥草,CDKN1A,1007,automatic_rcsb_discovery,1305.947
63,山药＋鱼腥草,山药,鱼腥草,PLAU,3,validated_registry,1139.077
63,山药＋鱼腥草,山药,鱼腥草,NOS2,1008,automatic_rcsb_discovery,439.055
64,白扁豆＋肉豆蔻,白扁豆,肉豆蔻,PTGS2,1,validated_registry,368.644
64,白扁豆＋肉豆蔻,白扁豆,肉豆蔻,CASP3,1002,automatic_rcsb_discovery,368.644
64,白扁豆＋肉豆蔻,白扁豆,肉豆蔻,BCL2,1003,automatic_rcsb_discovery,368.644
64,白扁豆＋肉豆蔻,白扁豆,肉豆蔻,CASP8,1004,automatic_rcsb_discovery,368.644
65,肉豆蔻＋芡实,肉豆蔻,芡实,PTGS2,1,validated_registry,368.644
65,肉豆蔻＋芡实,肉豆蔻,芡实,CASP3,1002,automatic_rcsb_discovery,368.644
65,肉豆蔻＋芡实,肉豆蔻,芡实,BCL2,1003,automatic_rcsb_discovery,368.644
65,肉豆蔻＋芡实,肉豆蔻,芡实,CASP8,1004,automatic_rcsb_discovery,368.644
66,蒲公英＋陈皮,蒲公英,陈皮,PTGS2,1,validated_registry,749.531
66,蒲公英＋陈皮,蒲公英,陈皮,CASP3,1003,automatic_rcsb_discovery,749.531
66,蒲公英＋陈皮,蒲公英,陈皮,BCL2,1004,automatic_rcsb_discovery,749.531
66,蒲公英＋陈皮,蒲公英,陈皮,TP53,1002,automatic_rcsb_discovery,703.338
66,蒲公英＋陈皮,蒲公英,陈皮,PPARG,1007,automatic_rcsb_discovery,471.895
66,蒲公英＋陈皮,蒲公英,陈皮,RELA,1005,automatic_rcsb_discovery,397.21
66,蒲公英＋陈皮,蒲公英,陈皮,MAPK3,1006,automatic_rcsb_discovery,324.493
66,蒲公英＋陈皮,蒲公英,陈皮,MAPK1,1008,automatic_rcsb_discovery,324.493
67,甘草＋陈皮,甘草,陈皮,PTGS2,1,validated_registry,1339.913
67,甘草＋陈皮,甘草,陈皮,AKT1,1004,automatic_rcsb_discovery,1339.913
67,甘草＋陈皮,甘草,陈皮,CASP3,1005,automatic_rcsb_discovery,1339.913
67,甘草＋陈皮,甘草,陈皮,BCL2,1006,automatic_rcsb_discovery,1339.913
67,甘草＋陈皮,甘草,陈皮,RELA,1007,automatic_rcsb_discovery,1339.913
67,甘草＋陈皮,甘草,陈皮,MMP9,2,validated_registry,1293.72
67,甘草＋陈皮,甘草,陈皮,TP53,1003,automatic_rcsb_discovery,1293.72
67,甘草＋陈皮,甘草,陈皮,MAPK3,1008,automatic_rcsb_discovery,490.694
68,党参＋鱼腥草,党参,鱼腥草,PTGS2,1,validated_registry,1792.86
68,党参＋鱼腥草,党参,鱼腥草,MMP9,2,validated_registry,1792.86
68,党参＋鱼腥草,党参,鱼腥草,IL6,1004,automatic_rcsb_discovery,1792.86
68,党参＋鱼腥草,党参,鱼腥草,TNF,1005,automatic_rcsb_discovery,1792.86
68,党参＋鱼腥草,党参,鱼腥草,TP53,1006,automatic_rcsb_discovery,1792.86
68,党参＋鱼腥草,党参,鱼腥草,AKT1,1007,automatic_rcsb_discovery,1792.86
68,党参＋鱼腥草,党参,鱼腥草,IL10,1008,automatic_rcsb_discovery,1792.86
68,党参＋鱼腥草,党参,鱼腥草,PLAU,3,validated_registry,1139.077
69,山药＋栀子,山药,栀子,PTGS2,1,validated_registry,1305.947
69,山药＋栀子,山药,栀子,TP53,1003,automatic_rcsb_discovery,1305.947
69,山药＋栀子,山药,栀子,AKT1,1004,automatic_rcsb_discovery,1305.947
69,山药＋栀子,山药,栀子,HIF1A,1005,automatic_rcsb_discovery,1305.947
69,山药＋栀子,山药,栀子,RELA,1006,automatic_rcsb_discovery,1305.947
69,山药＋栀子,山药,栀子,CDKN1A,1007,automatic_rcsb_discovery,1305.947
69,山药＋栀子,山药,栀子,PLAU,3,validated_registry,1139.077
69,山药＋栀子,山药,栀子,NOS2,1008,automatic_rcsb_discovery,439.055
70,山药＋槐花,山药,槐花,PTGS2,1,validated_registry,1305.947
70,山药＋槐花,山药,槐花,TP53,1003,automatic_rcsb_discovery,1305.947
70,山药＋槐花,山药,槐花,AKT1,1004,automatic_rcsb_discovery,1305.947
70,山药＋槐花,山药,槐花,HIF1A,1005,automatic_rcsb_discovery,1305.947
70,山药＋槐花,山药,槐花,RELA,1006,automatic_rcsb_discovery,1305.947
70,山药＋槐花,山药,槐花,CDKN1A,1007,automatic_rcsb_discovery,1305.947
70,山药＋槐花,山药,槐花,PLAU,3,validated_registry,1139.077
70,山药＋槐花,山药,槐花,NOS2,1008,automatic_rcsb_discovery,439.055
71,党参＋甘草,党参,甘草,PTGS2,1,validated_registry,1792.86
71,党参＋甘草,党参,甘草,MMP9,2,validated_registry,1792.86
71,党参＋甘草,党参,甘草,IL6,1004,automatic_rcsb_discovery,1792.86
71,党参＋甘草,党参,甘草,TNF,1005,automatic_rcsb_discovery,1792.86
71,党参＋甘草,党参,甘草,TP53,1006,automatic_rcsb_discovery,1792.86
71,党参＋甘草,党参,甘草,AKT1,1007,automatic_rcsb_discovery,1792.86
71,党参＋甘草,党参,甘草,IL10,1008,automatic_rcsb_discovery,1792.86
71,党参＋甘草,党参,甘草,PLAU,3,validated_registry,1139.077
72,白扁豆＋蒲公英,白扁豆,蒲公英,PTGS2,1,validated_registry,749.641
72,白扁豆＋蒲公英,白扁豆,蒲公英,CASP3,1003,automatic_rcsb_discovery,749.641
72,白扁豆＋蒲公英,白扁豆,蒲公英,BCL2,1004,automatic_rcsb_discovery,749.641
72,白扁豆＋蒲公英,白扁豆,蒲公英,MMP1,1006,automatic_rcsb_discovery,749.641
72,白扁豆＋蒲公英,白扁豆,蒲公英,CASP8,1005,automatic_rcsb_discovery,472.005
72,白扁豆＋蒲公英,白扁豆,蒲公英,MYC,1002,automatic_rcsb_discovery,397.32
73,芡实＋蒲公英,芡实,蒲公英,PTGS2,1,validated_registry,749.641
73,芡实＋蒲公英,芡实,蒲公英,CASP3,1003,automatic_rcsb_discovery,749.641
73,芡实＋蒲公英,芡实,蒲公英,BCL2,1004,automatic_rcsb_discovery,749.641
73,芡实＋蒲公英,芡实,蒲公英,MMP1,1006,automatic_rcsb_discovery,749.641
73,芡实＋蒲公英,芡实,蒲公英,CASP8,1005,automatic_rcsb_discovery,472.005
73,芡实＋蒲公英,芡实,蒲公英,MYC,1002,automatic_rcsb_discovery,397.32
74,党参＋大枣,党参,大枣,PTGS2,1,validated_registry,1792.86
74,党参＋大枣,党参,大枣,MMP9,2,validated_registry,1792.86
74,党参＋大枣,党参,大枣,IL6,1004,automatic_rcsb_discovery,1792.86
74,党参＋大枣,党参,大枣,TNF,1005,automatic_rcsb_discovery,1792.86
74,党参＋大枣,党参,大枣,TP53,1006,automatic_rcsb_discovery,1792.86
74,党参＋大枣,党参,大枣,AKT1,1007,automatic_rcsb_discovery,1792.86
74,党参＋大枣,党参,大枣,IL10,1008,automatic_rcsb_discovery,1792.86
74,党参＋大枣,党参,大枣,PLAU,3,validated_registry,1139.077
75,党参＋栀子,党参,栀子,PTGS2,1,validated_registry,1792.86
75,党参＋栀子,党参,栀子,MMP9,2,validated_registry,1792.86
75,党参＋栀子,党参,栀子,IL6,1004,automatic_rcsb_discovery,1792.86
75,党参＋栀子,党参,栀子,TNF,1005,automatic_rcsb_discovery,1792.86
75,党参＋栀子,党参,栀子,TP53,1006,automatic_rcsb_discovery,1792.86
75,党参＋栀子,党参,栀子,AKT1,1007,automatic_rcsb_discovery,1792.86
75,党参＋栀子,党参,栀子,IL10,1008,automatic_rcsb_discovery,1792.86
75,党参＋栀子,党参,栀子,PLAU,3,validated_registry,1139.077
76,党参＋槐花,党参,槐花,PTGS2,1,validated_registry,1792.86
76,党参＋槐花,党参,槐花,MMP9,2,validated_registry,1792.86
76,党参＋槐花,党参,槐花,IL6,1004,automatic_rcsb_discovery,1792.86
76,党参＋槐花,党参,槐花,TNF,1005,automatic_rcsb_discovery,1792.86
76,党参＋槐花,党参,槐花,TP53,1006,automatic_rcsb_discovery,1792.86
76,党参＋槐花,党参,槐花,AKT1,1007,automatic_rcsb_discovery,1792.86
76,党参＋槐花,党参,槐花,IL10,1008,automatic_rcsb_discovery,1792.86
76,党参＋槐花,党参,槐花,PLAU,3,validated_registry,1139.077
77,栀子＋葛根,栀子,葛根,PTGS2,1,validated_registry,1217.753
77,栀子＋葛根,栀子,葛根,CASP3,1002,automatic_rcsb_discovery,1217.753
77,栀子＋葛根,栀子,葛根,BCL2,1003,automatic_rcsb_discovery,1217.753
77,栀子＋葛根,栀子,葛根,CASP8,1005,automatic_rcsb_discovery,1217.753
77,栀子＋葛根,栀子,葛根,BAX,1007,automatic_rcsb_discovery,1217.753
77,栀子＋葛根,栀子,葛根,PTGS1,1008,automatic_rcsb_discovery,1217.753
77,栀子＋葛根,栀子,葛根,PPARG,1004,automatic_rcsb_discovery,1181.447
77,栀子＋葛根,栀子,葛根,NOS2,1006,automatic_rcsb_discovery,485.179
78,槐花＋葛根,槐花,葛根,PTGS2,1,validated_registry,1217.753
78,槐花＋葛根,槐花,葛根,CASP3,1002,automatic_rcsb_discovery,1217.753
78,槐花＋葛根,槐花,葛根,BCL2,1003,automatic_rcsb_discovery,1217.753
78,槐花＋葛根,槐花,葛根,CASP8,1005,automatic_rcsb_discovery,1217.753
78,槐花＋葛根,槐花,葛根,BAX,1007,automatic_rcsb_discovery,1217.753
78,槐花＋葛根,槐花,葛根,PTGS1,1008,automatic_rcsb_discovery,1217.753
78,槐花＋葛根,槐花,葛根,PPARG,1004,automatic_rcsb_discovery,1181.447
78,槐花＋葛根,槐花,葛根,NOS2,1006,automatic_rcsb_discovery,485.179
79,乌梅＋山药,乌梅,山药,PTGS2,1,validated_registry,1305.947
79,乌梅＋山药,乌梅,山药,TP53,1003,automatic_rcsb_discovery,1305.947
79,乌梅＋山药,乌梅,山药,AKT1,1004,automatic_rcsb_discovery,1305.947
79,乌梅＋山药,乌梅,山药,HIF1A,1005,automatic_rcsb_discovery,1305.947
79,乌梅＋山药,乌梅,山药,RELA,1006,automatic_rcsb_discovery,1305.947
79,乌梅＋山药,乌梅,山药,CDKN1A,1007,automatic_rcsb_discovery,1305.947
79,乌梅＋山药,乌梅,山药,PLAU,3,validated_registry,1139.077
79,乌梅＋山药,乌梅,山药,NR3C1,1008,automatic_rcsb_discovery,54.708
80,葛根＋鱼腥草,葛根,鱼腥草,PTGS2,1,validated_registry,1217.753
80,葛根＋鱼腥草,葛根,鱼腥草,CASP3,1002,automatic_rcsb_discovery,1217.753
80,葛根＋鱼腥草,葛根,鱼腥草,BCL2,1003,automatic_rcsb_discovery,1217.753
80,葛根＋鱼腥草,葛根,鱼腥草,CASP8,1005,automatic_rcsb_discovery,1217.753
80,葛根＋鱼腥草,葛根,鱼腥草,BAX,1007,automatic_rcsb_discovery,1217.753
80,葛根＋鱼腥草,葛根,鱼腥草,PTGS1,1008,automatic_rcsb_discovery,1217.753
80,葛根＋鱼腥草,葛根,鱼腥草,PPARG,1004,automatic_rcsb_discovery,1181.447
80,葛根＋鱼腥草,葛根,鱼腥草,NOS2,1006,automatic_rcsb_discovery,485.179
81,党参＋白扁豆,党参,白扁豆,PTGS2,1,validated_registry,943.751
81,党参＋白扁豆,党参,白扁豆,AKT1,1002,automatic_rcsb_discovery,943.751
81,党参＋白扁豆,党参,白扁豆,CASP3,1003,automatic_rcsb_discovery,943.751
81,党参＋白扁豆,党参,白扁豆,MMP2,1004,automatic_rcsb_discovery,943.751
81,党参＋白扁豆,党参,白扁豆,MMP1,1005,automatic_rcsb_discovery,943.751
81,党参＋白扁豆,党参,白扁豆,HMOX1,1006,automatic_rcsb_discovery,943.751
82,党参＋芡实,党参,芡实,PTGS2,1,validated_registry,943.751
82,党参＋芡实,党参,芡实,AKT1,1002,automatic_rcsb_discovery,943.751
82,党参＋芡实,党参,芡实,CASP3,1003,automatic_rcsb_discovery,943.751
82,党参＋芡实,党参,芡实,MMP2,1004,automatic_rcsb_discovery,943.751
82,党参＋芡实,党参,芡实,MMP1,1005,automatic_rcsb_discovery,943.751
82,党参＋芡实,党参,芡实,HMOX1,1006,automatic_rcsb_discovery,943.751
83,乌梅＋葛根,乌梅,葛根,PTGS2,1,validated_registry,1217.753
83,乌梅＋葛根,乌梅,葛根,CASP3,1002,automatic_rcsb_discovery,1217.753
83,乌梅＋葛根,乌梅,葛根,BCL2,1003,automatic_rcsb_discovery,1217.753
83,乌梅＋葛根,乌梅,葛根,CASP8,1005,automatic_rcsb_discovery,1217.753
83,乌梅＋葛根,乌梅,葛根,BAX,1007,automatic_rcsb_discovery,1217.753
83,乌梅＋葛根,乌梅,葛根,PTGS1,1008,automatic_rcsb_discovery,1217.753
83,乌梅＋葛根,乌梅,葛根,PPARG,1004,automatic_rcsb_discovery,1181.447
83,乌梅＋葛根,乌梅,葛根,NOS2,1006,automatic_rcsb_discovery,485.179
84,甘草＋石榴皮,甘草,石榴皮,PTGS2,1,validated_registry,2189.132
84,甘草＋石榴皮,甘草,石榴皮,MMP9,2,validated_registry,2189.132
84,甘草＋石榴皮,甘草,石榴皮,PLAU,3,validated_registry,2189.132
84,甘草＋石榴皮,甘草,石榴皮,IL6,1004,automatic_rcsb_discovery,2189.132
84,甘草＋石榴皮,甘草,石榴皮,IL1B,1005,automatic_rcsb_discovery,2189.132
84,甘草＋石榴皮,甘草,石榴皮,TNF,1006,automatic_rcsb_discovery,2189.132
84,甘草＋石榴皮,甘草,石榴皮,TP53,1007,automatic_rcsb_discovery,2189.132
84,甘草＋石榴皮,甘草,石榴皮,AKT1,1008,automatic_rcsb_discovery,2189.132
85,马齿苋＋黄芪,马齿苋,黄芪,PTGS2,1,validated_registry,2189.132
85,马齿苋＋黄芪,马齿苋,黄芪,MMP9,2,validated_registry,2189.132
85,马齿苋＋黄芪,马齿苋,黄芪,PLAU,3,validated_registry,2189.132
85,马齿苋＋黄芪,马齿苋,黄芪,IL6,1004,automatic_rcsb_discovery,2189.132
85,马齿苋＋黄芪,马齿苋,黄芪,IL1B,1005,automatic_rcsb_discovery,2189.132
85,马齿苋＋黄芪,马齿苋,黄芪,TNF,1006,automatic_rcsb_discovery,2189.132
85,马齿苋＋黄芪,马齿苋,黄芪,TP53,1007,automatic_rcsb_discovery,2189.132
85,马齿苋＋黄芪,马齿苋,黄芪,AKT1,1008,automatic_rcsb_discovery,2189.132
86,乌梅＋党参,乌梅,党参,PTGS2,1,validated_registry,1792.86
86,乌梅＋党参,乌梅,党参,MMP9,2,validated_registry,1792.86
86,乌梅＋党参,乌梅,党参,IL6,1004,automatic_rcsb_discovery,1792.86
86,乌梅＋党参,乌梅,党参,TNF,1005,automatic_rcsb_discovery,1792.86
86,乌梅＋党参,乌梅,党参,TP53,1006,automatic_rcsb_discovery,1792.86
86,乌梅＋党参,乌梅,党参,AKT1,1007,automatic_rcsb_discovery,1792.86
86,乌梅＋党参,乌梅,党参,IL10,1008,automatic_rcsb_discovery,1792.86
86,乌梅＋党参,乌梅,党参,PLAU,3,validated_registry,1139.077
87,甘草＋马齿苋,甘草,马齿苋,PTGS2,1,validated_registry,2189.132
87,甘草＋马齿苋,甘草,马齿苋,MMP9,2,validated_registry,2189.132
87,甘草＋马齿苋,甘草,马齿苋,PLAU,3,validated_registry,2189.132
87,甘草＋马齿苋,甘草,马齿苋,IL6,1004,automatic_rcsb_discovery,2189.132
87,甘草＋马齿苋,甘草,马齿苋,IL1B,1005,automatic_rcsb_discovery,2189.132
87,甘草＋马齿苋,甘草,马齿苋,TNF,1006,automatic_rcsb_discovery,2189.132
87,甘草＋马齿苋,甘草,马齿苋,TP53,1007,automatic_rcsb_discovery,2189.132
87,甘草＋马齿苋,甘草,马齿苋,AKT1,1008,automatic_rcsb_discovery,2189.132
88,大枣＋葛根,大枣,葛根,PTGS2,1,validated_registry,1217.753
88,大枣＋葛根,大枣,葛根,CASP3,1002,automatic_rcsb_discovery,1217.753
88,大枣＋葛根,大枣,葛根,BCL2,1003,automatic_rcsb_discovery,1217.753
88,大枣＋葛根,大枣,葛根,CASP8,1005,automatic_rcsb_discovery,1217.753
88,大枣＋葛根,大枣,葛根,BAX,1007,automatic_rcsb_discovery,1217.753
88,大枣＋葛根,大枣,葛根,PTGS1,1008,automatic_rcsb_discovery,1217.753
88,大枣＋葛根,大枣,葛根,PPARG,1004,automatic_rcsb_discovery,1181.447
88,大枣＋葛根,大枣,葛根,NOS2,1006,automatic_rcsb_discovery,131.946
89,党参＋葛根,党参,葛根,PTGS2,1,validated_registry,821.481
89,党参＋葛根,党参,葛根,CASP3,1002,automatic_rcsb_discovery,821.481
89,党参＋葛根,党参,葛根,PTGS1,1006,automatic_rcsb_discovery,821.481
89,党参＋葛根,党参,葛根,IL4,1003,automatic_rcsb_discovery,785.175
89,党参＋葛根,党参,葛根,PPARG,1004,automatic_rcsb_discovery,785.175
89,党参＋葛根,党参,葛根,SLC6A4,1007,automatic_rcsb_discovery,168.252
89,党参＋葛根,党参,葛根,NOS2,1005,automatic_rcsb_discovery,134.333
90,甘草＋黄芩,甘草,黄芩,PTGS2,1,validated_registry,1545.788
90,甘草＋黄芩,甘草,黄芩,IL6,1004,automatic_rcsb_discovery,1545.788
90,甘草＋黄芩,甘草,黄芩,TNF,1005,automatic_rcsb_discovery,1545.788
90,甘草＋黄芩,甘草,黄芩,TP53,1006,automatic_rcsb_discovery,1545.788
90,甘草＋黄芩,甘草,黄芩,AKT1,1007,automatic_rcsb_discovery,1545.788
90,甘草＋黄芩,甘草,黄芩,CASP3,1008,automatic_rcsb_discovery,1545.788
90,甘草＋黄芩,甘草,黄芩,MMP9,2,validated_registry,1391.415
90,甘草＋黄芩,甘草,黄芩,PLAU,3,validated_registry,1139.077
91,党参＋山药,党参,山药,PTGS2,1,validated_registry,909.675
91,党参＋山药,党参,山药,TP53,1003,automatic_rcsb_discovery,909.675
91,党参＋山药,党参,山药,AKT1,1004,automatic_rcsb_discovery,909.675
91,党参＋山药,党参,山药,RELA,1005,automatic_rcsb_discovery,909.675
91,党参＋山药,党参,山药,CDKN1A,1006,automatic_rcsb_discovery,909.675
91,党参＋山药,党参,山药,PLAU,3,validated_registry,89.022
91,党参＋山药,党参,山药,NOS2,1008,automatic_rcsb_discovery,88.209
91,党参＋山药,党参,山药,NR3C1,1007,automatic_rcsb_discovery,18.664
92,甘草＋黄芪,甘草,黄芪,PTGS2,1,validated_registry,2189.132
92,甘草＋黄芪,甘草,黄芪,MMP9,2,validated_registry,2189.132
92,甘草＋黄芪,甘草,黄芪,PLAU,3,validated_registry,2189.132
92,甘草＋黄芪,甘草,黄芪,IL6,1004,automatic_rcsb_discovery,2189.132
92,甘草＋黄芪,甘草,黄芪,IL1B,1005,automatic_rcsb_discovery,2189.132
92,甘草＋黄芪,甘草,黄芪,TNF,1006,automatic_rcsb_discovery,2189.132
92,甘草＋黄芪,甘草,黄芪,TP53,1007,automatic_rcsb_discovery,2189.132
92,甘草＋黄芪,甘草,黄芪,AKT1,1008,automatic_rcsb_discovery,2189.132
93,大枣＋山药,大枣,山药,PTGS2,1,validated_registry,1305.947
93,大枣＋山药,大枣,山药,TP53,1003,automatic_rcsb_discovery,1305.947
93,大枣＋山药,大枣,山药,AKT1,1004,automatic_rcsb_discovery,1305.947
93,大枣＋山药,大枣,山药,HIF1A,1005,automatic_rcsb_discovery,1305.947
93,大枣＋山药,大枣,山药,RELA,1006,automatic_rcsb_discovery,1305.947
93,大枣＋山药,大枣,山药,CDKN1A,1007,automatic_rcsb_discovery,1305.947
93,大枣＋山药,大枣,山药,PLAU,3,validated_registry,1139.077
93,大枣＋山药,大枣,山药,NOS2,1008,automatic_rcsb_discovery,85.822
94,石榴皮＋黄芩,石榴皮,黄芩,PTGS2,1,validated_registry,1545.788
94,石榴皮＋黄芩,石榴皮,黄芩,IL6,1004,automatic_rcsb_discovery,1545.788
94,石榴皮＋黄芩,石榴皮,黄芩,TNF,1005,automatic_rcsb_discovery,1545.788
94,石榴皮＋黄芩,石榴皮,黄芩,TP53,1006,automatic_rcsb_discovery,1545.788
94,石榴皮＋黄芩,石榴皮,黄芩,AKT1,1007,automatic_rcsb_discovery,1545.788
94,石榴皮＋黄芩,石榴皮,黄芩,CASP3,1008,automatic_rcsb_discovery,1545.788
94,石榴皮＋黄芩,石榴皮,黄芩,MMP9,2,validated_registry,1391.415
94,石榴皮＋黄芩,石榴皮,黄芩,PLAU,3,validated_registry,1139.077
95,党参＋生姜,党参,生姜,PTGS2,1,validated_registry,821.481
95,党参＋生姜,党参,生姜,CASP3,1003,automatic_rcsb_discovery,821.481
95,党参＋生姜,党参,生姜,PTGS1,1004,automatic_rcsb_discovery,821.481
95,党参＋生姜,党参,生姜,SLC6A4,1005,automatic_rcsb_discovery,168.252
95,党参＋生姜,党参,生姜,PLAU,3,validated_registry,89.022
96,党参＋砂仁,党参,砂仁,PTGS2,1,validated_registry,821.481
96,党参＋砂仁,党参,砂仁,CASP3,1003,automatic_rcsb_discovery,821.481
96,党参＋砂仁,党参,砂仁,PTGS1,1004,automatic_rcsb_discovery,821.481
96,党参＋砂仁,党参,砂仁,SLC6A4,1005,automatic_rcsb_discovery,168.252
96,党参＋砂仁,党参,砂仁,PLAU,3,validated_registry,89.022
97,党参＋肉豆蔻,党参,肉豆蔻,PTGS2,1,validated_registry,821.481
97,党参＋肉豆蔻,党参,肉豆蔻,CASP3,1002,automatic_rcsb_discovery,821.481
97,党参＋肉豆蔻,党参,肉豆蔻,PTGS1,1004,automatic_rcsb_discovery,821.481
97,党参＋肉豆蔻,党参,肉豆蔻,SLC6A4,1005,automatic_rcsb_discovery,168.252
97,党参＋肉豆蔻,党参,肉豆蔻,NOS2,1003,automatic_rcsb_discovery,92.517
98,马齿苋＋黄芩,马齿苋,黄芩,PTGS2,1,validated_registry,1545.788
98,马齿苋＋黄芩,马齿苋,黄芩,IL6,1004,automatic_rcsb_discovery,1545.788
98,马齿苋＋黄芩,马齿苋,黄芩,TNF,1005,automatic_rcsb_discovery,1545.788
98,马齿苋＋黄芩,马齿苋,黄芩,TP53,1006,automatic_rcsb_discovery,1545.788
98,马齿苋＋黄芩,马齿苋,黄芩,AKT1,1007,automatic_rcsb_discovery,1545.788
98,马齿苋＋黄芩,马齿苋,黄芩,CASP3,1008,automatic_rcsb_discovery,1545.788
98,马齿苋＋黄芩,马齿苋,黄芩,MMP9,2,validated_registry,1391.415
98,马齿苋＋黄芩,马齿苋,黄芩,PLAU,3,validated_registry,1139.077
99,大枣＋马齿苋,大枣,马齿苋,PTGS2,1,validated_registry,2189.132
99,大枣＋马齿苋,大枣,马齿苋,MMP9,2,validated_registry,2189.132
99,大枣＋马齿苋,大枣,马齿苋,PLAU,3,validated_registry,2189.132
99,大枣＋马齿苋,大枣,马齿苋,IL6,1004,automatic_rcsb_discovery,2189.132
99,大枣＋马齿苋,大枣,马齿苋,IL1B,1005,automatic_rcsb_discovery,2189.132
99,大枣＋马齿苋,大枣,马齿苋,TNF,1006,automatic_rcsb_discovery,2189.132
99,大枣＋马齿苋,大枣,马齿苋,TP53,1007,automatic_rcsb_discovery,2189.132
99,大枣＋马齿苋,大枣,马齿苋,AKT1,1008,automatic_rcsb_discovery,2189.132
101,姜黄＋莲子,姜黄,莲子,PLAU,3,validated_registry,87.095
102,莲子＋薏苡仁,莲子,薏苡仁,PLAU,3,validated_registry,87.095
103,党参＋黄芪,党参,黄芪,PTGS2,1,validated_registry,1792.86
103,党参＋黄芪,党参,黄芪,MMP9,2,validated_registry,1792.86
103,党参＋黄芪,党参,黄芪,IL6,1004,automatic_rcsb_discovery,1792.86
103,党参＋黄芪,党参,黄芪,TNF,1005,automatic_rcsb_discovery,1792.86
103,党参＋黄芪,党参,黄芪,TP53,1006,automatic_rcsb_discovery,1792.86
103,党参＋黄芪,党参,黄芪,AKT1,1007,automatic_rcsb_discovery,1792.86
103,党参＋黄芪,党参,黄芪,IL10,1008,automatic_rcsb_discovery,1792.86
103,党参＋黄芪,党参,黄芪,PLAU,3,validated_registry,1139.077
104,乌梅＋大枣,乌梅,大枣,PTGS2,1,validated_registry,2189.132
104,乌梅＋大枣,乌梅,大枣,MMP9,2,validated_registry,2189.132
104,乌梅＋大枣,乌梅,大枣,PLAU,3,validated_registry,2189.132
104,乌梅＋大枣,乌梅,大枣,IL6,1004,automatic_rcsb_discovery,2189.132
104,乌梅＋大枣,乌梅,大枣,IL1B,1005,automatic_rcsb_discovery,2189.132
104,乌梅＋大枣,乌梅,大枣,TNF,1006,automatic_rcsb_discovery,2189.132
104,乌梅＋大枣,乌梅,大枣,TP53,1007,automatic_rcsb_discovery,2189.132
104,乌梅＋大枣,乌梅,大枣,AKT1,1008,automatic_rcsb_discovery,2189.132
105,白扁豆＋黄芩,白扁豆,黄芩,PTGS2,1,validated_registry,696.679
105,白扁豆＋黄芩,白扁豆,黄芩,AKT1,1002,automatic_rcsb_discovery,696.679
105,白扁豆＋黄芩,白扁豆,黄芩,CASP3,1003,automatic_rcsb_discovery,696.679
105,白扁豆＋黄芩,白扁豆,黄芩,BCL2,1004,automatic_rcsb_discovery,696.679
105,白扁豆＋黄芩,白扁豆,黄芩,MMP1,1006,automatic_rcsb_discovery,696.679
105,白扁豆＋黄芩,白扁豆,黄芩,CASP8,1005,automatic_rcsb_discovery,477.719
105,白扁豆＋黄芩,白扁豆,黄芩,CYP1A2,1007,automatic_rcsb_discovery,411.723
106,芡实＋黄芩,芡实,黄芩,PTGS2,1,validated_registry,696.679
106,芡实＋黄芩,芡实,黄芩,AKT1,1002,automatic_rcsb_discovery,696.679
106,芡实＋黄芩,芡实,黄芩,CASP3,1003,automatic_rcsb_discovery,696.679
106,芡实＋黄芩,芡实,黄芩,BCL2,1004,automatic_rcsb_discovery,696.679
106,芡实＋黄芩,芡实,黄芩,MMP1,1006,automatic_rcsb_discovery,696.679
106,芡实＋黄芩,芡实,黄芩,CASP8,1005,automatic_rcsb_discovery,477.719
106,芡实＋黄芩,芡实,黄芩,CYP1A2,1007,automatic_rcsb_discovery,411.723
107,葛根＋黄芩,葛根,黄芩,PTGS2,1,validated_registry,574.409
107,葛根＋黄芩,葛根,黄芩,CASP3,1002,automatic_rcsb_discovery,574.409
107,葛根＋黄芩,葛根,黄芩,BCL2,1003,automatic_rcsb_discovery,574.409
107,葛根＋黄芩,葛根,黄芩,BAX,1006,automatic_rcsb_discovery,574.409
107,葛根＋黄芩,葛根,黄芩,PTGS1,1007,automatic_rcsb_discovery,574.409
107,葛根＋黄芩,葛根,黄芩,NOS2,1005,automatic_rcsb_discovery,538.103
107,葛根＋黄芩,葛根,黄芩,CASP8,1004,automatic_rcsb_discovery,355.449
107,葛根＋黄芩,葛根,黄芩,SLC6A4,1008,automatic_rcsb_discovery,246.374
108,黄芩＋黄芪,黄芩,黄芪,PTGS2,1,validated_registry,1545.788
108,黄芩＋黄芪,黄芩,黄芪,IL6,1004,automatic_rcsb_discovery,1545.788
108,黄芩＋黄芪,黄芩,黄芪,TNF,1005,automatic_rcsb_discovery,1545.788
108,黄芩＋黄芪,黄芩,黄芪,TP53,1006,automatic_rcsb_discovery,1545.788
108,黄芩＋黄芪,黄芩,黄芪,AKT1,1007,automatic_rcsb_discovery,1545.788
108,黄芩＋黄芪,黄芩,黄芪,CASP3,1008,automatic_rcsb_discovery,1545.788
108,黄芩＋黄芪,黄芩,黄芪,MMP9,2,validated_registry,1391.415
108,黄芩＋黄芪,黄芩,黄芪,PLAU,3,validated_registry,1139.077
109,大枣＋石榴皮,大枣,石榴皮,PTGS2,1,validated_registry,2189.132
109,大枣＋石榴皮,大枣,石榴皮,MMP9,2,validated_registry,2189.132
109,大枣＋石榴皮,大枣,石榴皮,PLAU,3,validated_registry,2189.132
109,大枣＋石榴皮,大枣,石榴皮,IL6,1004,automatic_rcsb_discovery,2189.132
109,大枣＋石榴皮,大枣,石榴皮,IL1B,1005,automatic_rcsb_discovery,2189.132
109,大枣＋石榴皮,大枣,石榴皮,TNF,1006,automatic_rcsb_discovery,2189.132
109,大枣＋石榴皮,大枣,石榴皮,TP53,1007,automatic_rcsb_discovery,2189.132
109,大枣＋石榴皮,大枣,石榴皮,AKT1,1008,automatic_rcsb_discovery,2189.132
110,葛根＋陈皮,葛根,陈皮,PTGS2,1,validated_registry,368.534
110,葛根＋陈皮,葛根,陈皮,CASP3,1002,automatic_rcsb_discovery,368.534
110,葛根＋陈皮,葛根,陈皮,BCL2,1003,automatic_rcsb_discovery,368.534
110,葛根＋陈皮,葛根,陈皮,PTGS1,1007,automatic_rcsb_discovery,368.534
110,葛根＋陈皮,葛根,陈皮,PPARG,1004,automatic_rcsb_discovery,332.228
110,葛根＋陈皮,葛根,陈皮,BAX,1006,automatic_rcsb_discovery,322.341
110,葛根＋陈皮,葛根,陈皮,NOS2,1005,automatic_rcsb_discovery,286.035
111,乌梅＋甘草,乌梅,甘草,PTGS2,1,validated_registry,2189.132
111,乌梅＋甘草,乌梅,甘草,MMP9,2,validated_registry,2189.132
111,乌梅＋甘草,乌梅,甘草,PLAU,3,validated_registry,2189.132
111,乌梅＋甘草,乌梅,甘草,IL6,1004,automatic_rcsb_discovery,2189.132
111,乌梅＋甘草,乌梅,甘草,IL1B,1005,automatic_rcsb_discovery,2189.132
111,乌梅＋甘草,乌梅,甘草,TNF,1006,automatic_rcsb_discovery,2189.132
111,乌梅＋甘草,乌梅,甘草,TP53,1007,automatic_rcsb_discovery,2189.132
111,乌梅＋甘草,乌梅,甘草,AKT1,1008,automatic_rcsb_discovery,2189.132
112,山药＋黄芩,山药,黄芩,PTGS2,1,validated_registry,662.603
112,山药＋黄芩,山药,黄芩,TP53,1003,automatic_rcsb_discovery,662.603
112,山药＋黄芩,山药,黄芩,AKT1,1004,automatic_rcsb_discovery,662.603
112,山药＋黄芩,山药,黄芩,RELA,1006,automatic_rcsb_discovery,662.603
112,山药＋黄芩,山药,黄芩,CDKN1A,1007,automatic_rcsb_discovery,662.603
112,山药＋黄芩,山药,黄芩,HIF1A,1005,automatic_rcsb_discovery,508.23
112,山药＋黄芩,山药,黄芩,NOS2,1008,automatic_rcsb_discovery,491.979
112,山药＋黄芩,山药,黄芩,PLAU,3,validated_registry,89.022
113,鱼腥草＋黄芩,鱼腥草,黄芩,PTGS2,1,validated_registry,1545.788
113,鱼腥草＋黄芩,鱼腥草,黄芩,IL6,1004,automatic_rcsb_discovery,1545.788
113,鱼腥草＋黄芩,鱼腥草,黄芩,TNF,1005,automatic_rcsb_discovery,1545.788
113,鱼腥草＋黄芩,鱼腥草,黄芩,TP53,1006,automatic_rcsb_discovery,1545.788
113,鱼腥草＋黄芩,鱼腥草,黄芩,AKT1,1007,automatic_rcsb_discovery,1545.788
113,鱼腥草＋黄芩,鱼腥草,黄芩,CASP3,1008,automatic_rcsb_discovery,1545.788
113,鱼腥草＋黄芩,鱼腥草,黄芩,MMP9,2,validated_registry,1391.415
113,鱼腥草＋黄芩,鱼腥草,黄芩,PLAU,3,validated_registry,1139.077
114,党参＋马齿苋,党参,马齿苋,PTGS2,1,validated_registry,1792.86
114,党参＋马齿苋,党参,马齿苋,MMP9,2,validated_registry,1792.86
114,党参＋马齿苋,党参,马齿苋,IL6,1004,automatic_rcsb_discovery,1792.86
114,党参＋马齿苋,党参,马齿苋,TNF,1005,automatic_rcsb_discovery,1792.86
114,党参＋马齿苋,党参,马齿苋,TP53,1006,automatic_rcsb_discovery,1792.86
114,党参＋马齿苋,党参,马齿苋,AKT1,1007,automatic_rcsb_discovery,1792.86
114,党参＋马齿苋,党参,马齿苋,IL10,1008,automatic_rcsb_discovery,1792.86
114,党参＋马齿苋,党参,马齿苋,PLAU,3,validated_registry,1139.077
115,乌梅＋黄芩,乌梅,黄芩,PTGS2,1,validated_registry,1545.788
115,乌梅＋黄芩,乌梅,黄芩,IL6,1004,automatic_rcsb_discovery,1545.788
115,乌梅＋黄芩,乌梅,黄芩,TNF,1005,automatic_rcsb_discovery,1545.788
115,乌梅＋黄芩,乌梅,黄芩,TP53,1006,automatic_rcsb_discovery,1545.788
115,乌梅＋黄芩,乌梅,黄芩,AKT1,1007,automatic_rcsb_discovery,1545.788
115,乌梅＋黄芩,乌梅,黄芩,CASP3,1008,automatic_rcsb_discovery,1545.788
115,乌梅＋黄芩,乌梅,黄芩,MMP9,2,validated_registry,1391.415
115,乌梅＋黄芩,乌梅,黄芩,PLAU,3,validated_registry,1139.077
116,生姜＋陈皮,生姜,陈皮,PTGS2,1,validated_registry,368.534
116,生姜＋陈皮,生姜,陈皮,CASP3,1002,automatic_rcsb_discovery,368.534
116,生姜＋陈皮,生姜,陈皮,BCL2,1003,automatic_rcsb_discovery,368.534
116,生姜＋陈皮,生姜,陈皮,PTGS1,1005,automatic_rcsb_discovery,368.534
116,生姜＋陈皮,生姜,陈皮,BAX,1004,automatic_rcsb_discovery,322.341
117,砂仁＋陈皮,砂仁,陈皮,PTGS2,1,validated_registry,368.534
117,砂仁＋陈皮,砂仁,陈皮,CASP3,1002,automatic_rcsb_discovery,368.534
117,砂仁＋陈皮,砂仁,陈皮,BCL2,1003,automatic_rcsb_discovery,368.534
117,砂仁＋陈皮,砂仁,陈皮,PTGS1,1005,automatic_rcsb_discovery,368.534
117,砂仁＋陈皮,砂仁,陈皮,BAX,1004,automatic_rcsb_discovery,322.341
118,党参＋石榴皮,党参,石榴皮,PTGS2,1,validated_registry,1792.86
118,党参＋石榴皮,党参,石榴皮,MMP9,2,validated_registry,1792.86
118,党参＋石榴皮,党参,石榴皮,IL6,1004,automatic_rcsb_discovery,1792.86
118,党参＋石榴皮,党参,石榴皮,TNF,1005,automatic_rcsb_discovery,1792.86
118,党参＋石榴皮,党参,石榴皮,TP53,1006,automatic_rcsb_discovery,1792.86
118,党参＋石榴皮,党参,石榴皮,AKT1,1007,automatic_rcsb_discovery,1792.86
118,党参＋石榴皮,党参,石榴皮,IL10,1008,automatic_rcsb_discovery,1792.86
118,党参＋石榴皮,党参,石榴皮,PLAU,3,validated_registry,1139.077
119,石榴皮＋黄芪,石榴皮,黄芪,PTGS2,1,validated_registry,2189.132
119,石榴皮＋黄芪,石榴皮,黄芪,MMP9,2,validated_registry,2189.132
119,石榴皮＋黄芪,石榴皮,黄芪,PLAU,3,validated_registry,2189.132
119,石榴皮＋黄芪,石榴皮,黄芪,IL6,1004,automatic_rcsb_discovery,2189.132
119,石榴皮＋黄芪,石榴皮,黄芪,IL1B,1005,automatic_rcsb_discovery,2189.132
119,石榴皮＋黄芪,石榴皮,黄芪,TNF,1006,automatic_rcsb_discovery,2189.132
119,石榴皮＋黄芪,石榴皮,黄芪,TP53,1007,automatic_rcsb_discovery,2189.132
119,石榴皮＋黄芪,石榴皮,黄芪,AKT1,1008,automatic_rcsb_discovery,2189.132
120,栀子＋黄芩,栀子,黄芩,PTGS2,1,validated_registry,1545.788
120,栀子＋黄芩,栀子,黄芩,IL6,1004,automatic_rcsb_discovery,1545.788
120,栀子＋黄芩,栀子,黄芩,TNF,1005,automatic_rcsb_discovery,1545.788
120,栀子＋黄芩,栀子,黄芩,TP53,1006,automatic_rcsb_discovery,1545.788
120,栀子＋黄芩,栀子,黄芩,AKT1,1007,automatic_rcsb_discovery,1545.788
120,栀子＋黄芩,栀子,黄芩,CASP3,1008,automatic_rcsb_discovery,1545.788
120,栀子＋黄芩,栀子,黄芩,MMP9,2,validated_registry,1391.415
120,栀子＋黄芩,栀子,黄芩,PLAU,3,validated_registry,1139.077
121,槐花＋黄芩,槐花,黄芩,PTGS2,1,validated_registry,1545.788
121,槐花＋黄芩,槐花,黄芩,IL6,1004,automatic_rcsb_discovery,1545.788
121,槐花＋黄芩,槐花,黄芩,TNF,1005,automatic_rcsb_discovery,1545.788
121,槐花＋黄芩,槐花,黄芩,TP53,1006,automatic_rcsb_discovery,1545.788
121,槐花＋黄芩,槐花,黄芩,AKT1,1007,automatic_rcsb_discovery,1545.788
121,槐花＋黄芩,槐花,黄芩,CASP3,1008,automatic_rcsb_discovery,1545.788
121,槐花＋黄芩,槐花,黄芩,MMP9,2,validated_registry,1391.415
121,槐花＋黄芩,槐花,黄芩,PLAU,3,validated_registry,1139.077
122,姜黄＋白扁豆,姜黄,白扁豆,PTGS2,1,validated_registry,289.968
123,姜黄＋芡实,姜黄,芡实,PTGS2,1,validated_registry,289.968
124,白扁豆＋薏苡仁,白扁豆,薏苡仁,PTGS2,1,validated_registry,289.968
125,芡实＋薏苡仁,芡实,薏苡仁,PTGS2,1,validated_registry,289.968
126,大枣＋黄芩,大枣,黄芩,PTGS2,1,validated_registry,1545.788
126,大枣＋黄芩,大枣,黄芩,IL6,1004,automatic_rcsb_discovery,1545.788
126,大枣＋黄芩,大枣,黄芩,TNF,1005,automatic_rcsb_discovery,1545.788
126,大枣＋黄芩,大枣,黄芩,TP53,1006,automatic_rcsb_discovery,1545.788
126,大枣＋黄芩,大枣,黄芩,AKT1,1007,automatic_rcsb_discovery,1545.788
126,大枣＋黄芩,大枣,黄芩,CASP3,1008,automatic_rcsb_discovery,1545.788
126,大枣＋黄芩,大枣,黄芩,MMP9,2,validated_registry,1391.415
126,大枣＋黄芩,大枣,黄芩,PLAU,3,validated_registry,1139.077
127,肉豆蔻＋陈皮,肉豆蔻,陈皮,PTGS2,1,validated_registry,368.534
127,肉豆蔻＋陈皮,肉豆蔻,陈皮,CASP3,1002,automatic_rcsb_discovery,368.534
127,肉豆蔻＋陈皮,肉豆蔻,陈皮,BCL2,1003,automatic_rcsb_discovery,368.534
127,肉豆蔻＋陈皮,肉豆蔻,陈皮,PTGS1,1006,automatic_rcsb_discovery,368.534
127,肉豆蔻＋陈皮,肉豆蔻,陈皮,BAX,1005,automatic_rcsb_discovery,322.341
127,肉豆蔻＋陈皮,肉豆蔻,陈皮,NOS2,1004,automatic_rcsb_discovery,244.219
128,乌梅＋黄芪,乌梅,黄芪,PTGS2,1,validated_registry,2189.132
128,乌梅＋黄芪,乌梅,黄芪,MMP9,2,validated_registry,2189.132
128,乌梅＋黄芪,乌梅,黄芪,PLAU,3,validated_registry,2189.132
128,乌梅＋黄芪,乌梅,黄芪,IL6,1004,automatic_rcsb_discovery,2189.132
128,乌梅＋黄芪,乌梅,黄芪,IL1B,1005,automatic_rcsb_discovery,2189.132
128,乌梅＋黄芪,乌梅,黄芪,TNF,1006,automatic_rcsb_discovery,2189.132
128,乌梅＋黄芪,乌梅,黄芪,TP53,1007,automatic_rcsb_discovery,2189.132
128,乌梅＋黄芪,乌梅,黄芪,AKT1,1008,automatic_rcsb_discovery,2189.132
129,大枣＋黄芪,大枣,黄芪,PTGS2,1,validated_registry,2189.132
129,大枣＋黄芪,大枣,黄芪,MMP9,2,validated_registry,2189.132
129,大枣＋黄芪,大枣,黄芪,PLAU,3,validated_registry,2189.132
129,大枣＋黄芪,大枣,黄芪,IL6,1004,automatic_rcsb_discovery,2189.132
129,大枣＋黄芪,大枣,黄芪,IL1B,1005,automatic_rcsb_discovery,2189.132
129,大枣＋黄芪,大枣,黄芪,TNF,1006,automatic_rcsb_discovery,2189.132
129,大枣＋黄芪,大枣,黄芪,TP53,1007,automatic_rcsb_discovery,2189.132
129,大枣＋黄芪,大枣,黄芪,AKT1,1008,automatic_rcsb_discovery,2189.132
130,生姜＋肉豆蔻,生姜,肉豆蔻,PTGS2,1,validated_registry,246.374
130,生姜＋肉豆蔻,生姜,肉豆蔻,CASP3,1002,automatic_rcsb_discovery,246.374
130,生姜＋肉豆蔻,生姜,肉豆蔻,BCL2,1003,automatic_rcsb_discovery,246.374
130,生姜＋肉豆蔻,生姜,肉豆蔻,CASP8,1004,automatic_rcsb_discovery,246.374
130,生姜＋肉豆蔻,生姜,肉豆蔻,BAX,1005,automatic_rcsb_discovery,246.374
130,生姜＋肉豆蔻,生姜,肉豆蔻,PTGS1,1006,automatic_rcsb_discovery,246.374
130,生姜＋肉豆蔻,生姜,肉豆蔻,SLC6A4,1007,automatic_rcsb_discovery,246.374
131,砂仁＋肉豆蔻,砂仁,肉豆蔻,PTGS2,1,validated_registry,246.374
131,砂仁＋肉豆蔻,砂仁,肉豆蔻,CASP3,1002,automatic_rcsb_discovery,246.374
131,砂仁＋肉豆蔻,砂仁,肉豆蔻,BCL2,1003,automatic_rcsb_discovery,246.374
131,砂仁＋肉豆蔻,砂仁,肉豆蔻,CASP8,1004,automatic_rcsb_discovery,246.374
131,砂仁＋肉豆蔻,砂仁,肉豆蔻,BAX,1005,automatic_rcsb_discovery,246.374
131,砂仁＋肉豆蔻,砂仁,肉豆蔻,PTGS1,1006,automatic_rcsb_discovery,246.374
131,砂仁＋肉豆蔻,砂仁,肉豆蔻,SLC6A4,1007,automatic_rcsb_discovery,246.374
132,生姜＋鱼腥草,生姜,鱼腥草,PTGS2,1,validated_registry,1217.753
132,生姜＋鱼腥草,生姜,鱼腥草,CASP3,1003,automatic_rcsb_discovery,1217.753
132,生姜＋鱼腥草,生姜,鱼腥草,BCL2,1004,automatic_rcsb_discovery,1217.753
132,生姜＋鱼腥草,生姜,鱼腥草,CASP8,1005,automatic_rcsb_discovery,1217.753
132,生姜＋鱼腥草,生姜,鱼腥草,BAX,1006,automatic_rcsb_discovery,1217.753
132,生姜＋鱼腥草,生姜,鱼腥草,PTGS1,1007,automatic_rcsb_discovery,1217.753
132,生姜＋鱼腥草,生姜,鱼腥草,PLAU,3,validated_registry,1139.077
133,砂仁＋鱼腥草,砂仁,鱼腥草,PTGS2,1,validated_registry,1217.753
133,砂仁＋鱼腥草,砂仁,鱼腥草,CASP3,1003,automatic_rcsb_discovery,1217.753
133,砂仁＋鱼腥草,砂仁,鱼腥草,BCL2,1004,automatic_rcsb_discovery,1217.753
133,砂仁＋鱼腥草,砂仁,鱼腥草,CASP8,1005,automatic_rcsb_discovery,1217.753
133,砂仁＋鱼腥草,砂仁,鱼腥草,BAX,1006,automatic_rcsb_discovery,1217.753
133,砂仁＋鱼腥草,砂仁,鱼腥草,PTGS1,1007,automatic_rcsb_discovery,1217.753
133,砂仁＋鱼腥草,砂仁,鱼腥草,PLAU,3,validated_registry,1139.077
134,肉豆蔻＋鱼腥草,肉豆蔻,鱼腥草,PTGS2,1,validated_registry,1217.753
134,肉豆蔻＋鱼腥草,肉豆蔻,鱼腥草,CASP3,1002,automatic_rcsb_discovery,1217.753
134,肉豆蔻＋鱼腥草,肉豆蔻,鱼腥草,BCL2,1003,automatic_rcsb_discovery,1217.753
134,肉豆蔻＋鱼腥草,肉豆蔻,鱼腥草,CASP8,1004,automatic_rcsb_discovery,1217.753
134,肉豆蔻＋鱼腥草,肉豆蔻,鱼腥草,BAX,1006,automatic_rcsb_discovery,1217.753
134,肉豆蔻＋鱼腥草,肉豆蔻,鱼腥草,PTGS1,1007,automatic_rcsb_discovery,1217.753
134,肉豆蔻＋鱼腥草,肉豆蔻,鱼腥草,NOS2,1005,automatic_rcsb_discovery,443.363
135,姜黄＋蒲公英,姜黄,蒲公英,PTGS2,1,validated_registry,548.695
135,姜黄＋蒲公英,姜黄,蒲公英,PTGS1,1002,automatic_rcsb_discovery,271.059
136,蒲公英＋薏苡仁,蒲公英,薏苡仁,PTGS2,1,validated_registry,548.695
136,蒲公英＋薏苡仁,蒲公英,薏苡仁,PTGS1,1002,automatic_rcsb_discovery,271.059
137,乌梅＋马齿苋,乌梅,马齿苋,PTGS2,1,validated_registry,2189.132
137,乌梅＋马齿苋,乌梅,马齿苋,MMP9,2,validated_registry,2189.132
137,乌梅＋马齿苋,乌梅,马齿苋,PLAU,3,validated_registry,2189.132
137,乌梅＋马齿苋,乌梅,马齿苋,IL6,1004,automatic_rcsb_discovery,2189.132
137,乌梅＋马齿苋,乌梅,马齿苋,IL1B,1005,automatic_rcsb_discovery,2189.132
137,乌梅＋马齿苋,乌梅,马齿苋,TNF,1006,automatic_rcsb_discovery,2189.132
137,乌梅＋马齿苋,乌梅,马齿苋,TP53,1007,automatic_rcsb_discovery,2189.132
137,乌梅＋马齿苋,乌梅,马齿苋,AKT1,1008,automatic_rcsb_discovery,2189.132
138,生姜＋蒲公英,生姜,蒲公英,PTGS2,1,validated_registry,627.371
138,生姜＋蒲公英,生姜,蒲公英,CASP3,1002,automatic_rcsb_discovery,627.371
138,生姜＋蒲公英,生姜,蒲公英,BCL2,1003,automatic_rcsb_discovery,627.371
138,生姜＋蒲公英,生姜,蒲公英,BAX,1005,automatic_rcsb_discovery,627.371
138,生姜＋蒲公英,生姜,蒲公英,CASP8,1004,automatic_rcsb_discovery,349.735
138,生姜＋蒲公英,生姜,蒲公英,PTGS1,1006,automatic_rcsb_discovery,349.735
138,生姜＋蒲公英,生姜,蒲公英,SLC6A4,1007,automatic_rcsb_discovery,349.735
139,砂仁＋蒲公英,砂仁,蒲公英,PTGS2,1,validated_registry,627.371
139,砂仁＋蒲公英,砂仁,蒲公英,CASP3,1002,automatic_rcsb_discovery,627.371
139,砂仁＋蒲公英,砂仁,蒲公英,BCL2,1003,automatic_rcsb_discovery,627.371
139,砂仁＋蒲公英,砂仁,蒲公英,BAX,1005,automatic_rcsb_discovery,627.371
139,砂仁＋蒲公英,砂仁,蒲公英,CASP8,1004,automatic_rcsb_discovery,349.735
139,砂仁＋蒲公英,砂仁,蒲公英,PTGS1,1006,automatic_rcsb_discovery,349.735
139,砂仁＋蒲公英,砂仁,蒲公英,SLC6A4,1007,automatic_rcsb_discovery,349.735
140,乌梅＋石榴皮,乌梅,石榴皮,PTGS2,1,validated_registry,2189.132
140,乌梅＋石榴皮,乌梅,石榴皮,MMP9,2,validated_registry,2189.132
140,乌梅＋石榴皮,乌梅,石榴皮,PLAU,3,validated_registry,2189.132
140,乌梅＋石榴皮,乌梅,石榴皮,IL6,1004,automatic_rcsb_discovery,2189.132
140,乌梅＋石榴皮,乌梅,石榴皮,IL1B,1005,automatic_rcsb_discovery,2189.132
140,乌梅＋石榴皮,乌梅,石榴皮,TNF,1006,automatic_rcsb_discovery,2189.132
140,乌梅＋石榴皮,乌梅,石榴皮,TP53,1007,automatic_rcsb_discovery,2189.132
140,乌梅＋石榴皮,乌梅,石榴皮,AKT1,1008,automatic_rcsb_discovery,2189.132
141,大枣＋栀子,大枣,栀子,PTGS2,1,validated_registry,2189.132
141,大枣＋栀子,大枣,栀子,MMP9,2,validated_registry,2189.132
141,大枣＋栀子,大枣,栀子,PLAU,3,validated_registry,2189.132
141,大枣＋栀子,大枣,栀子,IL6,1004,automatic_rcsb_discovery,2189.132
141,大枣＋栀子,大枣,栀子,IL1B,1005,automatic_rcsb_discovery,2189.132
141,大枣＋栀子,大枣,栀子,TNF,1006,automatic_rcsb_discovery,2189.132
141,大枣＋栀子,大枣,栀子,TP53,1007,automatic_rcsb_discovery,2189.132
141,大枣＋栀子,大枣,栀子,AKT1,1008,automatic_rcsb_discovery,2189.132
142,大枣＋槐花,大枣,槐花,PTGS2,1,validated_registry,2189.132
142,大枣＋槐花,大枣,槐花,MMP9,2,validated_registry,2189.132
142,大枣＋槐花,大枣,槐花,PLAU,3,validated_registry,2189.132
142,大枣＋槐花,大枣,槐花,IL6,1004,automatic_rcsb_discovery,2189.132
142,大枣＋槐花,大枣,槐花,IL1B,1005,automatic_rcsb_discovery,2189.132
142,大枣＋槐花,大枣,槐花,TNF,1006,automatic_rcsb_discovery,2189.132
142,大枣＋槐花,大枣,槐花,TP53,1007,automatic_rcsb_discovery,2189.132
142,大枣＋槐花,大枣,槐花,AKT1,1008,automatic_rcsb_discovery,2189.132
143,白扁豆＋茯苓,白扁豆,茯苓,PTGS2,1,validated_registry,281.501
144,芡实＋茯苓,芡实,茯苓,PTGS2,1,validated_registry,281.501
145,姜黄＋陈皮,姜黄,陈皮,PTGS2,1,validated_registry,289.858
145,姜黄＋陈皮,姜黄,陈皮,PTGS1,1002,automatic_rcsb_discovery,289.858
146,薏苡仁＋陈皮,薏苡仁,陈皮,PTGS2,1,validated_registry,289.858
146,薏苡仁＋陈皮,薏苡仁,陈皮,PTGS1,1002,automatic_rcsb_discovery,289.858
147,姜黄＋肉豆蔻,姜黄,肉豆蔻,PTGS2,1,validated_registry,167.698
147,姜黄＋肉豆蔻,姜黄,肉豆蔻,PTGS1,1002,automatic_rcsb_discovery,167.698
148,肉豆蔻＋薏苡仁,肉豆蔻,薏苡仁,PTGS2,1,validated_registry,167.698
148,肉豆蔻＋薏苡仁,肉豆蔻,薏苡仁,PTGS1,1002,automatic_rcsb_discovery,167.698
149,姜黄＋葛根,姜黄,葛根,PTGS2,1,validated_registry,167.698
149,姜黄＋葛根,姜黄,葛根,PTGS1,1002,automatic_rcsb_discovery,167.698
150,葛根＋薏苡仁,葛根,薏苡仁,PTGS2,1,validated_registry,167.698
150,葛根＋薏苡仁,葛根,薏苡仁,PTGS1,1002,automatic_rcsb_discovery,167.698
151,大枣＋鱼腥草,大枣,鱼腥草,PTGS2,1,validated_registry,2189.132
151,大枣＋鱼腥草,大枣,鱼腥草,MMP9,2,validated_registry,2189.132
151,大枣＋鱼腥草,大枣,鱼腥草,PLAU,3,validated_registry,2189.132
151,大枣＋鱼腥草,大枣,鱼腥草,IL6,1004,automatic_rcsb_discovery,2189.132
151,大枣＋鱼腥草,大枣,鱼腥草,IL1B,1005,automatic_rcsb_discovery,2189.132
151,大枣＋鱼腥草,大枣,鱼腥草,TNF,1006,automatic_rcsb_discovery,2189.132
151,大枣＋鱼腥草,大枣,鱼腥草,TP53,1007,automatic_rcsb_discovery,2189.132
151,大枣＋鱼腥草,大枣,鱼腥草,AKT1,1008,automatic_rcsb_discovery,2189.132
152,生姜＋葛根,生姜,葛根,PTGS2,1,validated_registry,246.374
152,生姜＋葛根,生姜,葛根,CASP3,1002,automatic_rcsb_discovery,246.374
152,生姜＋葛根,生姜,葛根,BCL2,1003,automatic_rcsb_discovery,246.374
152,生姜＋葛根,生姜,葛根,CASP8,1004,automatic_rcsb_discovery,246.374
152,生姜＋葛根,生姜,葛根,BAX,1005,automatic_rcsb_discovery,246.374
152,生姜＋葛根,生姜,葛根,PTGS1,1006,automatic_rcsb_discovery,246.374
152,生姜＋葛根,生姜,葛根,SLC6A4,1007,automatic_rcsb_discovery,246.374
153,砂仁＋葛根,砂仁,葛根,PTGS2,1,validated_registry,246.374
153,砂仁＋葛根,砂仁,葛根,CASP3,1002,automatic_rcsb_discovery,246.374
153,砂仁＋葛根,砂仁,葛根,BCL2,1003,automatic_rcsb_discovery,246.374
153,砂仁＋葛根,砂仁,葛根,CASP8,1004,automatic_rcsb_discovery,246.374
153,砂仁＋葛根,砂仁,葛根,BAX,1005,automatic_rcsb_discovery,246.374
153,砂仁＋葛根,砂仁,葛根,PTGS1,1006,automatic_rcsb_discovery,246.374
153,砂仁＋葛根,砂仁,葛根,SLC6A4,1007,automatic_rcsb_discovery,246.374
